사업장명,키워드타입,최종_키워드,tfidf_score,sentiment,count,global_count
더벤티 서울대점,MENU,샌드위치_가격대비 괜찮다,6.2575,긍정,,
카페마실,MENU,마카롱_가성비 있다,6.2575,긍정,,
또리커피 관악점,MENU,아이스아메리카노_양이 많다,6.2575,긍정,,
컴포즈커피 신림신화교점,MENU,망고케이크_맛있다,5.1589,긍정,,
엣홈,MENU,휘낭시에_맛있다,3.5494,긍정,,
별별카롱,MENU,마카롱_맛있다,3.5156,긍정,,
아마스빈버블티,MENU,버블티_맛있다,3.4393,긍정,,
빵장수단팥빵cafe 신림점,MENU,단팥빵_맛있다,3.38,긍정,,
반지만들기 카페,MENU,샌드위치_맛있다,3.213,긍정,,
카페뉴욕 신림점,MENU,페퍼로니계란빵_맛있다,3.1287,긍정,,
Label Board Cafe(레이블 보드게임 카페),MENU,햄치즈샌드위치_맛있다,3.1287,긍정,,
Label Board Cafe(레이블 보드게임 카페),MENU,에그스크램블_맛있다,3.1287,긍정,,
인더숲,MENU,대추차_맛있다,3.1287,긍정,,
Mono Hertz(모노헤르쯔),MENU,베이글_맛있다,2.6439,긍정,,
그릭하다,MENU,그릭요거트_맛있다,2.6272,긍정,,
카페뉴욕 신림점,MENU,붕어빵_맛있다,2.5794,긍정,,
스타벅스 신림녹두거리점,MENU,아이스아메리카노_좋다,2.5794,긍정,,
맨날커피,MENU,딸기요거트스무디_맛있다,2.5794,긍정,,
1.5도씨,MENU,쿠키_맛있다,2.4848,긍정,,
사과당 서울대점,MENU,애플파이_맛있다,2.4839,긍정,,
모꼬지,MENU,크렘브륄레_맛있다,2.4356,긍정,,
더벤티 신림점,MENU,아메리카노_맛있다,2.3257,긍정,,
cafe 66(카페 66),MENU,녹차라떼_맛있다,2.324,긍정,,
카페 플롬,MENU,카다멈번_맛있다,2.2348,긍정,,
카페오아시아,MENU,라떼_맛있다,2.18,긍정,,
카페 188,MENU,크로플_맛있다,2.142,긍정,,
로플봉봉,MENU,크로플_맛있다,2.142,긍정,,
킷사텐 신림점,MENU,푸딩_맛있다,2.1105,긍정,,
포레스트 하우스,MENU,아메리카노_진하게 내려져서 좋다,2.0858,긍정,,
포레스트 하우스,MENU,치즈케이크_무조건 추천하다,2.0858,긍정,,
마마메이드,MENU,죠리퐁쉐이크_맛있다,2.0858,긍정,,
코아르(coar),MENU,크루키_맛있다,2.0858,긍정,,
커피마마,MENU,카라멜라떼_달달하다,2.0858,긍정,,
카페느티나무 동원관점,MENU,샌드위치_채소가 신선하다,2.0858,긍정,,
커피당,MENU,샌드위치_존맛,2.0858,긍정,,
커피브라운,MENU,라떼_좋다,2.0858,긍정,,
킹덤보드게임카페 신림점,MENU,돼지바빙수_맛있다,2.0858,긍정,,
킹덤보드게임카페 신림점,MENU,킹덤빙수_먹고 싶다,2.0858,긍정,,
커피브라운,MENU,브라운라떼_맛있다,2.0858,긍정,,
독특하개,MENU,녹차라떼_최고,2.0858,긍정,,
독특하개,MENU,캐모마일티_존맛이다,2.0858,긍정,,
독특하개,MENU,프라페_존맛탱이다,2.0858,긍정,,
커피브라운,MENU,오곡쉐이크_멋있다,2.0858,긍정,,
과일담은 요거트 맛집 yomat,MENU,요거트아이스크림_맛있다,1.9555,긍정,,
김빙수,MENU,밀크티_맛있다,1.8863,긍정,,
커피마마,MENU,바닐라라떼_달달하다,1.8548,긍정,,
컴포즈커피,MENU,와플_맛있다,1.8537,긍정,,
밀크커피,MENU,와플_맛있다,1.8537,긍정,,
카페봉봉,MENU,크로플_맛있다,1.836,긍정,,
mug 공대,MENU,아이스아메리카노_맛있다,1.8092,긍정,,
서울버터샌드,MENU,주악_맛있다,1.7777,긍정,,
Coffee Planet(커피 플래닛),MENU,에그타르트_맛있다,1.7764,긍정,,
백억커피,MENU,팝콘_맛있다,1.7367,긍정,,
백억커피 구로점,MENU,팝콘_맛있다,1.7367,긍정,,
마마메이드,MENU,콜드브루라떼_맛있다,1.7196,긍정,,
컴포즈커피 신림녹두점,MENU,아이스아메리카노_좋다,1.7196,긍정,,
컴포즈커피 신림녹두점,MENU,망고스무디_맛있다,1.7196,긍정,,
카페 188,MENU,딸기스무디_맛있다,1.7196,긍정,,
블렌더스(BLENDERS),MENU,미트파이_맛있다,1.7121,긍정,,
Lee 집 coffee,MENU,치즈케이크_맛있다,1.6924,긍정,,
우체국 옆 빵집,MENU,소금빵_맛있다,1.6314,긍정,,
음매점 신림점,MENU,딸기라떼_맛있다,1.6309,긍정,,
사과당 서울대점,MENU,파이_맛있다,1.6241,긍정,,
mug 공대,MENU,샌드위치_맛있다,1.6065,긍정,,
모꼬지,MENU,샌드위치_맛있다,1.6065,긍정,,
투썸플레이스 신림로점,MENU,케이크_맛있다,1.6044,긍정,,
컴포즈커피 서울대신양학술정보관3점,MENU,곡물라떼_맛있다,1.5898,긍정,,
엄마 커피,MENU,마카롱_쫀쫀하고 맛있다,1.5644,긍정,,
더 런드렛,MENU,아메리카노_풍미가 좋다,1.5644,긍정,,
오스커피하우스,MENU,라떼_고소하다,1.5644,긍정,,
맨날커피,MENU,에그샌드위치_담백하다,1.5644,긍정,,
감성커피(신림우림시장점),MENU,땅콩과자_맛있다,1.5644,긍정,,
카페느티나무 음대점,MENU,계란후라이_좋다,1.5644,긍정,,
감성커피(신림우림시장점),MENU,땅콩빵_맛있다,1.5644,긍정,,
카페 아이엔지 서울대자연과학대학점,MENU,망고요거트스무디_맛있다,1.5644,긍정,,
감성커피(신림우림시장점),MENU,초콜릿땅콩과자_맛있다,1.5644,긍정,,
커피퍼센트&대단한 요거트 신림점,MENU,딸기망고요거트아이스크림_가격에 비해 나쁘지 않다,1.5644,긍정,,
커피퍼센트&대단한 요거트 신림점,MENU,요거트아이스크림_9000원에 혼자 먹기 딱 좋다,1.5644,긍정,,
더 런드렛,MENU,두바이초콜릿_맛있다,1.5644,긍정,,
커피퍼센트&대단한 요거트 신림점,MENU,쿠키_원탑이다,1.5644,긍정,,
커피퍼센트&대단한 요거트 신림점,MENU,생과일주스_미친집이다,1.5644,긍정,,
데니스커피 신림점,MENU,토마토주스_많이 달지 않다,1.5644,긍정,,
데니스커피 신림점,MENU,수박주스_강추,1.5644,긍정,,
더 런드렛,MENU,우롱티_맛있다,1.5644,긍정,,
엄마 커피,MENU,요거트스무디_달달하다,1.5644,긍정,,
스타벅스 신림녹두거리점,MENU,카페브륄레라떼_달달하니 맛있다,1.5644,긍정,,
스타벅스 신림녹두거리점,MENU,케이크_맛나다,1.5644,긍정,,
더 런드렛,MENU,쑥떡와플_맛있다,1.5644,긍정,,
소소한행복,MENU,라떼_부드럽고 맛있다,1.5644,긍정,,
소소한행복,MENU,수박주스_맛나다,1.5644,긍정,,
소소한행복,MENU,새우소바_괜찮다,1.5644,긍정,,
소소한행복,MENU,새우튀김_바삭바삭하다,1.5644,긍정,,
카페 아이엔지 서울대자연과학대학점,MENU,바베큐치킨도그_맛있다,1.5644,긍정,,
카페느티나무 음대점,MENU,슈크림카스테라_맛있다,1.5644,긍정,,
음매점 신림점,MENU,와플_맛있다,1.561,긍정,,
구동커피,MENU,샐러드_맛있다,1.5494,긍정,,
빽다방 신림대학점,MENU,딸기빽스치노_맛있다,1.5457,긍정,,
크로플집,MENU,크로플_맛있다,1.5219,긍정,,
데이즈 라이크 디스,MENU,에스프레소_맛있다,1.4886,긍정,,
포레스트 하우스,MENU,초코라떼_맛있다,1.4886,긍정,,
카페느티나무 동원관점,MENU,에스프레소_맛있다,1.4886,긍정,,
과일담은 요거트 맛집 yomat,MENU,그릭요거트_맛있다,1.4525,긍정,,
매머드익스프레스 신림역점,MENU,꿀라떼_맛있다,1.444,긍정,,
텐퍼센트커피 신림역점,MENU,텐라떼_맛있다,1.444,긍정,,
데니스커피 남강점,MENU,팥빙수_맛있다,1.4372,긍정,,
attendo(아텐도),MENU,케이크_맛있다,1.4325,긍정,,
데니스커피 신림점,MENU,쌍화차_맛있다,1.3911,긍정,,
데니스커피 신림점,MENU,청포도에이드_맛있다,1.3911,긍정,,
백억커피 신림점,MENU,카라멜마키아토_맛있다,1.3911,긍정,,
카페느티나무 음대점,MENU,요거트스무디_맛있다,1.3911,긍정,,
카페느티나무 음대점,MENU,그릴드치킨샌드위치_맛있다,1.3911,긍정,,
카페 아이엔지 서울대자연과학대학점,MENU,디카페인콜드브루_맛있다,1.3911,긍정,,
어반커피,MENU,푸딩크림라떼_맛있다,1.3906,긍정,,
쉬즈베이글,MENU,토스트_맛있다,1.3845,긍정,,
빽다방 신림역2호점,MENU,딸기빽스치노_맛있다,1.3572,긍정,,
커피당,MENU,자몽에이드_맛있다,1.3534,긍정,,
투썸플레이스 신림녹두거리점,MENU,케이크_맛있다,1.337,긍정,,
카페여기,MENU,밀크티_맛있다,1.3315,긍정,,
킷사텐 신림점,MENU,크렘브륄레_맛있다,1.3285,긍정,,
킹덤보드게임카페 신림점,MENU,빙수_맛있다,1.3183,긍정,,
301h(301에이치),MENU,프렌치토스트_맛있다,1.3179,긍정,,
앙니드 베이커리카페,MENU,식빵_맛있다,1.299,긍정,,
토마 화실,MENU,아메리카노_맛이 좋다,1.2897,긍정,,
FOAM & normal (폼앤노말),MENU,바나나푸딩_맛있다,1.2897,긍정,,
블러 커피,MENU,아이스크림라떼_맛있다,1.2897,긍정,,
엄마 커피,MENU,붕어빵_맛있다,1.2897,긍정,,
백억커피(서원역점),MENU,팝콘_맛있다,1.2759,긍정,,
썰카페,MENU,아인슈페너_제일 맛있다,1.2515,긍정,,
하삼동커피 신림난곡점,MENU,마늘빵_꿀맛,1.2515,긍정,,
하삼동커피 신림난곡점,MENU,콜드브루_왕 맛있다,1.2515,긍정,,
디저트39 신림역점,MENU,도쿄롤_맛있다,1.2515,긍정,,
카페느티나무도서관점,MENU,쿠키_달달하다,1.2515,긍정,,
썰카페,MENU,스콘_너무 맛있다,1.2515,긍정,,
하삼동커피 신림난곡점,MENU,구름라떼_좋다,1.2515,긍정,,
딜 카페,MENU,레몬티_맛있다,1.2515,긍정,,
썰카페,MENU,헤이즐넛라떼_좋다,1.2515,긍정,,
썰카페,MENU,콜드브루_가성비가 좋다,1.2515,긍정,,
썰카페,MENU,크로플_냄새가 맛있다,1.2515,긍정,,
매머드 익스프레스 신림대학점,MENU,콜드브루연유라떼_맛있다,1.2515,긍정,,
딜 카페,MENU,김치볶음밥_맛있다,1.2515,긍정,,
카페느티나무도서관점,MENU,핫초코_맛있다,1.2515,긍정,,
카페게이트 관악신사로점,MENU,연남라떼_맛있다,1.2515,긍정,,
카페게이트 관악신사로점,MENU,동교라떼_맛있다,1.2515,긍정,,
카페게이트 관악신사로점,MENU,아메리카노_저렴하고 무난무난하다,1.2515,긍정,,
G-CAFE,MENU,브라우니_달달하다,1.2515,긍정,,
디저트39 신림역점,MENU,크로칸슈_맛있다,1.2515,긍정,,
비행커피,MENU,와플_맛있다,1.2488,긍정,,
컴포즈커피 신림녹두점,MENU,치즈케이크_맛있다,1.2308,긍정,,
세상의 모든 디저트,MENU,수박주스_맛있다,1.1789,긍정,,
토마 화실,MENU,녹차라떼_맛있다,1.162,긍정,,
국민우유집 신림점,MENU,수박주스_맛있다,1.1608,긍정,,
데이즈 라이크 디스,MENU,파이_맛있다,1.1464,긍정,,
POPO archive(포포 아카이브),MENU,스콘_맛있다,1.1395,긍정,,
서울버터샌드,MENU,버터샌드_맛있다,1.1377,긍정,,
플레이온 보드게임카페,MENU,라면_맛있다,1.1377,긍정,,
그리니,MENU,샌드위치_맛있다,1.134,긍정,,
홍카페 HONG CAFE,MENU,스콘_맛있다,1.1249,긍정,,
백억커피 신림점,MENU,팝콘_맛있다,1.1164,긍정,,
카페느티나무도서관점,MENU,연유라떼_맛있다,1.1129,긍정,,
카페게이트 관악신사로점,MENU,레몬에이드_상큼하다,1.1129,긍정,,
도로시쿠케 Dorothycookae,MENU,미트파이_맛있다,1.1129,긍정,,
하삼동커피 신림난곡점,MENU,아메리카노_저렴하다,1.1129,긍정,,
서울버터샌드,MENU,버터바_맛있다,1.1071,긍정,,
투달러커피 난곡사거리점,MENU,와플_맛있다,1.0927,긍정,,
cafe 66(카페 66),MENU,라떼_맛있다,1.09,긍정,,
김빙수,MENU,라떼_맛있다,1.09,긍정,,
시티스트릿츠,MENU,라떼_맛있다,1.09,긍정,,
카페레이브,MENU,케이크_맛있다,1.0782,긍정,,
이디야커피(신림패션문화점),MENU,수박주스_맛있다,1.0779,긍정,,
인더숲,MENU,팥빙수_맛있다,1.0779,긍정,,
어반커피,MENU,크로플_맛있다,1.071,긍정,,
더리터 신림중앙점,MENU,크로플_맛있다,1.071,긍정,,
세미온,MENU,케이크_맛있다,1.0696,긍정,,
OJE COFFEE(오제커피),MENU,아인슈페너_맛있다,1.0546,긍정,,
프롬 카페(from. cafe),MENU,케이크_맛있다,1.0534,긍정,,
데니스커피 남강점,MENU,샐러드_고퀄리티다,1.0429,긍정,,
진서의 정원,MENU,땅콩크림라떼_맛있다,1.0429,긍정,,
진서의 정원,MENU,옥수수크림라떼_맛있다,1.0429,긍정,,
데니스커피 남강점,MENU,라떼_맛이 예술이다,1.0429,긍정,,
시그니처커피2호점,MENU,녹차젤라토_녹차향이 강하다,1.0429,긍정,,
데니스커피 남강점,MENU,아메리카노_진하지 않다,1.0429,긍정,,
시그니처커피2호점,MENU,과일주스_맛있다,1.0429,긍정,,
마마메이드,MENU,카페라떼_당 충전 된다,1.0429,긍정,,
시그니처커피2호점,MENU,아이스아메리카노_쓴맛이 좋다,1.0429,긍정,,
벨라벨로카페(Bella-Bello cafe),MENU,빙수_진하고 맛있다,1.0429,긍정,,
벨라벨로카페(Bella-Bello cafe),MENU,라떼_추천한다,1.0429,긍정,,
시그니처커피2호점,MENU,베이글칩_맛있다,1.0429,긍정,,
카페느티나무 동원관점,MENU,와플_맛있다,1.0407,긍정,,
카페느티나무도서관점,MENU,샌드위치_좋다,1.0318,긍정,,
애담커피,MENU,고구마라떼_맛있다,1.0255,긍정,,
노와드코코 베이커리,MENU,치즈깜파뉴_맛있다,1.0216,긍정,,
냥빵,MENU,휘낭시에_맛있다,1.0141,긍정,,
더리터신림점,MENU,자색고구마라떼_맛있다,1.0117,긍정,,
소재지,MENU,치즈케이크_맛있다,1.0071,긍정,,
읍천리382 신림점,MENU,샌드위치_맛있다,1.0041,긍정,,
블러 커피,MENU,푸딩_맛있다,1.0031,긍정,,
궁전다방,MENU,치즈케이크_맛있다,0.9941,긍정,,
인더숲,MENU,빙수_맛있다,0.9887,긍정,,
low position(로우 포지션),MENU,아포가토_맛있다,0.9826,긍정,,
네이밍카페커피GO!#1,MENU,딸기라떼_맛있다,0.9785,긍정,,
디저트문,MENU,케이크_맛있다,0.9762,긍정,,
굽다방,MENU,휘낭시에_맛있다,0.9761,긍정,,
카페게이트 관악신사로점,MENU,자몽티_맛있다,0.9742,긍정,,
커피 브륄레,MENU,티라미수_맛있다,0.9667,긍정,,
이디야 신림미성점,MENU,아이스아메리카노_맛있다,0.9649,긍정,,
구동커피,MENU,샌드위치_맛있다,0.9639,긍정,,
THE ROASTER 59(더 로스터 59),MENU,에브리데이주스_맛있다,0.9627,긍정,,
UNSIDE COFFEE ROASTERS(언사이드 커피 로스터스),MENU,청귤차_맛있다,0.9627,긍정,,
키키's 버터,MENU,스콘_존맛,0.9627,긍정,,
키키's 버터,MENU,미트파이_좋다,0.9627,긍정,,
매머드익스프레스 신림역점,MENU,아메리카노_가성비 좋다,0.9627,긍정,,
에놀라 톤,MENU,티라미수_맛있다,0.9616,긍정,,
카페디딤,MENU,프렌치토스트_맛있다,0.9594,긍정,,
쉼 카페,MENU,까눌레_맛있다,0.9569,긍정,,
카페디딤,MENU,아인슈페너_맛있다,0.9546,긍정,,
플랙,MENU,크림라떼_맛있다,0.9472,긍정,,
카페일기,MENU,샌드위치_맛있다,0.945,긍정,,
바나다커피 신림신원점,MENU,밀크티_맛있다,0.9431,긍정,,
굽다방,MENU,소금빵_맛있다,0.9431,긍정,,
굽다방,MENU,쌀디저트_맛있다,0.9386,긍정,,
G-CAFE,MENU,아메리카노_맛있다,0.9303,긍정,,
카페캘리 본점,MENU,샐러드_맛있다,0.9296,긍정,,
벨라벨로카페(Bella-Bello cafe),MENU,젤라또_맛있다,0.9274,긍정,,
빽다방구로KT점,MENU,아메리카노_저렴하다,0.9274,긍정,,
아토커피 신림점,MENU,떡갈비버거_맛있다,0.927,긍정,,
도로시쿠케 Dorothycookae,MENU,휘낭시에_맛있다,0.9229,긍정,,
"?커피,MOCC",MENU,휘낭시에_맛있다,0.9202,긍정,,
디저트 참 잘하는집 신림점,MENU,크로플_맛있다,0.918,긍정,,
후후라운지,MENU,뱅쇼_맛있다,0.9104,긍정,,
백억커피 신림점,MENU,아이스아메리카노_맛있다,0.9046,긍정,,
빽다방 신림대학점,MENU,아이스크림_맛있다,0.9023,긍정,,
카페게이트 신림별빛거리점,MENU,사과생크림와플_맛있다,0.8939,긍정,,
Cafe 912,MENU,보틀케이크_가성비도 맛도 미쳤다,0.8939,긍정,,
컴포즈커피 서울대신양학술정보관3점,MENU,헤이즐넛라떼_달달하다,0.8939,긍정,,
컴포즈커피 서울대신양학술정보관3점,MENU,아인슈페너_가격 대비 양이 많다,0.8939,긍정,,
컴포즈커피 서울대신양학술정보관3점,MENU,아이스아메리카노_가성비 최곱니다,0.8939,긍정,,
디저트 참 잘하는집 신림점,MENU,카라멜마키아토_최애,0.8939,긍정,,
카페봉봉,MENU,슈페너_매력적이다,0.8939,긍정,,
디저트 참 잘하는집 신림점,MENU,로제떡볶이_맛있다,0.8939,긍정,,
디저트 참 잘하는집 신림점,MENU,우유케이크_진리다,0.8939,긍정,,
CAFE216,MENU,토스트_좋다,0.8939,긍정,,
CAFE216,MENU,프라푸치노_달콤하고 부드럽다,0.8939,긍정,,
CAFE216,MENU,라떼_고소하고 맛있다,0.8939,긍정,,
디저트 참 잘하는집 신림점,MENU,마끼아또_좋다,0.8939,긍정,,
Cafe 912,MENU,소금빵_바삭하다,0.8939,긍정,,
CAFE216,MENU,자몽에이드_쌉싸름한 맛이 좋다,0.8939,긍정,,
Cafe 912,MENU,딸기보틀케이크_맛있다,0.8939,긍정,,
CAFE216,MENU,플랫화이트_고소하고 맛있다,0.8939,긍정,,
메가엠지씨커피 신림역점,MENU,아이스티_달달하다,0.8939,긍정,,
노와드코코 베이커리,MENU,무화과깜파뉴_맛있다,0.8939,긍정,,
백억커피(서원역점),MENU,리치라떼_맛있다,0.8939,긍정,,
백억커피(서원역점),MENU,찰깨빵_맛있다,0.8939,긍정,,
미남커피,MENU,소금빵_맛있다,0.8877,긍정,,
카페 리버스(Cafe Reverse),MENU,아이스바닐라라떼_맛있다,0.8857,긍정,,
그릭하다,MENU,베이글_맛있다,0.8827,긍정,,
앙니드 베이커리카페,MENU,소금빵_맛있다,0.8803,긍정,,
빌베이커리,MENU,에그타르트_맛있다,0.8757,긍정,,
데이굿(DAY GOOD),MENU,마들렌_맛있다,0.8623,긍정,,
카페 오름,MENU,마카롱_맛있다,0.8623,긍정,,
쉼표브레드,MENU,에그타르트_맛있다,0.8613,긍정,,
블루포트 서울대점,MENU,핫도그_맛있다,0.8598,긍정,,
빽다방구로KT점,MENU,핫도그_맛있다,0.8598,긍정,,
마마메이드,MENU,버블티_맛있다,0.8598,긍정,,
이디야커피(신림대학동점),MENU,토피넛라떼_맛있다,0.8561,긍정,,
콤마커피(comma coffee),MENU,바닐라라떼_맛있다,0.8398,긍정,,
G-CAFE,MENU,스콘_맛있다,0.8356,긍정,,
매머드 익스프레스 신림대학점,MENU,매머드커피_가격이 착하다,0.8343,긍정,,
카페in하루,MENU,케이크_맛있다,0.8228,긍정,,
카페일기,MENU,토스트_맛있다,0.8202,긍정,,
Babip(바빕),MENU,딸기라떼_맛있다,0.8154,긍정,,
엔제리너스 구로디지털역점,MENU,반미_맛있다,0.8146,긍정,,
딜 카페,MENU,아이스크림_맛있다,0.8121,긍정,,
커피니쉬(COFFEE NISHE),MENU,에그타르트_맛있다,0.8121,긍정,,
만랩커피 신림별빛거리점,MENU,콜드브루_맛있다,0.8119,긍정,,
블루포트 서울대점,MENU,콜드브루_맛있다,0.8119,긍정,,
벨라벨로카페(Bella-Bello cafe),MENU,유자차_맛있다,0.8119,긍정,,
데니스커피 남강점,MENU,딸기케이크_맛있다,0.8119,긍정,,
홍카페 HONG CAFE,MENU,바스크치즈케이크_맛있다,0.8035,긍정,,
맨날커피,MENU,샌드위치_맛있다,0.8032,긍정,,
엄마 커피,MENU,샌드위치_맛있다,0.8032,긍정,,
Babip(바빕),MENU,크로플_맛있다,0.8032,긍정,,
토마 화실,MENU,크로플_맛있다,0.8032,긍정,,
Cafe 912,MENU,라떼_맛이 좋다,0.7949,긍정,,
카페봉봉,MENU,과일크로플_존맛,0.7949,긍정,,
마티스커피,MENU,핸드드립커피_맛있다,0.7949,긍정,,
THE ROASTER 59(더 로스터 59),MENU,바나나푸딩_맛있다,0.7937,긍정,,
하삼동커피 신림난곡점,MENU,아인슈페너_맛있다,0.791,긍정,,
윈썸,MENU,레몬에이드_톡톡 터지는 느낌,0.7822,긍정,,
워킹카우,MENU,카우쿠키_맛있다,0.7822,긍정,,
오스커피하우스,MENU,콜드브루_갓성비다,0.7822,긍정,,
Coffee Planet(커피 플래닛),MENU,자두크림라떼_맛있다,0.7822,긍정,,
바나타이거(양산점),MENU,치즈프라페_맛있다,0.7822,긍정,,
Babip(바빕),MENU,샌드위치_가격이 좋다,0.7822,긍정,,
페이브 베이커리 서울대점,MENU,오렌지아인슈페너_맛있다,0.7822,긍정,,
바나타이거(양산점),MENU,메론크림소다_맛있다,0.7822,긍정,,
워킹카우,MENU,오렌지아인슈패너_맛있다,0.7822,긍정,,
바나타이거(양산점),MENU,빙수_저렴하고 맛있다,0.7822,긍정,,
워킹카우,MENU,고구마브륄레_맛있다,0.7822,긍정,,
윈썸,MENU,아이스아메리카노_강추,0.7822,긍정,,
Babip(바빕),MENU,김밥_속이 꽉 차다,0.7822,긍정,,
윈썸,MENU,딸기라떼_맛이 좋다,0.7822,긍정,,
윈썸,MENU,유자마들렌_맛있다,0.7822,긍정,,
오스커피하우스,MENU,콜드브루라떼_좋다,0.7822,긍정,,
오스커피하우스,MENU,콜드브루원액_가격이 저렴하다,0.7822,긍정,,
오스커피하우스,MENU,블렌드커피_가성비 짱이다,0.7822,긍정,,
할리스커피 난곡사거리점,MENU,케사디야_맛있다,0.7822,긍정,,
페이브 베이커리 서울대점,MENU,흑백아인슈페너_맛있다,0.7822,긍정,,
Babip(바빕),MENU,당근라페샌드위치_충분하다,0.7822,긍정,,
커피당,MENU,아메리카노_맛있다,0.7752,긍정,,
커피마마,MENU,아메리카노_맛있다,0.7752,긍정,,
벨라벨로카페(Bella-Bello cafe),MENU,녹차라떼_맛있다,0.7747,긍정,,
시그니처커피2호점,MENU,녹차라떼_맛있다,0.7747,긍정,,
1.5도씨,MENU,바닐라라떼_맛있다,0.7699,긍정,,
쉼표브레드,MENU,초코페이스트리_맛있다,0.7585,긍정,,
이디야 신림미성점,MENU,수박주스_맛있다,0.7545,긍정,,
딜 카페,MENU,밀크티_맛있다,0.7545,긍정,,
커피니쉬(COFFEE NISHE),MENU,타르트_맛있다,0.7509,긍정,,
국민우유집 신림점,MENU,밀크쉐이크_맛있다,0.7494,긍정,,
그릿 커피랩 신림점,MENU,샌드위치_맛있다,0.7415,긍정,,
FOAM & normal (폼앤노말),MENU,아인슈페너_맛있다,0.7415,긍정,,
탐앤탐스 삼모타워 신림역점,MENU,자몽에이드_맛있다,0.7382,긍정,,
나인티스,MENU,붕어빵_맛있다,0.737,긍정,,
메가엠지씨커피 신림역점,MENU,딸기스무디_맛있다,0.737,긍정,,
그리니,MENU,와사비크래미샌드위치_맛있다,0.7362,긍정,,
이디야,MENU,수박주스_첨가물 없다,0.7362,긍정,,
슬지로운생활,MENU,오레오케이크_맛있다,0.7362,긍정,,
이디야,MENU,헤이즐넛젤라또_맛있다,0.7362,긍정,,
이디야,MENU,초코바스크치즈케이크_맛있다,0.7362,긍정,,
이디야,MENU,옥수수빙수_맛있다,0.7362,긍정,,
카페여기,MENU,생과일주스_맛있다,0.7362,긍정,,
미남커피,MENU,머핀_먹을만 하다,0.7362,긍정,,
빽다방 신림난곡점,MENU,아메리카노_맛있다,0.7268,긍정,,
카페사계,MENU,아메리카노_맛있다,0.7268,긍정,,
할리스커피 난곡사거리점,MENU,아메리카노_맛있다,0.7268,긍정,,
나티(NAUGHTY),MENU,블랙크림라떼_맛있다,0.722,긍정,,
나티(NAUGHTY),MENU,초콜릿_맛있다,0.722,긍정,,
국민우유집 신림점,MENU,커피우유_맛있다,0.722,긍정,,
스타벅스 신림점,MENU,와플_맛있다,0.7205,긍정,,
코아르(coar),MENU,마들렌_맛있다,0.7186,긍정,,
서울버터샌드,MENU,약과쿠키_맛있다,0.7111,긍정,,
페이브 베이커리 서울대점,MENU,소금빵_맛있다,0.7074,긍정,,
카페레이브,MENU,쑥케이크_맛있다,0.7065,긍정,,
쉼표브레드,MENU,치아바타_맛있다,0.7043,긍정,,
카페게이트 신림별빛거리점,MENU,딸기라떼_맛있다,0.6989,긍정,,
커피 브륄레,MENU,크렘브륄레_맛있다,0.6959,긍정,,
컴포즈커피 서울대신양학술정보관3점,MENU,카페모카_맛있다,0.6959,긍정,,
바나타이거(양산점),MENU,핸드드립커피_맛있다,0.6955,긍정,,
밀크커피,MENU,돌체라떼_맛있다,0.6955,긍정,,
워킹카우,MENU,드립커피_맛있다,0.6955,긍정,,
빽다방 신림난곡점,MENU,연유라떼_맛있다,0.6955,긍정,,
바나타이거(양산점),MENU,아이스아메리카노_가성비가 좋다,0.6955,긍정,,
윈썸,MENU,라떼_강추,0.6955,긍정,,
컴포즈커피,MENU,돌체라떼_맛있다,0.6955,긍정,,
아마스빈버블티,MENU,오레오쉐이크_맛있다,0.6953,긍정,,
엔제리너스 대학점,MENU,케이크_가격이 반값이다,0.6953,긍정,,
엔제리너스 대학점,MENU,에그마요반미_맛있다,0.6953,긍정,,
컴포즈커피 신림난곡점,MENU,콜드브루_싸다,0.6953,긍정,,
컴포즈커피 신림난곡점,MENU,카푸치노_거품이랑 풍미가 좋다,0.6953,긍정,,
별의별카페,MENU,휘낭시에_최고다,0.6953,긍정,,
별의별카페,MENU,바닐라라떼_강추,0.6953,긍정,,
컴포즈커피 신림난곡점,MENU,아메리카노_가격 가성비 짱,0.6953,긍정,,
컴포즈커피 신림난곡점,MENU,콜드브루원액_맛있다,0.6953,긍정,,
카페스토어,MENU,팥라떼_맛이 좋다,0.6953,긍정,,
카페스토어,MENU,고구마라떼_고구마를 갈아 넣은 맛,0.6953,긍정,,
카페스토어,MENU,라떼_진하다,0.6953,긍정,,
컴포즈커피 신림난곡점,MENU,에스프레소_최곱니다,0.6953,긍정,,
카페스토어,MENU,코코넛라떼_맛이 있다,0.6953,긍정,,
카페스토어,MENU,밀크티_맛이 있다,0.6953,긍정,,
별의별카페,MENU,코코넛라떼_맛있다,0.6953,긍정,,
빽다방 신림대학점,MENU,아메리카노_맛이 괜찮다,0.6953,긍정,,
엔제리너스 대학점,MENU,에그반미_맛있다,0.6953,긍정,,
엔제리너스 대학점,MENU,아이스크림_굿,0.6953,긍정,,
로플봉봉,MENU,케이크_가격이 착한편이다,0.6953,긍정,,
별의별카페,MENU,말차크림라떼_맛있다,0.6953,긍정,,
별의별카페,MENU,쿠키_최고다,0.6953,긍정,,
엔제리너스 대학점,MENU,불고기반미_맛있다,0.6953,긍정,,
애담커피,MENU,마카롱_맛있다,0.6808,긍정,,
바나다커피 신림신원점,MENU,아이스크림_맛있다,0.6767,긍정,,
파스쿠찌 센트로서울대점,MENU,샌드위치_맛있다,0.6764,긍정,,
카페 아래로 ARERO,MENU,라떼_맛있다,0.6708,긍정,,
굽다방,MENU,까눌레_맛있다,0.6699,긍정,,
빌베이커리,MENU,소금빵_맛있다,0.6658,긍정,,
냥빵,MENU,치아바타_맛있다,0.664,긍정,,
301h(301에이치),MENU,자몽우유_맛있다,0.6587,긍정,,
크로플집,MENU,오레오쿠키_맛있다,0.6587,긍정,,
엔제리너스 구로디지털역점,MENU,조각케이크_맛있다,0.6587,긍정,,
카페일기,MENU,카야토스트_맛있다,0.6546,긍정,,
빽다방 신림역2호점,MENU,아이스티_맛있다,0.6535,긍정,,
카페느티나무도서관점,MENU,딸기라떼_맛있다,0.6524,긍정,,
저스트 로맨틱,MENU,에그타르트_맛있다,0.6496,긍정,,
워킹카우,MENU,고구마케이크_맛있다,0.6449,긍정,,
데이지 커피,MENU,스콘_맛있다,0.6428,긍정,,
저스트 로맨틱,MENU,케이크_맛있다,0.6418,긍정,,
에놀라 톤,MENU,크렘브륄레_맛있다,0.6409,긍정,,
노와드코코 베이커리,MENU,레몬파운드_맛있다,0.6385,긍정,,
THE ROASTER 59(더 로스터 59),MENU,쿠키_맛있다,0.6371,긍정,,
나티(NAUGHTY),MENU,쿠키_맛있다,0.6371,긍정,,
냥빵,MENU,잠봉뵈르샌드위치_맛있다,0.6359,긍정,,
소재지,MENU,아메리카노_맛있다,0.6343,긍정,,
나인티스,MENU,쿠키_맛있다,0.6311,긍정,,
후후라운지,MENU,케이크_맛있다,0.6292,긍정,,
파스쿠찌 서울대관정도서관점,MENU,그라니따,0.6257,긍정,,
세미온,MENU,초코치즈케이크_맛있다,0.6257,긍정,,
더벤티구로힐스테이트점,MENU,미숫가루스무디_가격이 저렴하다,0.6257,긍정,,
파스쿠찌 서울대관정도서관점,MENU,바질닭가슴살파니니_맛있다,0.6257,긍정,,
파스쿠찌 서울대관정도서관점,MENU,바질치킨파니니_맛있다,0.6257,긍정,,
카페토리,MENU,피낭시에_달달하고 맛있다,0.6257,긍정,,
카페토리,MENU,사과젤리_맛있다,0.6257,긍정,,
카페토리,MENU,로즈차_색이 예쁘다,0.6257,긍정,,
카페토리,MENU,복숭아블랙티_강추,0.6257,긍정,,
카페캘리 본점,MENU,솔트카라멜라떼_개맛있다,0.6257,긍정,,
세미온,MENU,슈톨렌_맛을 잘 살리다,0.6257,긍정,,
더벤티구로힐스테이트점,MENU,멕시칸풀드포크나초_가격이 저렴하다,0.6257,긍정,,
세미온,MENU,자몽주스_안 달다,0.6257,긍정,,
더벤티구로힐스테이트점,MENU,바닐라딥라떼_맛있다,0.6257,긍정,,
세미온,MENU,레드벨벳케이크_맛을 잘 살리다,0.6257,긍정,,
더벤티구로힐스테이트점,MENU,믹스커피_맛있다,0.6257,긍정,,
걸작커피,MENU,로투스케이크_진한 치즈맛이다,0.6257,긍정,,
더벤티구로힐스테이트점,MENU,율무차_맛있다,0.6257,긍정,,
카페토리,MENU,페타치즈감자샐러드_좋다,0.6257,긍정,,
파스쿠찌 서울대관정도서관점,MENU,와일드패션망고리프레셔_추천하다,0.6257,긍정,,
파스쿠찌 서울대관정도서관점,MENU,바닐라라떼_맛이 괜찮다,0.6257,긍정,,
걸작커피,MENU,연유라떼_깔끔하다,0.6257,긍정,,
카페캘리 본점,MENU,라떼_저렴하다,0.6257,긍정,,
카페캘리 본점,MENU,브런치_고퀄리티,0.6257,긍정,,
카페캘리 본점,MENU,소이라떼_저렴하다,0.6257,긍정,,
걸작커피,MENU,지니라떼_맛있다,0.6257,긍정,,
걸작커피,MENU,라떼_잘 어울린다,0.6257,긍정,,
걸작커피,MENU,딸기라떼_진하고 달달하다,0.6257,긍정,,
카페 오름,MENU,레몬차_맛있다,0.6257,긍정,,
카페 오름,MENU,망고스무디_좋다,0.6257,긍정,,
카페 오름,MENU,가나슈케이크_맛있다,0.6257,긍정,,
카페 오름,MENU,큐브라떼_귀엽다,0.6257,긍정,,
low position(로우 포지션),MENU,라떼_맛있다,0.6228,긍정,,
플랙,MENU,까눌레_맛있다,0.6202,긍정,,
백억커피,MENU,카라멜팝콘_맛있다,0.6183,긍정,,
백억커피 구로점,MENU,카라멜팝콘_맛있다,0.6183,긍정,,
로플봉봉,MENU,과일크로플_존맛,0.6183,긍정,,
THE ROASTER 59(더 로스터 59),MENU,샌드위치_맛있다,0.6179,긍정,,
UNSIDE COFFEE ROASTERS(언사이드 커피 로스터스),MENU,샌드위치_맛있다,0.6179,긍정,,
노와드코코 베이커리,MENU,소금빵_맛있다,0.6159,긍정,,
백억커피(서원역점),MENU,팥빙수_맛있다,0.6159,긍정,,
빽다방 신림역2호점,MENU,포도주스_맛있다,0.6105,긍정,,
컴포즈커피 신림중앙점,MENU,아인슈페너_맛있다,0.6084,긍정,,
미남커피,MENU,자몽차_맛있다,0.6069,긍정,,
후후라운지,MENU,당근케이크_맛있다,0.6069,긍정,,
저스트 로맨틱,MENU,소금빵_맛있다,0.6036,긍정,,
카페오트르,MENU,크로플_맛있다,0.6024,긍정,,
마티스커피,MENU,바스크치즈케이크_맛있다,0.5969,긍정,,
디저트문,MENU,바스크치즈케이크_맛있다,0.5969,긍정,,
마티스커피,MENU,드립커피_맛있다,0.5962,긍정,,
디저트문,MENU,크럼블케이크_맛있다,0.596,긍정,,
low position(로우 포지션),MENU,애플크럼블_맛있다,0.596,긍정,,
OJE COFFEE(오제커피),MENU,초코라떼_맛있다,0.5954,긍정,,
OJE COFFEE(오제커피),MENU,흑임자라떼_맛있다,0.5954,긍정,,
쉼표브레드,MENU,식빵_맛있다,0.5904,긍정,,
파스쿠찌 센트로서울대점,MENU,젤라또_맛있다,0.5857,긍정,,
엔제리너스 구로디지털역점,MENU,반미세트_맛있다,0.5857,긍정,,
세상의 모든 디저트,MENU,와플_맛있다,0.5854,긍정,,
히포커피 신림점,MENU,크로플_맛있다,0.5842,긍정,,
Mono Hertz(모노헤르쯔),MENU,블루베리베이글_맛있다,0.5821,긍정,,
컴포즈커피 신림대학점,MENU,아메리카노_맛있다,0.5814,긍정,,
읍천리382 신림점,MENU,샐러드_맛있다,0.581,긍정,,
이디야커피(신림대학동점),MENU,수박주스_맛있다,0.5804,긍정,,
아토커피 신림점,MENU,토마토주스_맛있다,0.5732,긍정,,
"?커피,MOCC",MENU,바나나푸딩_맛있다,0.5732,긍정,,
플랙,MENU,아포가토_맛있다,0.5732,긍정,,
만랩커피 신림별빛거리점,MENU,뱅쇼_맛있다,0.5732,긍정,,
로플봉봉,MENU,단팥빵_맛있다,0.5732,긍정,,
이디야,MENU,카페모카_맛있다,0.5731,긍정,,
애담커피,MENU,아이스아메리카노_맛있다,0.5713,긍정,,
히포커피 신림점,MENU,아메리카노_맛도 굿,0.5689,긍정,,
소재지,MENU,레몬소다_맛있다,0.5689,긍정,,
히포커피 신림점,MENU,아이스아메리카노_구수하다,0.5689,긍정,,
소재지,MENU,다크초콜릿치즈케이크_맛있다,0.5689,긍정,,
히포커피 신림점,MENU,퐁퐁쉐이크_맛있다,0.5689,긍정,,
히포커피 신림점,MENU,바나나에스프레소_가성비가 뛰어나다,0.5689,긍정,,
신림마당,MENU,망고치즈빙수_맛있다,0.5689,긍정,,
더리터신림점,MENU,아메리카노_추천한다,0.5689,긍정,,
더리터신림점,MENU,라떼_양이 많다,0.5689,긍정,,
더리터신림점,MENU,17곡라떼_맛있다,0.5689,긍정,,
신림마당,MENU,우유빙수_순수하다,0.5689,긍정,,
신림마당,MENU,크림치즈_환상적이다,0.5689,긍정,,
신림마당,MENU,눈꽃빙수_맛있다,0.5689,긍정,,
소재지,MENU,라떼_부드럽고 고소하다,0.5689,긍정,,
카페 리버스(Cafe Reverse),MENU,바닐라라떼_맛집이다,0.5689,긍정,,
카페 리버스(Cafe Reverse),MENU,스카치크림블랙_맛이 같다,0.5689,긍정,,
카페 리버스(Cafe Reverse),MENU,시나몬멜츠브레드_맛있다,0.5689,긍정,,
카페 리버스(Cafe Reverse),MENU,요깅밀크티_맛있다,0.5689,긍정,,
플레이온 보드게임카페,MENU,치킨너겟_바삭바삭하다,0.5689,긍정,,
신림마당,MENU,녹차케이크_고급진맛이 최고다,0.5689,긍정,,
더리터신림점,MENU,페이스트리빵_부드럽고 촉촉하다,0.5689,긍정,,
카페라움(CAFE RAUM),MENU,샐러드_신선하다,0.5689,긍정,,
카페라움(CAFE RAUM),MENU,브런치세트_건강한 맛이다,0.5689,긍정,,
POPO archive(포포 아카이브),MENU,애플시나몬케이크_적당히 달다,0.5689,긍정,,
POPO archive(포포 아카이브),MENU,브라우니_꾸덕하다,0.5689,긍정,,
콤마커피(comma coffee),MENU,흑임자바스크치즈케이크_맛있다,0.5689,긍정,,
카페라움(CAFE RAUM),MENU,샌드위치_퀄리티 좋다,0.5689,긍정,,
플레이온 보드게임카페,MENU,민트초코_맛집,0.5689,긍정,,
플레이온 보드게임카페,MENU,미숫가루라떼_맛있다,0.5689,긍정,,
플레이온 보드게임카페,MENU,아이스크림와플_맛있다,0.5689,긍정,,
콤마커피(comma coffee),MENU,에이드_진하다,0.5689,긍정,,
카페라움(CAFE RAUM),MENU,리코타치즈샐러드_건강한 맛이다,0.5689,긍정,,
POPO archive(포포 아카이브),MENU,아메리카노_가격값 한다,0.5689,긍정,,
카페라움(CAFE RAUM),MENU,키위주스_맛있다,0.5689,긍정,,
POPO archive(포포 아카이브),MENU,치즈케이크_최고다,0.5689,긍정,,
콤마커피(comma coffee),MENU,얼그레이마들렌_맛있다,0.5689,긍정,,
탐앤탐스 삼모타워 신림역점,MENU,멜론스무디_맛있다,0.5689,긍정,,
탐앤탐스 삼모타워 신림역점,MENU,당근사과주스_맛있다,0.5689,긍정,,
탐앤탐스 삼모타워 신림역점,MENU,아메리카노_리필 가능하다,0.5689,긍정,,
탐앤탐스 삼모타워 신림역점,MENU,허니버터브레드_입에서 살살 녹는다,0.5689,긍정,,
콤마커피(comma coffee),MENU,베리라떼_맛있다,0.5689,긍정,,
쉼표브레드,MENU,무화과깜빠뉴_맛있다,0.5689,긍정,,
메이지커피,MENU,치즈케이크_맛있다,0.5681,긍정,,
백억커피(서원역점),MENU,빙수_맛있다,0.565,긍정,,
이디야커피(신림패션문화점),MENU,빙수_맛있다,0.565,긍정,,
아토커피 신림점,MENU,수박주스_맛있다,0.5589,긍정,,
컴포즈커피 신림중앙점,MENU,아이스아메리카노_맛있다,0.5567,긍정,,
원브릿지,MENU,딸기케이크_맛있다,0.5567,긍정,,
빌베이커리,MENU,명란바게트_맛있다,0.5455,긍정,,
토마 화실,MENU,라떼_맛있다,0.545,긍정,,
카페 아이엔지 서울대자연과학대학점,MENU,라떼_맛있다,0.545,긍정,,
백억커피 신림점,MENU,라떼_맛있다,0.545,긍정,,
감성커피(신림우림시장점),MENU,라떼_맛있다,0.545,긍정,,
엔제리너스 구로디지털역점,MENU,고구마케이크_맛있다,0.543,긍정,,
앙니드 베이커리카페,MENU,에그타르트_맛있다,0.5414,긍정,,
빽다방 서원역점,MENU,아이스크림_맛있다,0.5414,긍정,,
카페레이브,MENU,쑥라떼_맛있다,0.5385,긍정,,
빽다방 난곡세이브점,MENU,아메리카노_맛있다,0.5367,긍정,,
데이굿(DAY GOOD),MENU,케이크_맛있다,0.5348,긍정,,
원브릿지,MENU,케이크_맛있다,0.5348,긍정,,
쉬즈베이글,MENU,콰트로햄치즈_맛있다,0.5326,긍정,,
쉬즈베이글,MENU,오곡프라페_맛있다,0.5326,긍정,,
FOAM & normal (폼앤노말),MENU,바스크치즈케이크_맛있다,0.5223,긍정,,
카페오트르,MENU,바스크치즈케이크_맛있다,0.5223,긍정,,
할리스 신림점,MENU,트러플머쉬룸수프볼_맛있다,0.5215,긍정,,
할리스 신림점,MENU,망고빙수_달고 시원하다,0.5215,긍정,,
할리스 신림점,MENU,돌체라떼_존맛,0.5215,긍정,,
할리스 신림점,MENU,핑크파인캐모마일티_달달하니 맛있다,0.5215,긍정,,
할리스 신림점,MENU,아메리카노_딱 좋다,0.5215,긍정,,
컴포즈커피 신림대학점,MENU,인절미빙수_좋다,0.5215,긍정,,
진서의 정원,MENU,생강차_맛있다,0.5215,긍정,,
블루포트 서울대점,MENU,머핀_가성비 굿굿,0.5215,긍정,,
블루포트 서울대점,MENU,키위바나나주스_맛나다,0.5215,긍정,,
진서의 정원,MENU,앙버터크로플_맛있다,0.5215,긍정,,
진서의 정원,MENU,생과일주스_신선한 재료로 갈아준다,0.5215,긍정,,
플랙,MENU,레몬파운드케이크_맛있다,0.5215,긍정,,
빽다방구로KT점,MENU,카페라떼_너무 시원하다,0.5215,긍정,,
빽다방구로KT점,MENU,대추차_가격이 괜찮다,0.5215,긍정,,
빽다방구로KT점,MENU,피스타치오빽스치노_사랑한다,0.5215,긍정,,
바나다커피 신림신원점,MENU,그린티_맛있다,0.5215,긍정,,
바나다커피 신림신원점,MENU,밀크티라떼_맛있다,0.5215,긍정,,
바나다커피 신림신원점,MENU,반하다라떼_맛있다,0.5215,긍정,,
더리터 신림중앙점,MENU,말차라떼_추천한다,0.5215,긍정,,
더리터 신림중앙점,MENU,버블티_진하다,0.5215,긍정,,
블러 커피,MENU,블러커피_맛있다,0.5215,긍정,,
컴포즈커피 신림대학점,MENU,쿠키밀크쉐이크_맛있다,0.5215,긍정,,
컴포즈커피 신림대학점,MENU,크로와플_맛있다,0.5215,긍정,,
컴포즈커피 신림대학점,MENU,팥절미쉐이크_맛있다,0.5215,긍정,,
데이즈 라이크 디스,MENU,빵오쇼콜라_맛있다,0.5215,긍정,,
플랙,MENU,파운드케이크_맛있다,0.5215,긍정,,
블루포트 서울대점,MENU,대추차_굳다,0.5215,긍정,,
더리터 신림중앙점,MENU,와플_맛있다,0.5203,긍정,,
쉬즈베이글,MENU,베이글_맛있다,0.5183,긍정,,
커피니쉬(COFFEE NISHE),MENU,브라우니_맛있다,0.5174,긍정,,
만랩커피 신림별빛거리점,MENU,말차라떼_맛있다,0.5165,긍정,,
도로시쿠케 Dorothycookae,MENU,파이_맛있다,0.5159,긍정,,
나티(NAUGHTY),MENU,초코라떼_맛있다,0.5153,긍정,,
홍카페 HONG CAFE,MENU,까눌레_맛있다,0.5153,긍정,,
파스쿠찌 센트로서울대점,MENU,파니니_맛있다,0.5128,긍정,,
노와드코코 베이커리,MENU,쌀식빵_맛있다,0.5108,긍정,,
우체국 옆 빵집,MENU,초코빵_맛있다,0.5074,긍정,,
미남커피,MENU,카페라떼_맛있다,0.5072,긍정,,
Cafe 912,MENU,휘낭시에_맛있다,0.5071,긍정,,
쉼 카페,MENU,휘낭시에_맛있다,0.5071,긍정,,
카페레이브,MENU,얼그레이초코케이크_맛있다,0.5046,긍정,,
텐퍼센트커피 신림역점,MENU,라떼_맛있다,0.5031,긍정,,
메이지커피,MENU,라떼_맛있다,0.5031,긍정,,
빽다방 서원역점,MENU,소금빵_맛있다,0.503,긍정,,
데이굿(DAY GOOD),MENU,초콜릿크럼블푸딩_맛있다,0.5006,긍정,,
데이굿(DAY GOOD),MENU,복숭아케이크_맛있다,0.5006,긍정,,
데이굿(DAY GOOD),MENU,레몬마들렌_맛있다,0.5006,긍정,,
메가엠지씨커피 신림역점,MENU,아메리카노_맛있다,0.4984,긍정,,
궁전다방,MENU,브라우니_맛있다,0.4975,긍정,,
나티(NAUGHTY),MENU,카페라떼_맛있다,0.4975,긍정,,
블러 커피,MENU,까눌레_맛있다,0.4962,긍정,,
페이브 베이커리 서울대점,MENU,아인슈페너_맛있다,0.4944,긍정,,
스타벅스 신림점,MENU,샌드위치_맛있다,0.4943,긍정,,
나인티스,MENU,당근케이크_맛있다,0.4913,긍정,,
엔제리너스 구로디지털역점,MENU,말차라떼_맛있다,0.4893,긍정,,
읍천리382 신림점,MENU,와플_맛있다,0.4878,긍정,,
301h(301에이치),MENU,치즈케이크_맛있다,0.4859,긍정,,
스타벅스 신림점,MENU,얼그레이바닐라티라떼_잘 만든다,0.4813,긍정,,
메이지커피,MENU,브라우니_꼭 드세요,0.4813,긍정,,
스타벅스 신림점,MENU,에그클럽샌드위치_든든하다,0.4813,긍정,,
텐퍼센트커피 신림역점,MENU,바닐라빈라떼_달달하다,0.4813,긍정,,
빽다방 난곡세이브점,MENU,요거트아이스크림_양이 많다,0.4813,긍정,,
텐퍼센트커피 신림역점,MENU,하이볼_좋다,0.4813,긍정,,
컴포즈커피 신림중앙점,MENU,생초콜릿라떼_맛있다,0.4813,긍정,,
이디야커피(신림대학동점),MENU,메이플넛브레드_맛있다,0.4813,긍정,,
이디야커피(신림대학동점),MENU,흑임자빙수_맛있다,0.4813,긍정,,
블렌더스(BLENDERS),MENU,위스키_좋다,0.4813,긍정,,
블렌더스(BLENDERS),MENU,브루잉커피_추천하다,0.4813,긍정,,
컴포즈커피 신림중앙점,MENU,페퍼민트티_맛있다,0.4813,긍정,,
컴포즈커피 신림중앙점,MENU,감자빵_맛이 최고다,0.4813,긍정,,
이디야커피(신림대학동점),MENU,블루문에이드_신기한 맛이다,0.4813,긍정,,
카페 아래로 ARERO,MENU,그린티,0.4813,긍정,,
키키's 버터,MENU,아몬드크림커피_맛있다,0.4813,긍정,,
키키's 버터,MENU,초코스콘_존맛,0.4813,긍정,,
블렌더스(BLENDERS),MENU,헤네시_좋다,0.4813,긍정,,
스타벅스 신림점,MENU,말차글레이즈드도넛_달달하다,0.4813,긍정,,
빽다방 난곡세이브점,MENU,슈크림커피쉐이크_맛있다,0.4813,긍정,,
카페 아래로 ARERO,MENU,케이크_다양하다,0.4813,긍정,,
카페 아래로 ARERO,MENU,초코라떼,0.4813,긍정,,
빽다방 난곡세이브점,MENU,아이스크림바닐라라떼_맛있다,0.4813,긍정,,
카페 아래로 ARERO,MENU,곰돌이케이크_맛있다,0.4813,긍정,,
블렌더스(BLENDERS),MENU,논커피음료_특색있다,0.4813,긍정,,
키키's 버터,MENU,구겔호프_귀엽고 맛있다,0.4813,긍정,,
빽다방 난곡세이브점,MENU,바나나커피쉐이크_달다,0.4813,긍정,,
홍카페 HONG CAFE,MENU,무화과크림치즈휘낭시에_맛있다,0.4813,긍정,,
궁전다방,MENU,초코쉐이크_맛있다,0.4813,긍정,,
홍카페 HONG CAFE,MENU,소보로휘낭시에_맛있다,0.4813,긍정,,
메이지커피,MENU,아인슈페너_생크림이 진하다,0.4813,긍정,,
매머드익스프레스 신림역점,MENU,딸기라떼_맛집,0.4813,긍정,,
매머드익스프레스 신림역점,MENU,라떼_2700원이라 감동받았다,0.4813,긍정,,
데이지 커피,MENU,아메리카노_깔끔하면서도 고소하다,0.4813,긍정,,
메이지커피,MENU,파운드케이크_짱짱,0.4813,긍정,,
매머드익스프레스 신림역점,MENU,디카페인아메리카노_가성비가 좋다,0.4813,긍정,,
데이지 커피,MENU,단팥빵_많이 안 달다,0.4813,긍정,,
데이지 커피,MENU,딸기빙수_맛있다,0.4813,긍정,,
그릿 커피랩 신림점,MENU,아이스크림_맛이 진하다,0.4813,긍정,,
데이지 커피,MENU,백향과요거트스무디_맛있다,0.4813,긍정,,
그릿 커피랩 신림점,MENU,치폴레미트크랩샌드위치_맛있다,0.4813,긍정,,
그릿 커피랩 신림점,MENU,두부치아바타샌드위치_맛있다,0.4813,긍정,,
카페in하루,MENU,초코무스케이크_맛있다,0.4813,긍정,,
카페in하루,MENU,우유케이크_부드럽다,0.4813,긍정,,
카페in하루,MENU,티_잘 마셨다,0.4813,긍정,,
국민우유집 신림점,MENU,홍차우유_맛있다,0.4813,긍정,,
국민우유집 신림점,MENU,초코우유_맛있다,0.4813,긍정,,
카페in하루,MENU,치즈케이크_꾸덕하다,0.4813,긍정,,
그릿 커피랩 신림점,MENU,로얄밀크티쉐이크,0.4813,긍정,,
텐퍼센트커피 신림역점,MENU,초코스콘_맛있다,0.4813,긍정,,
THE ROASTER 59(더 로스터 59),MENU,청포도주스_맛있다,0.4813,긍정,,
UNSIDE COFFEE ROASTERS(언사이드 커피 로스터스),MENU,피자_맛있다,0.4813,긍정,,
궁전다방,MENU,궁전커피_맛있다,0.4813,긍정,,
시티스트릿츠,MENU,바노피파이_맛있다,0.4813,긍정,,
쉬즈베이글,MENU,샌드위치_맛있다,0.4785,긍정,,
빌베이커리,MENU,식빵_맛있다,0.4776,긍정,,
빽다방 신림난곡점,MENU,수박주스_맛있다,0.4716,긍정,,
후후라운지,MENU,빙수_맛있다,0.4653,긍정,,
딜 카페,MENU,아메리카노_맛있다,0.4651,긍정,,
빽다방 서원역점,MENU,아메리카노_맛있다,0.4651,긍정,,
매머드 익스프레스 신림대학점,MENU,아메리카노_맛있다,0.4651,긍정,,
투달러커피 난곡사거리점,MENU,아메리카노_맛있다,0.4651,긍정,,
도로시쿠케 Dorothycookae,MENU,그릭요거트_맛있다,0.4648,긍정,,
원브릿지,MENU,티라미수_맛있다,0.464,긍정,,
더리터 신림중앙점,MENU,쉐이크_맛있다,0.4637,긍정,,
아토커피 신림점,MENU,ABC주스_맛있다,0.4635,긍정,,
"?커피,MOCC",MENU,모카커피_맛있다,0.4635,긍정,,
"?커피,MOCC",MENU,바나나크럼블_맛있다,0.4635,긍정,,
어반커피,MENU,푸딩라떼_맛있다,0.4635,긍정,,
아토커피 신림점,MENU,건강주스_맛있다,0.4635,긍정,,
궁전다방,MENU,아인슈페너_맛있다,0.4563,긍정,,
백억커피 구로점,MENU,베이글_맛있다,0.4511,긍정,,
블러 커피,MENU,아이스크림_맛있다,0.4511,긍정,,
슬지로운생활,MENU,라떼_맛있다,0.4488,긍정,,
카페 플롬,MENU,롱블랙_맛있다,0.447,긍정,,
카페 플롬,MENU,플랫화이트_괜찮다,0.447,긍정,,
카페 플롬,MENU,아메리카노_깔끔하고 산뜻한 맛이 인상적이다,0.447,긍정,,
카페게이트 신림별빛거리점,MENU,아메리카노_시원하다,0.447,긍정,,
카페게이트 신림별빛거리점,MENU,크로크무슈_맛있다,0.447,긍정,,
카페게이트 신림별빛거리점,MENU,레몬딸기에이드_맛있다,0.447,긍정,,
카페 플롬,MENU,밀크티_저렴하다,0.447,긍정,,
이디야커피(신림패션문화점),MENU,베이글_아주 맛있다,0.447,긍정,,
메가엠지씨커피 신림역점,MENU,딸기젤라또_넘맛있다,0.447,긍정,,
메가엠지씨커피 신림역점,MENU,죠리퐁초코_맛있다,0.447,긍정,,
attendo(아텐도),MENU,체리케이크_맛있다,0.447,긍정,,
이디야커피(신림패션문화점),MENU,주먹밥_맛있다,0.447,긍정,,
이디야커피(신림패션문화점),MENU,바닐라라떼_쵝오,0.447,긍정,,
쉼 카페,MENU,소금빵_가장 제 취향이다,0.447,긍정,,
쉼 카페,MENU,바스크치즈케이크_괜찮다,0.447,긍정,,
쉼 카페,MENU,고르곤졸라피자_맛있다,0.447,긍정,,
마티스커피,MENU,누텔라콜드브루_맛있다,0.447,긍정,,
마티스커피,MENU,게이샤커피_맛있다,0.447,긍정,,
네이밍카페커피GO!#1,MENU,아이스티_맛있다,0.4466,긍정,,
카페디딤,MENU,마들렌_맛있다,0.446,긍정,,
Lee 집 coffee,MENU,케이크_맛있다,0.4457,긍정,,
페이브 베이커리 서울대점,MENU,휘낭시에_맛있다,0.4437,긍정,,
G-CAFE,MENU,라떼_맛있다,0.436,긍정,,
빽다방 서원역점,MENU,딸기라떼_맛있다,0.4349,긍정,,
빵장수단팥빵cafe 신림점,MENU,단팥크림빵_맛있다,0.4316,긍정,,
네이밍카페커피GO!#1,MENU,마카롱_맛있다,0.4312,긍정,,
커피니쉬(COFFEE NISHE),MENU,마들렌_맛있다,0.4312,긍정,,
비행커피,MENU,샌드위치_맛있다,0.4284,긍정,,
애담커피,MENU,자몽에이드_맛있다,0.4274,긍정,,
파스쿠찌 센트로서울대점,MENU,티라미수_맛있다,0.4274,긍정,,
low position(로우 포지션),MENU,에스프레소_맛있다,0.4253,긍정,,
FOAM & normal (폼앤노말),MENU,에스프레소_맛있다,0.4187,긍정,,
비행커피,MENU,수박주스_대박 맛있다,0.4172,긍정,,
비행커피,MENU,누텔라와플_입맛에 딱이다,0.4172,긍정,,
비행커피,MENU,토마토주스_대박 맛있다,0.4172,긍정,,
이디야 신림미성점,MENU,팥인절미빙수_맛있다,0.4172,긍정,,
빽다방 서원역점,MENU,딸기프라페_맛있다,0.4172,긍정,,
디저트39 신림역점,MENU,망고요거트_맛있다,0.4172,긍정,,
디저트39 신림역점,MENU,아이스티_가성비가 최고다,0.4172,긍정,,
이디야 신림미성점,MENU,생딸기크림치즈와플_맛있다,0.4172,긍정,,
구동커피,MENU,리코타샐러드_맛있다,0.4172,긍정,,
OJE COFFEE(오제커피),MENU,스모어쿠키_가격대비 괜찮다,0.4172,긍정,,
OJE COFFEE(오제커피),MENU,샐러드_가격이 저렴하다,0.4172,긍정,,
매머드 익스프레스 신림대학점,MENU,푸딩라떼_달다,0.4172,긍정,,
매머드 익스프레스 신림대학점,MENU,바닐라라떼_가성비 좋다,0.4172,긍정,,
이디야 신림미성점,MENU,딸기피치요거놀라빙수_고소하다,0.4172,긍정,,
구동커피,MENU,과카몰리_맛있다,0.4172,긍정,,
디저트39 신림역점,MENU,히비스커스티_존맛이다,0.4172,긍정,,
앙니드 베이커리카페,MENU,시금치치아바타_담백하다,0.4172,긍정,,
앙니드 베이커리카페,MENU,페퍼로니식빵_맛있다,0.4172,긍정,,
"?커피,MOCC",MENU,르뱅쿠키_맛있다,0.4122,긍정,,
low position(로우 포지션),MENU,카페라떼_맛있다,0.4106,긍정,,
디저트문,MENU,당근케이크_맛있다,0.4094,긍정,,
카페사계,MENU,라떼_맛있다,0.4087,긍정,,
카페오트르,MENU,라떼_맛있다,0.4087,긍정,,
그릭하다,MENU,아사이볼_맛있다,0.4081,긍정,,
원브릿지,MENU,휘낭시에_맛있다,0.4057,긍정,,
301h(301에이치),MENU,라떼_맛있다,0.4016,긍정,,
커피니쉬(COFFEE NISHE),MENU,쿠키_맛있다,0.3976,긍정,,
attendo(아텐도),MENU,티_맛있다,0.3975,긍정,,
에놀라 톤,MENU,밀크티_맛있다,0.3971,긍정,,
애담커피,MENU,밀크티_맛있다,0.3971,긍정,,
빽다방 신림역2호점,MENU,아이스크림_맛있다,0.3961,긍정,,
투썸플레이스 신림녹두거리점,MENU,팥빙수_맛있다,0.392,긍정,,
과일담은 요거트 맛집 yomat,MENU,플레이버요거트_짱맛있다,0.3911,긍정,,
읍천리382 신림점,MENU,마스무디_맛있다,0.3911,긍정,,
과일담은 요거트 맛집 yomat,MENU,모밀_사랑이다,0.3911,긍정,,
과일담은 요거트 맛집 yomat,MENU,플레인그릭요거트_꾸덕하다,0.3911,긍정,,
세상의 모든 디저트,MENU,딸기스무디_맛도 양도 최고,0.3911,긍정,,
세상의 모든 디저트,MENU,팝콘치킨_가성비의 푸짐한 양과 부드러운 맛,0.3911,긍정,,
빽다방 신림난곡점,MENU,유자에이드_맛있다,0.3911,긍정,,
읍천리382 신림점,MENU,미숫가루스무디_맛있다,0.3911,긍정,,
카페사계,MENU,밤마들렌_커피안주로 딱이다,0.3911,긍정,,
FOAM & normal (폼앤노말),MENU,모카_맛있다,0.3911,긍정,,
카페사계,MENU,휘낭시에_짱맛,0.3911,긍정,,
카페오트르,MENU,콘치즈크로플_맛이 배가 된다,0.3911,긍정,,
빽다방 신림난곡점,MENU,오트라떼_좋다,0.3911,긍정,,
카페오트르,MENU,버터갈릭감자_부동의 최애,0.3911,긍정,,
카페사계,MENU,붕어빵_가성비가 좋다,0.3911,긍정,,
할리스커피 난곡사거리점,MENU,위스키푸딩_인상적이다,0.3911,긍정,,
할리스커피 난곡사거리점,MENU,디카페인아메리카노_맛있다,0.3911,긍정,,
할리스커피 난곡사거리점,MENU,딥라떼_맛있다,0.3911,긍정,,
세상의 모든 디저트,MENU,프라페_맛있다,0.3911,긍정,,
Coffee Planet(커피 플래닛),MENU,코코넛커피스무디_맛있다,0.3911,긍정,,
만랩커피 신림별빛거리점,MENU,아메리카노_맛있다,0.3876,긍정,,
프롬 카페(from. cafe),MENU,레몬케이크_맛있다,0.3792,긍정,,
프롬 카페(from. cafe),MENU,밤치즈케이크_맛있다,0.3792,긍정,,
그리니,MENU,크로플_맛있다,0.378,긍정,,
우체국 옆 빵집,MENU,치아바타_맛있다,0.3769,긍정,,
나인티스,MENU,빙수_맛있다,0.3767,긍정,,
도로시쿠케 Dorothycookae,MENU,머핀_맛있다,0.3754,긍정,,
구동커피,MENU,크루아상_맛있다,0.371,긍정,,
투썸플레이스 신림녹두거리점,MENU,티라미수_맛있다,0.3691,긍정,,
attendo(아텐도),MENU,망고케이크_맛있다,0.3685,긍정,,
그리니,MENU,에그샌드위치_촉촉하고 맛있다,0.3681,긍정,,
슬지로운생활,MENU,오레오치즈케이크_맛있다,0.3681,긍정,,
그리니,MENU,통밀빵_잘했다,0.3681,긍정,,
카페여기,MENU,얼그레이스콘_맛있다,0.3681,긍정,,
빌베이커리,MENU,퀸아망_맛있다,0.3681,긍정,,
후후라운지,MENU,말차케이크_맛있다,0.3681,긍정,,
카페일기,MENU,쿠앤크버블티_짱 맛있다,0.3681,긍정,,
미남커피,MENU,유자차_달고 맛있다,0.3681,긍정,,
카페일기,MENU,수박주스_찐 맛집,0.3681,긍정,,
원브릿지,MENU,크로플_맛있다,0.3672,긍정,,
커피 브륄레,MENU,라떼_맛있다,0.3633,긍정,,
만랩커피 신림별빛거리점,MENU,라떼_맛있다,0.3633,긍정,,
슬지로운생활,MENU,바닐라라떼_맛있다,0.3623,긍정,,
카페여기,MENU,바닐라라떼_맛있다,0.3623,긍정,,
우체국 옆 빵집,MENU,바게트_맛있다,0.3621,긍정,,
커피 브륄레,MENU,밀크티_맛있다,0.3593,긍정,,
UNSIDE COFFEE ROASTERS(언사이드 커피 로스터스),MENU,아메리카노_맛있다,0.3578,긍정,,
냥빵,MENU,잠봉샌드위치_맛있다,0.3576,긍정,,
냥빵,MENU,프레첼_맛있다,0.3576,긍정,,
빽다방 신림역2호점,MENU,스무디_맛있다,0.3564,긍정,,
나인티스,MENU,치즈케이크_맛있다,0.3517,긍정,,
네이밍카페커피GO!#1,MENU,아메리카노_맛있다,0.3489,긍정,,
301h(301에이치),MENU,쿠키_맛있다,0.3487,긍정,,
attendo(아텐도),MENU,딸기케이크_맛있다,0.3479,긍정,,
Coffee Planet(커피 플래닛),MENU,단호박라떼_맛있다,0.3478,긍정,,
Coffee Planet(커피 플래닛),MENU,달고나라떼_맛있다,0.3478,긍정,,
데이즈 라이크 디스,MENU,라즈베리파이_맛있다,0.3476,긍정,,
백억커피,MENU,반미샌드위치_맛있다,0.3476,긍정,,
빽다방 신림대학점,MENU,뱅쇼_저렴하다,0.3476,긍정,,
백억커피,MENU,뉴욕핫도그_맛있다,0.3476,긍정,,
아마스빈버블티,MENU,쉐이크_맛집,0.3476,긍정,,
빽다방 신림대학점,MENU,민트초코라떼_맛있다,0.3476,긍정,,
아마스빈버블티,MENU,녹차_맛있다,0.3476,긍정,,
에놀라 톤,MENU,라떼_맛있다,0.3442,긍정,,
파스쿠찌 센트로서울대점,MENU,라떼_맛있다,0.3442,긍정,,
UNSIDE COFFEE ROASTERS(언사이드 커피 로스터스),MENU,에스프레소_맛있다,0.3435,긍정,,
백억커피,MENU,바닐라라떼_맛있다,0.3422,긍정,,
슬지로운생활,MENU,아메리카노_맛있다,0.342,긍정,,
우체국 옆 빵집,MENU,모카번_맛있다,0.3382,긍정,,
카페디딤,MENU,딸기라떼_맛있다,0.3374,긍정,,
카페디딤,MENU,버터바_맛있다,0.3359,긍정,,
카페레이브,MENU,고구마케이크_맛있다,0.3328,긍정,,
코아르(coar),MENU,빙수_맛있다,0.3296,긍정,,
크로플집,MENU,치즈대파베이글_강추,0.3293,긍정,,
크로플집,MENU,초코나무숲케이크_맛있다,0.3293,긍정,,
크로플집,MENU,카라멜마끼야또_달콤하다,0.3293,긍정,,
카페여기,MENU,바닐라빈라떼_맛있다,0.3273,긍정,,
투썸플레이스 신림로점,MENU,티라미수_맛있다,0.3248,긍정,,
저스트 로맨틱,MENU,베이글_맛있다,0.3248,긍정,,
코아르(coar),MENU,수박주스_맛있다,0.3144,긍정,,
투달러커피 난곡사거리점,MENU,더치커피_조화가 좋다,0.3129,긍정,,
네이밍카페커피GO!#1,MENU,화이트카페모카_많이 주셨다,0.3129,긍정,,
굽다방,MENU,시오빵_맛있다,0.3129,긍정,,
투달러커피 난곡사거리점,MENU,레몬에이드_아주 시원하고 맛있다,0.3129,긍정,,
투달러커피 난곡사거리점,MENU,커피케이크_맛있다,0.3129,긍정,,
카페봉봉,MENU,라떼_맛있다,0.3114,긍정,,
사과당 서울대점,MENU,스콘_맛있다,0.3095,긍정,,
백억커피 구로점,MENU,나초_맛있다,0.3091,긍정,,
데이즈 라이크 디스,MENU,레몬에이드_맛있다,0.3091,긍정,,
아마스빈버블티,MENU,얼그레이밀크티_맛있다,0.3091,긍정,,
백억커피 구로점,MENU,아메리카노_가성비가 짱이다,0.3091,긍정,,
저스트 로맨틱,MENU,밀크티_맛있다,0.3018,긍정,,
커피 브륄레,MENU,샤케라또_맛있다,0.298,긍정,,
프롬 카페(from. cafe),MENU,딸기케이크_맛있다,0.2952,긍정,,
디저트문,MENU,치즈케이크_맛있다,0.2931,긍정,,
에놀라 톤,MENU,바닐라빈라떼_맛있다,0.2929,긍정,,
Mono Hertz(모노헤르쯔),MENU,핸드드립_맛있다,0.291,긍정,,
코아르(coar),MENU,아메리카노_맛있다,0.2907,긍정,,
투썸플레이스 신림녹두거리점,MENU,헤이즐넛라떼_맛있다,0.2844,긍정,,
투썸플레이스 신림녹두거리점,MENU,로얄밀크티쉐이크_평타 이상이다,0.2844,긍정,,
킷사텐 신림점,MENU,호지차라떼_만족스럽다,0.2844,긍정,,
킷사텐 신림점,MENU,자몽티_좋다,0.2844,긍정,,
킷사텐 신림점,MENU,위스키푸딩_맛있다,0.2844,긍정,,
시티스트릿츠,MENU,치즈케이크_맛있다,0.284,긍정,,
프롬 카페(from. cafe),MENU,아메리카노_맛있다,0.2819,긍정,,
Lee 집 coffee,MENU,마자그란_맛있다,0.2607,긍정,,
Lee 집 coffee,MENU,쌀치즈케이크_담백하다,0.2607,긍정,,
어반커피,MENU,아메리카노_맛있다,0.2584,긍정,,
투썸플레이스 신림로점,MENU,아메리카노_괜찮다,0.2503,긍정,,
투썸플레이스 신림로점,MENU,디카페인라떼_진하다,0.2503,긍정,,
투썸플레이스 신림로점,MENU,블루베리요거트케이크_상태가 좋다,0.2503,긍정,,
시티스트릿츠,MENU,청사과요거트_맛있다,0.2407,긍정,,
시티스트릿츠,MENU,오트밀크티_맛있다,0.2407,긍정,,
Mono Hertz(모노헤르쯔),MENU,아이스크림라떼_맛있다,0.2399,긍정,,
어반커피,MENU,허니브레드_촉촉하고 달달하다,0.2318,긍정,,
서울버터샌드,MENU,쿠키_맛있다,0.2259,긍정,,
빵장수단팥빵cafe 신림점,MENU,소보루단팥빵_맛있다,0.2158,긍정,,
빵장수단팥빵cafe 신림점,MENU,생쑥찰떡_제일 맛있다,0.2158,긍정,,
빵장수단팥빵cafe 신림점,MENU,모카크림빵_맛있다,0.2158,긍정,,
Lee 집 coffee,MENU,스무디_맛있다,0.203,긍정,,
별별카롱,MENU,브라우니_맛있다,0.199,긍정,,
컴포즈커피,MENU,더블초코라떼_맛있다,0.1955,긍정,,
컴포즈커피,MENU,시나몬크루아상_맛있다,0.1955,긍정,,
밀크커피,MENU,아인슈패너,0.1955,긍정,,
밀크커피,MENU,커피밀크쉐이크,0.1955,긍정,,
컴포즈커피,MENU,민트초코라떼_좋다,0.1955,긍정,,
밀크커피,MENU,아이스라떼_맛있다,0.1955,긍정,,
Mono Hertz(모노헤르쯔),MENU,크로플_맛있다,0.1494,긍정,,
그릭하다,MENU,그릭요거트베이글_맛있다,0.136,긍정,,
그릭하다,MENU,황치즈그릭요거트_킥이다,0.136,긍정,,
사과당 서울대점,MENU,커피스콘_맛있다,0.1159,긍정,,
사과당 서울대점,MENU,요거트애플파이_맛있다,0.1159,긍정,,
별별카롱,MENU,치즈케이크_맛있다,0.1136,긍정,,
별별카롱,MENU,밀크티_달지 않다,0.0963,긍정,,
별별카롱,MENU,크렘브륄레_존맛이다,0.0963,긍정,,
카페느티나무도서관점,FACILITY,서울대 카페_가성비 좋다,6.1417,긍정,,
카페뉴욕 신림점,FACILITY,매장_크고 깔끔하다,6.1417,긍정,,
카페스토어,FACILITY,매장_크고 넓다,6.1417,긍정,,
크로플집,FACILITY,내부 인테리어_아기자기하다,6.1417,긍정,,
메가엠지씨커피 신림역점,FACILITY,창문뷰_깨끗하다,6.1417,긍정,,
Babip(바빕),FACILITY,카페 인테리어_편안하다,6.1417,긍정,,
매머드익스프레스 신림역점,FACILITY,지하철역_가깝다,6.1417,긍정,,
빽다방 신림역2호점,FACILITY,매장_쾌적하다,6.1417,긍정,,
바나다커피 신림신원점,FACILITY,컵_실용적이다,6.1417,긍정,,
모꼬지,FACILITY,가게_예쁘다,5.0431,긍정,,
바나프레소 신림역점,FACILITY,매장_이쁘다,4.5322,긍정,,
그릿 커피랩 신림점,FACILITY,테라스_좋다,4.1958,긍정,,
슬지로운생활,FACILITY,카페_예쁘다,4.1958,긍정,,
cafe 66(카페 66),FACILITY,2층 카페_있다,4.0944,긍정,,
카페봉봉,FACILITY,카페 인테리어_이쁘다,3.6568,긍정,,
카페느티나무 음대점,FACILITY,카페 공간_넓다,3.6568,긍정,,
앙니드 베이커리카페,FACILITY,내부 인테리어_깔끔하다,3.4336,긍정,,
또리커피 관악점,FACILITY,좌석_편하다,3.1459,긍정,,
카페여기,FACILITY,매장_개방감이 있다,3.0708,긍정,,
cup&coffee 컵앤커피,FACILITY,테라스_이쁘다,3.0708,긍정,,
썰카페,FACILITY,바닥_유니크하고 예쁘다,3.0708,긍정,,
구동커피,FACILITY,매장_아담하다,3.0708,긍정,,
하삼동커피 신림난곡점,FACILITY,키오스크_앞에 잠깐 앉아 기다릴 수 있는 곳이 있다,3.0708,긍정,,
Label Board Cafe(레이블 보드게임 카페),FACILITY,화장실_쾌적하다,3.0708,긍정,,
카페드림,FACILITY,자리_생각보다 많다,3.0708,긍정,,
Label Board Cafe(레이블 보드게임 카페),FACILITY,테이블_적당하다,3.0708,긍정,,
아마스빈버블티,FACILITY,텀블러_좋다,3.0708,긍정,,
데니스커피 신림점,FACILITY,가게_따뜻하다,3.0708,긍정,,
더벤티 서울대점,FACILITY,좌석_들어왔다,3.0708,긍정,,
메모,FACILITY,카페_쾌적하다,3.0708,긍정,,
더벤티 서울대점,FACILITY,테이블_자연뷰가 보이는,3.0708,긍정,,
냥빵,FACILITY,인테리어 소품_많다,3.0708,긍정,,
디저트 참 잘하는집 신림점,FACILITY,카페 인테리어_깔끔하다,2.8836,긍정,,
카페드림,FACILITY,넓은 공간_좋다,2.7243,긍정,,
워킹카우,FACILITY,카페 인테리어_힙하다,2.7243,긍정,,
메모,FACILITY,포장_깔끔하다,2.5215,긍정,,
키키's 버터,FACILITY,꽃_예쁘다,2.5215,긍정,,
카페여기,FACILITY,컵_예쁘다,2.5215,긍정,,
구동커피,FACILITY,주차_있다,2.5215,긍정,,
빽다방 서원역점,FACILITY,포장_깔끔하다,2.5215,긍정,,
커피퍼센트&대단한 요거트 신림점,FACILITY,매장_깔끔하다,2.4528,긍정,,
마마메이드,FACILITY,매장_넓다,2.404,긍정,,
카페룽고,FACILITY,매장_넓다,2.404,긍정,,
OJE COFFEE(오제커피),FACILITY,테이블_많다,2.3777,긍정,,
냥빵,FACILITY,매장_예쁘다,2.3777,긍정,,
아마스빈버블티,FACILITY,2층 카페_넓다,2.2661,긍정,,
cup&coffee 컵앤커피,FACILITY,매장_이쁘다,2.2661,긍정,,
컴포즈커피 신림신화교점,FACILITY,좌석_편안하다,2.2661,긍정,,
카페오아시아,FACILITY,카페_넓다,2.2661,긍정,,
컴포즈커피 서울대신양학술정보관3점,FACILITY,카페 공간_넓다,2.1941,긍정,,
텐퍼센트커피 신림역점,FACILITY,콘센트_있다,2.0979,긍정,,
비행커피,FACILITY,가게_깔끔하다,2.0979,긍정,,
카페사계,FACILITY,사계_이쁘다,2.0472,긍정,,
쉬즈베이글,FACILITY,아기 동반_들어가기 용이하다,2.0472,긍정,,
과일담은 요거트 맛집 yomat,FACILITY,카페 인테리어_톡톡 튀다,2.0472,긍정,,
카페사계,FACILITY,테이크아웃_이쁘다,2.0472,긍정,,
카페게이트 신림별빛거리점,FACILITY,실내공간_앉아있기 좋다,2.0472,긍정,,
POPO archive(포포 아카이브),FACILITY,머무르기 좋은 카페_편하다,2.0472,긍정,,
쉼 카페,FACILITY,단체 좌석_감각적이고 깔끔하다,2.0472,긍정,,
빌베이커리,FACILITY,카페 인테리어_귀여움이 가득하다,2.0472,긍정,,
cafe 66(카페 66),FACILITY,카페 공간_앉을 곳이 많다,2.0472,긍정,,
CAFE216,FACILITY,매장 내부_예쁘다,2.0472,긍정,,
더 런드렛,FACILITY,2층 카페_아기자기하다,2.0472,긍정,,
과일담은 요거트 맛집 yomat,FACILITY,매장_이용이 편안하다,2.0472,긍정,,
mug 공대,FACILITY,회의실_용도 좋다,2.0472,긍정,,
쉬즈베이글,FACILITY,키오스크_주문하기 편리하다,2.0472,긍정,,
빌베이커리,FACILITY,매장_아기자기 귀엽다,2.0472,긍정,,
CAFE216,FACILITY,숲속 카페_좋다,2.0472,긍정,,
컴포즈커피 신림대학점,FACILITY,컴포즈 매장_넓다,2.0472,긍정,,
mug 공대,FACILITY,프라이빗 공간_용도 좋다,2.0472,긍정,,
mug 공대,FACILITY,카페 인테리어_매력적이다,2.0472,긍정,,
쉼표브레드,FACILITY,주차_된다,2.0472,긍정,,
데니스커피 신림점,FACILITY,카페 인테리어_좋다,2.0311,긍정,,
콤마커피(comma coffee),FACILITY,테이블_넓다,2.0172,긍정,,
플레이온 보드게임카페,FACILITY,시설_깨끗하다,1.9542,긍정,,
쉬즈베이글,FACILITY,매장_아늑하다,1.8162,긍정,,
더 런드렛,FACILITY,카페_조용하다,1.8162,긍정,,
OJE COFFEE(오제커피),FACILITY,좌석_많다,1.7884,긍정,,
이디야 신림미성점,FACILITY,2층 카페_널찍하다,1.7548,긍정,,
이디야 신림미성점,FACILITY,화장실_가깝다,1.7548,긍정,,
더벤티구로힐스테이트점,FACILITY,매장_깨끗하다,1.7513,긍정,,
Cafe 912,FACILITY,매장_깨끗하다,1.7513,긍정,,
비행커피,FACILITY,매장_깨끗하다,1.7513,긍정,,
카페토리,FACILITY,내부 인테리어_깔끔하다,1.7168,긍정,,
백억커피 신림점,FACILITY,내부 인테리어_깔끔하다,1.7168,긍정,,
더벤티구로힐스테이트점,FACILITY,내부 인테리어_깔끔하다,1.7168,긍정,,
과일담은 요거트 맛집 yomat,FACILITY,가게_예쁘다,1.681,긍정,,
벨라벨로카페(Bella-Bello cafe),FACILITY,꽃_예쁘다,1.681,긍정,,
탐앤탐스 삼모타워 신림역점,FACILITY,매장_넓다,1.6681,긍정,,
우체국 옆 빵집,FACILITY,매장_깔끔하다,1.6352,긍정,,
엔제리너스 구로디지털역점,FACILITY,매장_넓다,1.6262,긍정,,
이디야 신림미성점,FACILITY,내부 인테리어_조용하다,1.5567,긍정,,
홍카페 HONG CAFE,FACILITY,카페 인테리어_예쁘다,1.5367,긍정,,
데니스커피 남강점,FACILITY,카페 분위기_조용하다,1.5354,긍정,,
데이즈 라이크 디스,FACILITY,인테리어_힙하고 멋지다,1.5354,긍정,,
매머드 익스프레스 신림대학점,FACILITY,홀더_예쁘다,1.5354,긍정,,
키키's 버터,FACILITY,카페 인테리어_귀욤귀욤,1.5354,긍정,,
데니스커피 남강점,FACILITY,내부 인테리어_아늑하다,1.5354,긍정,,
미남커피,FACILITY,내부 인테리어_개방감 있다,1.5354,긍정,,
미남커피,FACILITY,매장_넓고 깔끔하다,1.5354,긍정,,
매머드 익스프레스 신림대학점,FACILITY,컵_깔끔하다,1.5354,긍정,,
더리터신림점,FACILITY,야외 좌석_앉을 수 있는 테이블이 있다,1.5354,긍정,,
더리터신림점,FACILITY,내부 인테리어_고급진,1.5354,긍정,,
노와드코코 베이커리,FACILITY,실내공간_깨끗하다,1.5354,긍정,,
데니스커피 남강점,FACILITY,3층_엄청 넓다,1.5354,긍정,,
더리터신림점,FACILITY,인테리어_아늑한 분위기,1.5354,긍정,,
커피당,FACILITY,카페_좌석 수가 많다,1.5354,긍정,,
커피당,FACILITY,카페 인테리어_어우러져 독특하다,1.5354,긍정,,
굽다방,FACILITY,가게_작고 이쁘다,1.5354,긍정,,
별별카롱,FACILITY,복장_청결하다,1.5354,긍정,,
굽다방,FACILITY,테이블_작지만 아름답게 놓여있다,1.5354,긍정,,
커피 브륄레,FACILITY,인테리어_멋지다,1.5354,긍정,,
커피당,FACILITY,내부 인테리어_구조가 독특하다,1.5354,긍정,,
카페 188,FACILITY,카페 인테리어_인별 업로드하기 좋다,1.5354,긍정,,
워킹카우,FACILITY,코스터_예쁘다,1.5354,긍정,,
카페일기,FACILITY,건조기_사이즈가 크다,1.5354,긍정,,
카페 188,FACILITY,주차_되다,1.5354,긍정,,
애담커피,FACILITY,가게_아기자기하다,1.5354,긍정,,
Lee 집 coffee,FACILITY,인형_많다,1.5354,긍정,,
카페 188,FACILITY,창문뷰_크다,1.5354,긍정,,
매머드 익스프레스 신림대학점,FACILITY,키오스크_빠르다,1.5354,긍정,,
노와드코코 베이커리,FACILITY,작은 빵집_알차다,1.5354,긍정,,
별별카롱,FACILITY,테이크아웃_종이 재활용뚜껑이어서 좋다,1.5354,긍정,,
커피당,FACILITY,매장_복층구조다,1.5354,긍정,,
세상의 모든 디저트,FACILITY,가게_너무 예쁘다,1.5354,긍정,,
컴포즈커피 신림대학점,FACILITY,자리_편하다,1.5107,긍정,,
도로시쿠케 Dorothycookae,FACILITY,매장_이쁘다,1.5107,긍정,,
더 런드렛,FACILITY,화장실_깔끔하다,1.5107,긍정,,
카페사계,FACILITY,가게_이쁘다,1.5107,긍정,,
FOAM & normal (폼앤노말),FACILITY,카페 인테리어_좋다,1.4966,긍정,,
썰카페,FACILITY,카페 인테리어_예쁘다,1.4818,긍정,,
빵장수단팥빵cafe 신림점,FACILITY,매장_깔끔하다,1.4717,긍정,,
백억커피(서원역점),FACILITY,매장_넓다,1.4424,긍정,,
카페토리,FACILITY,카페 인테리어_깔끔하다,1.4418,긍정,,
굽다방,FACILITY,카페 인테리어_깔끔하다,1.4418,긍정,,
Cafe 912,FACILITY,카페 인테리어_깔끔하다,1.4418,긍정,,
벨라벨로카페(Bella-Bello cafe),FACILITY,주차_가능하다,1.3986,긍정,,
빌베이커리,FACILITY,가게_깔끔하다,1.3986,긍정,,
카페게이트 신림별빛거리점,FACILITY,테라스_좋다,1.3986,긍정,,
국민우유집 신림점,FACILITY,게임카페_있다,1.3621,긍정,,
카페 188,FACILITY,테라스_예쁘다,1.3621,긍정,,
윈썸,FACILITY,가게_넓다,1.3621,긍정,,
윈썸,FACILITY,컵_예쁘다,1.2608,긍정,,
워킹카우,FACILITY,내부 인테리어_좋다,1.2608,긍정,,
데이즈 라이크 디스,FACILITY,야외 좌석_좋다,1.2608,긍정,,
딜 카페,FACILITY,2층 카페_좋다,1.2608,긍정,,
데이즈 라이크 디스,FACILITY,카페 공간_좋다,1.2608,긍정,,
데니스커피 남강점,FACILITY,2층 카페_좋다,1.2608,긍정,,
애담커피,FACILITY,카페_아담하다,1.2608,긍정,,
포레스트 하우스,FACILITY,콘센트_자리마다 잘 되어 있다,1.2283,긍정,,
카페 리버스(Cafe Reverse),FACILITY,2층 카페_공간이 있다,1.2283,긍정,,
포레스트 하우스,FACILITY,3층_넓다,1.2283,긍정,,
포레스트 하우스,FACILITY,좌석_널널하다,1.2283,긍정,,
히포커피 신림점,FACILITY,매장 내부_깔끔하다,1.2283,긍정,,
에놀라 톤,FACILITY,테이블_힐링되는 곳이다,1.2283,긍정,,
에놀라 톤,FACILITY,내부 인테리어_인테리어가 멋지다,1.2283,긍정,,
페이브 베이커리 서울대점,FACILITY,창문뷰_커다랗다,1.2283,긍정,,
나인티스,FACILITY,카페_아기자기하다,1.2283,긍정,,
컴포즈커피 서울대신양학술정보관3점,FACILITY,곳_넓다,1.2283,긍정,,
빵장수단팥빵cafe 신림점,FACILITY,빵집_깔끔하다,1.2283,긍정,,
후후라운지,FACILITY,카페 인테리어_감각적이다,1.2283,긍정,,
히포커피 신림점,FACILITY,내부 인테리어_크다,1.2283,긍정,,
텐퍼센트커피 신림역점,FACILITY,매장_깔끔하다,1.2264,긍정,,
빽다방 서원역점,FACILITY,매장_깔끔하다,1.2264,긍정,,
백억커피 신림점,FACILITY,매장_깔끔하다,1.2264,긍정,,
세상의 모든 디저트,FACILITY,매장_깔끔하다,1.2264,긍정,,
하삼동커피 신림난곡점,FACILITY,매장_깔끔하다,1.2264,긍정,,
쉼표브레드,FACILITY,카페 인테리어_이쁘다,1.2189,긍정,,
CAFE216,FACILITY,카페 인테리어_이쁘다,1.2189,긍정,,
카페오아시아,FACILITY,매장_넓다,1.202,긍정,,
백억커피,FACILITY,매장_넓다,1.202,긍정,,
UNSIDE COFFEE ROASTERS(언사이드 커피 로스터스),FACILITY,매장_넓다,1.202,긍정,,
컴포즈커피 신림신화교점,FACILITY,매장_넓다,1.202,긍정,,
별별카롱,FACILITY,카페 인테리어_멋지다,1.1888,긍정,,
이디야커피(신림대학동점),FACILITY,매장_깨끗하다,1.1675,긍정,,
컴포즈커피 신림대학점,FACILITY,매장_깨끗하다,1.1675,긍정,,
킹덤보드게임카페 신림점,FACILITY,게임카페_있다,1.1675,긍정,,
나인티스,FACILITY,카페 인테리어_깔끔하다,1.1534,긍정,,
마티스커피,FACILITY,칸막이 좌석_좋다,1.1516,긍정,,
카페일기,FACILITY,자리_편하다,1.1331,긍정,,
카페일기,FACILITY,매장_이쁘다,1.1331,긍정,,
Lee 집 coffee,FACILITY,매장_청결하다,1.1331,긍정,,
애담커피,FACILITY,매장_청결하다,1.1331,긍정,,
세상의 모든 디저트,FACILITY,인테리어_예쁘다,1.1331,긍정,,
커피 브륄레,FACILITY,매장_청결하다,1.1331,긍정,,
미남커피,FACILITY,주차_편하다,1.1331,긍정,,
엔제리너스 대학점,FACILITY,지하 공간_넓다,1.1167,긍정,,
스타벅스 신림점,FACILITY,창가자리_좋다,1.1167,긍정,,
메이지커피,FACILITY,루프탑_좋다,1.1167,긍정,,
디저트문,FACILITY,매장_넓다,1.1161,긍정,,
커피니쉬(COFFEE NISHE),FACILITY,좌석_편하다,1.1103,긍정,,
나인티스,FACILITY,매장_아늑하다,1.0897,긍정,,
카페 리버스(Cafe Reverse),FACILITY,테라스_시원하다,1.0897,긍정,,
포레스트 하우스,FACILITY,주차_넓다,1.0897,긍정,,
나인티스,FACILITY,화장실_이용하기 편하다,1.0897,긍정,,
카페 리버스(Cafe Reverse),FACILITY,카페_조용하다,1.0897,긍정,,
딜 카페,FACILITY,인테리어_좋다,1.0875,긍정,,
Lee 집 coffee,FACILITY,카페_예쁘다,1.0489,긍정,,
딜 카페,FACILITY,자리_많다,1.0489,긍정,,
카페일기,FACILITY,카페_예쁘다,1.0489,긍정,,
백억커피,FACILITY,가게_깔끔하다,1.0489,긍정,,
low position(로우 포지션),FACILITY,화장실_깨끗하다,1.046,긍정,,
네이밍카페커피GO!#1,FACILITY,매장_넓다,1.0303,긍정,,
시그니처커피2호점,FACILITY,위치_맘에 든다,1.0236,긍정,,
시그니처커피2호점,FACILITY,카페 인테리어_맘에 든다,1.0236,긍정,,
G-CAFE,FACILITY,카페 인테리어_빈티지하다,1.0236,긍정,,
인더숲,FACILITY,카페 공간_아기자기 깔끔하다,1.0236,긍정,,
데이지 커피,FACILITY,우드 인테리어_아늑하다,1.0236,긍정,,
인더숲,FACILITY,한적한 카페,1.0236,긍정,,
이디야커피(신림대학동점),FACILITY,고시촌_좋다,1.0236,긍정,,
데이지 커피,FACILITY,테이블_간격 여유롭다,1.0236,긍정,,
밀크커피,FACILITY,식물 인테리어_많다,1.0236,긍정,,
시그니처커피2호점,FACILITY,내부 인테리어_쉬어가기 좋다,1.0236,긍정,,
킷사텐 신림점,FACILITY,키오스크_심플하고 이쁘다,1.0236,긍정,,
킷사텐 신림점,FACILITY,화장실_시간 보내기 좋다,1.0236,긍정,,
쉼 카페,FACILITY,까페_깔끔하다,1.0236,긍정,,
쉼 카페,FACILITY,테이블_2개 있다,1.0236,긍정,,
쉼 카페,FACILITY,카페 인테리어_센스가 담겼다,1.0236,긍정,,
G-CAFE,FACILITY,1층 카페_넓다,1.0236,긍정,,
디저트39 신림역점,FACILITY,컵_예쁘다,1.0086,긍정,,
백억커피(서원역점),FACILITY,실내공간_깔끔하다,1.0086,긍정,,
빵장수단팥빵cafe 신림점,FACILITY,포장_깔끔하다,1.0086,긍정,,
페이브 베이커리 서울대점,FACILITY,실내공간_깔끔하다,1.0086,긍정,,
원브릿지,FACILITY,카페 인테리어_이쁘다,0.9973,긍정,,
우체국 옆 빵집,FACILITY,카페 인테리어_예쁘다,0.9879,긍정,,
저스트 로맨틱,FACILITY,카페 인테리어_예쁘다,0.9879,긍정,,
데이지 커피,FACILITY,카페 인테리어_예쁘다,0.9879,긍정,,
투썸플레이스 신림로점,FACILITY,매장_넓다,0.9835,긍정,,
할리스커피 난곡사거리점,FACILITY,3층_좋다,0.9697,긍정,,
밀크커피,FACILITY,카페 인테리어_깔끔하다,0.9612,긍정,,
POPO archive(포포 아카이브),FACILITY,카페 인테리어_깔끔하다,0.9612,긍정,,
이디야커피(신림패션문화점),FACILITY,매장_깨끗하다,0.9553,긍정,,
페이브 베이커리 서울대점,FACILITY,천장_높다,0.9511,긍정,,
attendo(아텐도),FACILITY,좌석_편하다,0.9438,긍정,,
빽다방 난곡세이브점,FACILITY,매장_깔끔하다,0.9198,긍정,,
빽다방구로KT점,FACILITY,매장_깔끔하다,0.9198,긍정,,
그릭하다,FACILITY,매장_깔끔하다,0.9198,긍정,,
궁전다방,FACILITY,카페 인테리어_이쁘다,0.9142,긍정,,
커피 브륄레,FACILITY,카페 인테리어_이쁘다,0.9142,긍정,,
애담커피,FACILITY,카페 인테리어_이쁘다,0.9142,긍정,,
인더숲,FACILITY,충전_있다,0.9081,긍정,,
데이지 커피,FACILITY,와이파이_빠르다,0.9081,긍정,,
인더숲,FACILITY,카페 인테리어_귀엽다,0.9081,긍정,,
G-CAFE,FACILITY,좌석_넓다,0.9081,긍정,,
도로시쿠케 Dorothycookae,FACILITY,화장실_청결하다,0.9081,긍정,,
시그니처커피2호점,FACILITY,테이블_간격이 넓다,0.9081,긍정,,
밀크커피,FACILITY,봉천_편하다,0.9081,긍정,,
밀크커피,FACILITY,테이블_5세트가 있다,0.9081,긍정,,
데이굿(DAY GOOD),FACILITY,카페 인테리어_귀엽다,0.9081,긍정,,
사과당 서울대점,FACILITY,매장_이쁘다,0.9064,긍정,,
콤마커피(comma coffee),FACILITY,좌석_편안하다,0.9064,긍정,,
에놀라 톤,FACILITY,매장_청결하다,0.9064,긍정,,
컴포즈커피 신림녹두점,FACILITY,매장_넓다,0.9015,긍정,,
투썸플레이스 신림녹두거리점,FACILITY,매장_넓다,0.9015,긍정,,
할리스 신림점,FACILITY,매장_넓다,0.8857,긍정,,
카페라움(CAFE RAUM),FACILITY,머그잔_많다,0.8774,긍정,,
플랙,FACILITY,테이블_마음에 드는 자리,0.8774,긍정,,
플랙,FACILITY,소파자리_나름 괜찮다,0.8774,긍정,,
독특하개,FACILITY,바닥_미끄러지지 않다,0.8774,긍정,,
플랙,FACILITY,콘센트_자리 생겼다,0.8774,긍정,,
카페라움(CAFE RAUM),FACILITY,가게_답답하지 않다,0.8774,긍정,,
스타벅스 신림녹두거리점,FACILITY,야외 좌석_있다,0.8774,긍정,,
서울버터샌드,FACILITY,보냉팩_좋다,0.8774,긍정,,
스타벅스 신림녹두거리점,FACILITY,테이블_쾌적하다,0.8774,긍정,,
킹덤보드게임카페 신림점,FACILITY,포켓볼_있다,0.8774,긍정,,
킹덤보드게임카페 신림점,FACILITY,다트_있다,0.8774,긍정,,
스타벅스 신림녹두거리점,FACILITY,창가자리_뷰가 나쁘지 않다,0.8774,긍정,,
서울버터샌드,FACILITY,인형_귀엽다,0.8774,긍정,,
블루포트 서울대점,FACILITY,개인작업_있다,0.8774,긍정,,
걸작커피,FACILITY,건물_이쁘다,0.8774,긍정,,
서울버터샌드,FACILITY,인테리어_감각적이다,0.8774,긍정,,
컴포즈커피,FACILITY,블루포트 서울대학교점_청결하다,0.8774,긍정,,
걸작커피,FACILITY,주차_좋다,0.8774,긍정,,
네이밍카페커피GO!#1,FACILITY,2층 카페_공부하거나 일하기 좋다,0.8774,긍정,,
네이밍카페커피GO!#1,FACILITY,2층 좌석_넓다,0.8774,긍정,,
네이밍카페커피GO!#1,FACILITY,빨대_친환경적이다,0.8774,긍정,,
매머드 익스프레스 신림대학점,FACILITY,매장_깨끗하다,0.8757,긍정,,
국민우유집 신림점,FACILITY,매장_깨끗하다,0.8757,긍정,,
코아르(coar),FACILITY,카페 인테리어_예쁘다,0.8716,긍정,,
페이브 베이커리 서울대점,FACILITY,내부 인테리어_깨끗하다,0.87,긍정,,
히포커피 신림점,FACILITY,인테리어_좋다,0.87,긍정,,
이디야,FACILITY,매장_넓다,0.8654,긍정,,
프롬 카페(from. cafe),FACILITY,카페 인테리어_깔끔하다,0.8651,긍정,,
Coffee Planet(커피 플래닛),FACILITY,매장_넓다,0.8586,긍정,,
윈썸,FACILITY,내부 인테리어_깔끔하다,0.8584,긍정,,
서울버터샌드,FACILITY,카페 인테리어_예쁘다,0.8467,긍정,,
카페라움(CAFE RAUM),FACILITY,화장실_깨끗하다,0.8467,긍정,,
"?커피,MOCC",FACILITY,카페 인테리어_예쁘다,0.8467,긍정,,
데이굿(DAY GOOD),FACILITY,가게_예쁘다,0.8405,긍정,,
백억커피(서원역점),FACILITY,콘센트_있다,0.8392,긍정,,
아토커피 신림점,FACILITY,카페 인테리어_힙하다,0.8382,긍정,,
원브릿지,FACILITY,테라스_있다,0.8375,긍정,,
플레이온 보드게임카페,FACILITY,룸카페_좋다,0.8375,긍정,,
어반커피,FACILITY,매장_넓다,0.8362,긍정,,
엔제리너스 대학점,FACILITY,2층 카페_넓다,0.824,긍정,,
컴포즈커피,FACILITY,카페 인테리어_깔끔하다,0.8239,긍정,,
Mono Hertz(모노헤르쯔),FACILITY,카페 인테리어_예쁘다,0.8232,긍정,,
쉼표브레드,FACILITY,매장_깔끔하다,0.8176,긍정,,
킷사텐 신림점,FACILITY,매장_깔끔하다,0.8176,긍정,,
카페게이트 신림별빛거리점,FACILITY,매장_깔끔하다,0.8176,긍정,,
POPO archive(포포 아카이브),FACILITY,매장_깔끔하다,0.8176,긍정,,
투달러커피 난곡사거리점,FACILITY,매장_깔끔하다,0.8176,긍정,,
카페레이브,FACILITY,카페 인테리어_예쁘다,0.8083,긍정,,
벨라벨로카페(Bella-Bello cafe),FACILITY,매장_넓다,0.8013,긍정,,
토마 화실,FACILITY,매장_넓다,0.8013,긍정,,
시그니처커피2호점,FACILITY,매장_넓다,0.8013,긍정,,
도로시쿠케 Dorothycookae,FACILITY,카페 인테리어_멋지다,0.7926,긍정,,
커피 브륄레,FACILITY,좌석_편하다,0.7865,긍정,,
독특하개,FACILITY,카페 공간_넓다,0.7836,긍정,,
컴포즈커피,FACILITY,테이블_5세트가 있다,0.7784,긍정,,
블루포트 서울대점,FACILITY,넓은 공간_좋다,0.7784,긍정,,
스타벅스 신림녹두거리점,FACILITY,와이파이_빠르다,0.7784,긍정,,
블루포트 서울대점,FACILITY,1인 자리_있다,0.7784,긍정,,
컴포즈커피,FACILITY,봉천_편하다,0.7784,긍정,,
블루포트 서울대점,FACILITY,충전_있다,0.7784,긍정,,
스타벅스 신림녹두거리점,FACILITY,스터디카페_좋다,0.7784,긍정,,
만랩커피 신림별빛거리점,FACILITY,텀블러_특이하다,0.7677,긍정,,
컴포즈커피 신림녹두점,FACILITY,화장실_이용에 불편함이 없다,0.7677,긍정,,
그릭하다,FACILITY,입구_두개,0.7677,긍정,,
컴포즈커피 신림녹두점,FACILITY,컵_너무 예쁘다,0.7677,긍정,,
그릭하다,FACILITY,컵_귀엽다,0.7677,긍정,,
컴포즈커피 신림녹두점,FACILITY,주차_바로 옆이다,0.7677,긍정,,
빽다방구로KT점,FACILITY,인테리어_제 취향이다,0.7677,긍정,,
빽다방구로KT점,FACILITY,뷰_예쁘다,0.7677,긍정,,
빽다방 난곡세이브점,FACILITY,야외 좌석_이용하는 것이 좋다,0.7677,긍정,,
마티스커피,FACILITY,자리_칸막이로 되어있다,0.7677,긍정,,
백억커피 구로점,FACILITY,원목 인테리어_따듯함이 느껴진다,0.7677,긍정,,
빽다방 난곡세이브점,FACILITY,좌석_있다,0.7677,긍정,,
만랩커피 신림별빛거리점,FACILITY,테이블_있다,0.7677,긍정,,
만랩커피 신림별빛거리점,FACILITY,야외 좌석_예쁘다,0.7677,긍정,,
빽다방구로KT점,FACILITY,하나로마트_더 시원하다,0.7677,긍정,,
빽다방구로KT점,FACILITY,매장자리_꽤 있다,0.7677,긍정,,
컴포즈커피 신림녹두점,FACILITY,점포_깨끗하다,0.7677,긍정,,
빽다방 난곡세이브점,FACILITY,건물 로비층_천고가 높다,0.7677,긍정,,
그릭하다,FACILITY,카페 인테리어_눈을 편안하게 한다,0.7677,긍정,,
마티스커피,FACILITY,카페 인테리어_좋다,0.7617,긍정,,
도로시쿠케 Dorothycookae,FACILITY,가게_이쁘다,0.7554,긍정,,
파스쿠찌 서울대관정도서관점,FACILITY,2층 카페_넓다,0.7554,긍정,,
킷사텐 신림점,FACILITY,가게_이쁘다,0.7554,긍정,,
G-CAFE,FACILITY,카페_넓다,0.7554,긍정,,
G-CAFE,FACILITY,2층 카페_넓다,0.7554,긍정,,
인더숲,FACILITY,넓은 공간,0.7554,긍정,,
Mono Hertz(모노헤르쯔),FACILITY,카페_넓다,0.7554,긍정,,
이디야커피(신림대학동점),FACILITY,넓은 공간,0.7554,긍정,,
도로시쿠케 Dorothycookae,FACILITY,인테리어_예쁘다,0.7554,긍정,,
원브릿지,FACILITY,포토존_예쁘다,0.743,긍정,,
Lee 집 coffee,FACILITY,카페 인테리어_예쁘다,0.7409,긍정,,
데이즈 라이크 디스,FACILITY,카페 인테리어_예쁘다,0.7409,긍정,,
딜 카페,FACILITY,카페 인테리어_예쁘다,0.7409,긍정,,
국민우유집 신림점,FACILITY,화장실_깨끗하다,0.7409,긍정,,
국민우유집 신림점,FACILITY,카페 인테리어_예쁘다,0.7409,긍정,,
노와드코코 베이커리,FACILITY,카페 인테리어_예쁘다,0.7409,긍정,,
읍천리382 신림점,FACILITY,카페 인테리어_예쁘다,0.7409,긍정,,
카페in하루,FACILITY,카페 인테리어_좋다,0.7386,긍정,,
에놀라 톤,FACILITY,카페 인테리어_이쁘다,0.7314,긍정,,
카페 리버스(Cafe Reverse),FACILITY,카페 인테리어_이쁘다,0.7314,긍정,,
블러 커피,FACILITY,인테리어_깔끔하다,0.725,긍정,,
코아르(coar),FACILITY,포토존_좋다,0.7225,긍정,,
low position(로우 포지션),FACILITY,카페 인테리어_아늑하다,0.7225,긍정,,
파스쿠찌 센트로서울대점,FACILITY,카페 인테리어_멋있다,0.7225,긍정,,
백억커피,FACILITY,카페 인테리어_깔끔하다,0.7209,긍정,,
나티(NAUGHTY),FACILITY,카페 인테리어_깔끔하다,0.7209,긍정,,
미남커피,FACILITY,카페 인테리어_깔끔하다,0.7209,긍정,,
걸작커피,FACILITY,카페_아담하다,0.7204,긍정,,
히포커피 신림점,FACILITY,좌석_많다,0.7153,긍정,,
컴포즈커피 서울대신양학술정보관3점,FACILITY,좌석_많다,0.7153,긍정,,
파스쿠찌 센트로서울대점,FACILITY,매장_넓다,0.7071,긍정,,
홍카페 HONG CAFE,FACILITY,매장_예쁘다,0.7045,긍정,,
컴포즈커피,FACILITY,매장_깔끔하다,0.7008,긍정,,
디저트39 신림역점,FACILITY,매장_깨끗하다,0.7005,긍정,,
더리터 신림중앙점,FACILITY,매장_깨끗하다,0.7005,긍정,,
이디야커피(신림대학동점),FACILITY,자리_많다,0.6993,긍정,,
파스쿠찌 서울대관정도서관점,FACILITY,자리_많다,0.6993,긍정,,
킷사텐 신림점,FACILITY,주차_가능하다,0.6993,긍정,,
투달러커피 난곡사거리점,FACILITY,가게_깔끔하다,0.6993,긍정,,
카페 아래로 ARERO,FACILITY,매장_넓다,0.6869,긍정,,
빽다방 신림대학점,FACILITY,화장실_깨끗하다,0.6839,긍정,,
저스트 로맨틱,FACILITY,빨대_하트모양이다,0.6824,긍정,,
시티스트릿츠,FACILITY,테이크아웃_친환경 용기 사용,0.6824,긍정,,
저스트 로맨틱,FACILITY,좌석_다양하다,0.6824,긍정,,
시티스트릿츠,FACILITY,통유리 카페_답답함이 없다,0.6824,긍정,,
시티스트릿츠,FACILITY,매장 내부_감각적으로 변했다,0.6824,긍정,,
시티스트릿츠,FACILITY,좌석_예쁘고 편하다,0.6824,긍정,,
카페디딤,FACILITY,스터디카페_좋다,0.6811,긍정,,
빽다방 난곡세이브점,FACILITY,화장실_있다,0.6811,긍정,,
만랩커피 신림별빛거리점,FACILITY,테라스_예쁘다,0.6811,긍정,,
카페 아래로 ARERO,FACILITY,카페 인테리어_멋지다,0.6793,긍정,,
걸작커피,FACILITY,카페 인테리어_멋지다,0.6793,긍정,,
THE ROASTER 59(더 로스터 59),FACILITY,천장_높다,0.6793,긍정,,
이디야 신림미성점,FACILITY,매장_예쁘다,0.6793,긍정,,
플랙,FACILITY,좌석 간격_넓다,0.6793,긍정,,
데이지 커피,FACILITY,내부 인테리어_넓다,0.677,긍정,,
궁전다방,FACILITY,좌석_편하다,0.6741,긍정,,
토마 화실,FACILITY,주차_편하다,0.6714,긍정,,
할리스 신림점,FACILITY,콘센트_많다,0.6625,긍정,,
시티스트릿츠,FACILITY,카페 인테리어_예쁘다,0.6586,긍정,,
카페오트르,FACILITY,매장_넓다,0.6556,긍정,,
엔제리너스 대학점,FACILITY,매장_넓다,0.6556,긍정,,
서울버터샌드,FACILITY,주차_편하다,0.6475,긍정,,
카페라움(CAFE RAUM),FACILITY,자리_편하다,0.6475,긍정,,
독특하개,FACILITY,매장_청결하다,0.6475,긍정,,
후후라운지,FACILITY,매장_넓다,0.6411,긍정,,
블러 커피,FACILITY,카페 인테리어_깔끔하다,0.6408,긍정,,
할리스커피 난곡사거리점,FACILITY,매장_넓다,0.6326,긍정,,
에놀라 톤,FACILITY,좌석_편하다,0.6292,긍정,,
진서의 정원,FACILITY,내부 인테리어_넓다,0.625,긍정,,
블루포트 서울대점,FACILITY,내부 인테리어_깨끗하다,0.6214,긍정,,
플랙,FACILITY,인테리어_좋다,0.6214,긍정,,
카페디딤,FACILITY,화장실_깨끗하다,0.6174,긍정,,
사과당 서울대점,FACILITY,카페 인테리어_눈에 띈다,0.6142,긍정,,
301h(301에이치),FACILITY,창가자리_강추하다,0.6142,긍정,,
사과당 서울대점,FACILITY,카페 공간_잘 해놓다,0.6142,긍정,,
사과당 서울대점,FACILITY,인테리어_아기자기하고 예쁘다,0.6142,긍정,,
사과당 서울대점,FACILITY,2층 카페_귀욤귀욤한 자리들 있다,0.6142,긍정,,
신림마당,FACILITY,식물 인테리어_좋다,0.6142,긍정,,
신림마당,FACILITY,책_좋다,0.6142,긍정,,
프롬 카페(from. cafe),FACILITY,청결한 매장_쾌적하다,0.6142,긍정,,
신림마당,FACILITY,청결한 매장,0.6142,긍정,,
301h(301에이치),FACILITY,뷰_한적하다,0.6142,긍정,,
301h(301에이치),FACILITY,원목 인테리어_이쁘다,0.6142,긍정,,
디저트39 신림역점,FACILITY,카페 공간_넉넉하다,0.6142,긍정,,
디저트39 신림역점,FACILITY,가족 모임_예쁘다,0.6142,긍정,,
디저트39 신림역점,FACILITY,테이블_다닥다닥이지 않다,0.6142,긍정,,
301h(301에이치),FACILITY,화장실_깨끗한 편이다,0.6142,긍정,,
301h(301에이치),FACILITY,콘센트_자리마다 거의 다 있다,0.6142,긍정,,
카페 플롬,FACILITY,카페 인테리어_단정하다,0.6142,긍정,,
카페 플롬,FACILITY,조명 분위기_깔끔하다,0.6142,긍정,,
카페 플롬,FACILITY,인테리어_힙하다,0.6142,긍정,,
카페 플롬,FACILITY,카페 공간_예쁘고 깔끔하다,0.6142,긍정,,
소재지,FACILITY,좌석_콘센트가 있다,0.6142,긍정,,
소재지,FACILITY,콘센트_굉장히 많다,0.6142,긍정,,
소재지,FACILITY,창문뷰_좋다,0.6142,긍정,,
소재지,FACILITY,매장_큰 테이블이 있다,0.6142,긍정,,
소재지,FACILITY,넓은 개방감_좋다,0.6142,긍정,,
attendo(아텐도),FACILITY,매장 내부_깨끗하다,0.6142,긍정,,
신림마당,FACILITY,지하 공간_조용하다,0.6142,긍정,,
더리터 신림중앙점,FACILITY,내부 인테리어_차분한 분위기,0.6142,긍정,,
더리터 신림중앙점,FACILITY,화장실_깨끗하게 잘 유지하다,0.6142,긍정,,
신림마당,FACILITY,1층 카페_좋다,0.6142,긍정,,
카페 플롬,FACILITY,bar_신선하다,0.6142,긍정,,
윈썸,FACILITY,매장_깔끔하다,0.6132,긍정,,
반지만들기 카페,FACILITY,매장_깔끔하다,0.6132,긍정,,
키키's 버터,FACILITY,매장_깔끔하다,0.6132,긍정,,
만랩커피 신림별빛거리점,FACILITY,매장_깔끔하다,0.6132,긍정,,
더리터신림점,FACILITY,매장_깔끔하다,0.6132,긍정,,
별별카롱,FACILITY,매장_깔끔하다,0.6132,긍정,,
노와드코코 베이커리,FACILITY,매장_깔끔하다,0.6132,긍정,,
저스트 로맨틱,FACILITY,인테리어_이쁘다,0.6054,긍정,,
백억커피 구로점,FACILITY,매장_넓다,0.601,긍정,,
파스쿠찌 서울대관정도서관점,FACILITY,좌석_많다,0.5961,긍정,,
커피니쉬(COFFEE NISHE),FACILITY,테이블_넓다,0.5933,긍정,,
카페라움(CAFE RAUM),FACILITY,내부 인테리어_넓다,0.5803,긍정,,
THE ROASTER 59(더 로스터 59),FACILITY,자리_넓다,0.5803,긍정,,
페이브 베이커리 서울대점,FACILITY,카페 인테리어_깔끔하다,0.5767,긍정,,
attendo(아텐도),FACILITY,카페 인테리어_깔끔하다,0.5767,긍정,,
콤마커피(comma coffee),FACILITY,카페 인테리어_깔끔하다,0.5767,긍정,,
메이지커피,FACILITY,콘센트_있다,0.5721,긍정,,
카페오트르,FACILITY,좌석_편하다,0.572,긍정,,
메이지커피,FACILITY,좌석_편하다,0.572,긍정,,
카페레이브,FACILITY,좌석_편하다,0.572,긍정,,
마티스커피,FACILITY,좌석_편안하다,0.5665,긍정,,
백억커피 구로점,FACILITY,화장실_깔끔하다,0.5665,긍정,,
아토커피 신림점,FACILITY,매장_깔끔하다,0.566,긍정,,
진서의 정원,FACILITY,카페 인테리어_이쁘다,0.5626,긍정,,
메이지커피,FACILITY,자리_콘센트가 있다,0.5583,긍정,,
이디야커피(신림패션문화점),FACILITY,이디야_넓다,0.5583,긍정,,
카페in하루,FACILITY,층_쾌적하다,0.5583,긍정,,
카페in하루,FACILITY,2층 카페_쇼파자리가 있다,0.5583,긍정,,
카페in하루,FACILITY,좌석_블링하다,0.5583,긍정,,
스타벅스 신림점,FACILITY,신림카페_넓다,0.5583,긍정,,
카페in하루,FACILITY,테이블_블링하다,0.5583,긍정,,
엔제리너스 대학점,FACILITY,카페 인테리어_고즈넉한 분위기,0.5583,긍정,,
엔제리너스 대학점,FACILITY,대학동 카페_규모가 크다,0.5583,긍정,,
카페오트르,FACILITY,카페 인테리어_예쁘게 잘 되어 있다,0.5583,긍정,,
카페오트르,FACILITY,자리_넉넉하다,0.5583,긍정,,
카페오트르,FACILITY,화장실_깨끗하게 잘 관리되어 있다,0.5583,긍정,,
이디야커피(신림패션문화점),FACILITY,소파자리_콘센트가 있다,0.5583,긍정,,
투썸플레이스 신림로점,FACILITY,투썸_넓다,0.5583,긍정,,
스타벅스 신림점,FACILITY,3층_있다,0.5583,긍정,,
스타벅스 신림점,FACILITY,스타벅스_아늑하다,0.5583,긍정,,
투썸플레이스 신림로점,FACILITY,층수_넓다,0.5583,긍정,,
스타벅스 신림점,FACILITY,매장 내부_조심하라고 말씀해주다,0.5583,긍정,,
프롬 카페(from. cafe),FACILITY,테이블_간격이 넓다,0.5449,긍정,,
더리터 신림중앙점,FACILITY,따뜻한 분위기_많다,0.5449,긍정,,
attendo(아텐도),FACILITY,디자인_깔끔하다,0.5449,긍정,,
더리터 신림중앙점,FACILITY,좌석_넓다,0.5449,긍정,,
프롬 카페(from. cafe),FACILITY,블랙앤화이트 인테리어_깔끔하다,0.5449,긍정,,
토마 화실,FACILITY,카페 공간_넓다,0.5417,긍정,,
이디야커피(신림패션문화점),FACILITY,화장실_깨끗하다,0.5388,긍정,,
파스쿠찌 센트로서울대점,FACILITY,2층 카페_넓다,0.5332,긍정,,
코아르(coar),FACILITY,소파자리_편하다,0.5332,긍정,,
카페디딤,FACILITY,콘센트_있다,0.5245,긍정,,
투썸플레이스 신림녹두거리점,FACILITY,자리_많다,0.5245,긍정,,
그릭하다,FACILITY,가게_깔끔하다,0.5245,긍정,,
백억커피 구로점,FACILITY,콘센트_많다,0.5245,긍정,,
백억커피 구로점,FACILITY,가게_깔끔하다,0.5245,긍정,,
플레이온 보드게임카페,FACILITY,카페 인테리어_깔끔하다,0.5243,긍정,,
나티(NAUGHTY),FACILITY,좌석_편하다,0.5243,긍정,,
THE ROASTER 59(더 로스터 59),FACILITY,카페 공간_넓다,0.5224,긍정,,
반지만들기 카페,FACILITY,카페 인테리어_만족스럽다,0.5118,긍정,,
반지만들기 카페,FACILITY,게임카페_넘 좋다,0.5118,긍정,,
반지만들기 카페,FACILITY,아늑한 카페_편하다,0.5118,긍정,,
반지만들기 카페,FACILITY,공방_이쁘다,0.5118,긍정,,
읍천리382 신림점,FACILITY,컵_이쁘다,0.5118,긍정,,
나티(NAUGHTY),FACILITY,장소_깨끗하고 세련되고 이쁘다,0.5118,긍정,,
나티(NAUGHTY),FACILITY,스피커_퀄리티가 좋다,0.5118,긍정,,
나티(NAUGHTY),FACILITY,매장_힙한 블랙화이트 느낌이다,0.5118,긍정,,
데이굿(DAY GOOD),FACILITY,포토존_이쁘게 꾸며져 있다,0.5118,긍정,,
데이굿(DAY GOOD),FACILITY,인테리어 소품_아기자기 하고 예쁘다,0.5118,긍정,,
읍천리382 신림점,FACILITY,식물 인테리어_보기 좋다,0.5118,긍정,,
데이굿(DAY GOOD),FACILITY,매장_귀엽다,0.5118,긍정,,
읍천리382 신림점,FACILITY,인테리어_맘에 든다,0.5118,긍정,,
카페 아래로 ARERO,FACILITY,좌석_많다,0.511,긍정,,
네이밍카페커피GO!#1,FACILITY,좌석_많다,0.511,긍정,,
Mono Hertz(모노헤르쯔),FACILITY,좌석_편안하다,0.5036,긍정,,
할리스 신림점,FACILITY,좌석 간격_넓다,0.5006,긍정,,
할리스커피 난곡사거리점,FACILITY,좌석_편하다,0.4967,긍정,,
플레이온 보드게임카페,FACILITY,보드게임카페_종류가 많다,0.4953,긍정,,
카페레이브,FACILITY,식기류_예쁘다,0.4953,긍정,,
카페디딤,FACILITY,카페 인테리어_예쁘다,0.4939,긍정,,
블러 커피,FACILITY,화장실_깨끗하다,0.4939,긍정,,
투달러커피 난곡사거리점,FACILITY,카페 인테리어_예쁘다,0.4939,긍정,,
이디야커피(신림대학동점),FACILITY,화장실_깨끗하다,0.4939,긍정,,
파스쿠찌 센트로서울대점,FACILITY,테라스_좋다,0.4936,긍정,,
이디야,FACILITY,내부 인테리어_넓직하다,0.4913,긍정,,
이디야,FACILITY,야외 좌석_많다,0.4913,긍정,,
이디야,FACILITY,관악지역_쾌적하다,0.4913,긍정,,
이디야,FACILITY,매장 공간_넓다,0.4913,긍정,,
콤마커피(comma coffee),FACILITY,매장_깔끔하다,0.4906,긍정,,
카페 리버스(Cafe Reverse),FACILITY,매장_깔끔하다,0.4906,긍정,,
히포커피 신림점,FACILITY,매장_깔끔하다,0.4906,긍정,,
걸작커피,FACILITY,내부 인테리어_깔끔하다,0.4905,긍정,,
포레스트 하우스,FACILITY,매장_넓다,0.4808,긍정,,
카페 아래로 ARERO,FACILITY,주차_있다,0.4803,긍정,,
카페 오름,FACILITY,카페_깔끔하게 정돈되다,0.4724,긍정,,
진서의 정원,FACILITY,좌석_좋다,0.4724,긍정,,
카페 오름,FACILITY,바깥 풍경_좋다,0.4724,긍정,,
진서의 정원,FACILITY,벽지_귀엽다,0.4724,긍정,,
진서의 정원,FACILITY,크리스마스 분위기_귀엽다,0.4724,긍정,,
카페 오름,FACILITY,테라스_뷰가 예쁘다,0.4724,긍정,,
카페 오름,FACILITY,야외 좌석_인기석이다,0.4724,긍정,,
빽다방 신림대학점,FACILITY,휴지통_영수증더미가 넘쳐있지 않다,0.4724,긍정,,
빽다방 신림대학점,FACILITY,빽다방_가장 크다,0.4724,긍정,,
아토커피 신림점,FACILITY,신림카페_24시간 운영,0.4724,긍정,,
아토커피 신림점,FACILITY,통유리 카페_개방감이 좋다,0.4724,긍정,,
빽다방 신림대학점,FACILITY,조명 분위기_아늑하게 밝다,0.4724,긍정,,
빽다방 신림대학점,FACILITY,매장홀_넓다,0.4724,긍정,,
FOAM & normal (폼앤노말),FACILITY,화장실_깨끗하다,0.4679,긍정,,
저스트 로맨틱,FACILITY,자리_많다,0.4662,긍정,,
카페 오름,FACILITY,화장실_깨끗하다,0.4559,긍정,,
UNSIDE COFFEE ROASTERS(언사이드 커피 로스터스),FACILITY,카페 인테리어_예쁘다,0.4559,긍정,,
토마 화실,FACILITY,넓은 공간_넓다,0.4549,긍정,,
읍천리382 신림점,FACILITY,화장실_좋다,0.454,긍정,,
투달러커피 난곡사거리점,FACILITY,청결한 매장_좋다,0.454,긍정,,
투달러커피 난곡사거리점,FACILITY,카페_깔끔하다,0.454,긍정,,
프롬 카페(from. cafe),FACILITY,카페_넓다,0.4532,긍정,,
파스쿠찌 서울대관정도서관점,FACILITY,카페 인테리어_좋다,0.4514,긍정,,
디저트문,FACILITY,테라스_좋다,0.4495,긍정,,
디저트문,FACILITY,좌석_편하다,0.4494,긍정,,
투썸플레이스 신림녹두거리점,FACILITY,좌석_많다,0.4471,긍정,,
"?커피,MOCC",FACILITY,에어컨_시원하다,0.4387,긍정,,
"?커피,MOCC",FACILITY,조명 분위기_눈이 편하다,0.4387,긍정,,
"?커피,MOCC",FACILITY,식물 인테리어_편안한 감성 있다,0.4387,긍정,,
"?커피,MOCC",FACILITY,좌석_넓고 편하다,0.4387,긍정,,
킹덤보드게임카페 신림점,FACILITY,벽_보드게임이 있다,0.4387,긍정,,
독특하개,FACILITY,작업_깨끗하다,0.4387,긍정,,
Coffee Planet(커피 플래닛),FACILITY,등_좋다,0.4387,긍정,,
킹덤보드게임카페 신림점,FACILITY,포켓볼 게임기_무료이다,0.4387,긍정,,
궁전다방,FACILITY,내부 인테리어_예쁘다,0.4387,긍정,,
Coffee Planet(커피 플래닛),FACILITY,커피_깨끗하다,0.4387,긍정,,
THE ROASTER 59(더 로스터 59),FACILITY,통유리 카페_이어져서 찾아가기 좋다,0.4387,긍정,,
Coffee Planet(커피 플래닛),FACILITY,카페 공간_깨끗하다,0.4387,긍정,,
THE ROASTER 59(더 로스터 59),FACILITY,2층 카페_뷰가 좋다,0.4387,긍정,,
attendo(아텐도),FACILITY,내부 인테리어_깨끗하다,0.435,긍정,,
이디야커피(신림패션문화점),FACILITY,테이블_많다,0.4323,긍정,,
원브릿지,FACILITY,좌석_편하다,0.429,긍정,,
궁전다방,FACILITY,화장실_깨끗하다,0.4234,긍정,,
카페디딤,FACILITY,카페 공간_좋다,0.4203,긍정,,
아토커피 신림점,FACILITY,디자인_깔끔하다,0.4191,긍정,,
후후라운지,FACILITY,통유리 카페_넓은 시야감이 있다,0.4094,긍정,,
후후라운지,FACILITY,층_높다,0.4094,긍정,,
후후라운지,FACILITY,청결한 매장_있다,0.4094,긍정,,
쉼 카페,FACILITY,매장_깔끔하다,0.4088,긍정,,
메이지커피,FACILITY,화장실_깨끗하다,0.4041,긍정,,
밀크커피,FACILITY,매장_넓다,0.4007,긍정,,
원브릿지,FACILITY,카페_이쁘다,0.3954,긍정,,
카페레이브,FACILITY,카페_이쁘다,0.3954,긍정,,
어반커피,FACILITY,자리_편하다,0.3941,긍정,,
Coffee Planet(커피 플래닛),FACILITY,인테리어_아늑하다,0.3892,긍정,,
독특하개,FACILITY,블랙앤화이트 인테리어_깔끔하다,0.3892,긍정,,
어반커피,FACILITY,화장실_깨끗하다,0.3866,긍정,,
마티스커피,FACILITY,까페_엄청 넓다,0.3839,긍정,,
투썸플레이스 신림녹두거리점,FACILITY,주차_가능하고 편리하다,0.3839,긍정,,
투썸플레이스 신림녹두거리점,FACILITY,콘센트_잘 구비되어있다,0.3839,긍정,,
투썸플레이스 신림로점,FACILITY,자리_많다,0.3814,긍정,,
토마 화실,FACILITY,꽃_예쁘다,0.3736,긍정,,
코아르(coar),FACILITY,좌석_편하다,0.3701,긍정,,
UNSIDE COFFEE ROASTERS(언사이드 커피 로스터스),FACILITY,테이블_많다,0.3658,긍정,,
탐앤탐스 삼모타워 신림역점,FACILITY,좌석_많다,0.365,긍정,,
어반커피,FACILITY,카페_예쁘다,0.3648,긍정,,
low position(로우 포지션),FACILITY,소파자리_좋다,0.3613,긍정,,
코아르(coar),FACILITY,테이블_앉아있기 편하다,0.3613,긍정,,
파스쿠찌 센트로서울대점,FACILITY,자리_다양하다,0.3613,긍정,,
low position(로우 포지션),FACILITY,내부 인테리어_아담하고 예쁘다,0.3613,긍정,,
커피니쉬(COFFEE NISHE),FACILITY,멀티탭_많다,0.3613,긍정,,
커피니쉬(COFFEE NISHE),FACILITY,카페 인테리어_괜찮다,0.3613,긍정,,
low position(로우 포지션),FACILITY,인테리어_층고가 높다,0.3613,긍정,,
커피니쉬(COFFEE NISHE),FACILITY,공유 자리_넓다,0.3613,긍정,,
디저트문,FACILITY,실내공간_넓다,0.3602,긍정,,
어반커피,FACILITY,내부 인테리어_넓다,0.3532,긍정,,
블러 커피,FACILITY,좌석 간격_넓직하다,0.3412,긍정,,
파스쿠찌 서울대관정도서관점,FACILITY,카페_넓직하다,0.3412,긍정,,
블러 커피,FACILITY,카페 공간_넓고 예쁘다,0.3412,긍정,,
Mono Hertz(모노헤르쯔),FACILITY,창가자리_잘 되어있다,0.3412,긍정,,
Mono Hertz(모노헤르쯔),FACILITY,골목 카페_편안하다,0.3412,긍정,,
카페레이브,FACILITY,매장_깔끔하다,0.3345,긍정,,
FOAM & normal (폼앤노말),FACILITY,좌석_편하다,0.3312,긍정,,
투썸플레이스 신림로점,FACILITY,좌석_많다,0.3252,긍정,,
할리스커피 난곡사거리점,FACILITY,좌석 간격_적당하다,0.3232,긍정,,
FOAM & normal (폼앤노말),FACILITY,층_스터디 할 수 있는 공간이 있다,0.3232,긍정,,
할리스 신림점,FACILITY,지하 공간_좋다,0.3232,긍정,,
FOAM & normal (폼앤노말),FACILITY,층수_공간이 넓다,0.3232,긍정,,
할리스 신림점,FACILITY,카페_커서 좋다,0.3232,긍정,,
할리스커피 난곡사거리점,FACILITY,조명 분위기_적당하다,0.3232,긍정,,
홍카페 HONG CAFE,FACILITY,카페_예쁘다,0.3108,긍정,,
궁전다방,FACILITY,주차_가능하다,0.2997,긍정,,
카페 아래로 ARERO,FACILITY,5층_뷰가 좋다,0.2925,긍정,,
플레이온 보드게임카페,FACILITY,칸막이 좌석_개별공간이 나누어져 있다,0.2792,긍정,,
엔제리너스 구로디지털역점,FACILITY,콘센트_많다,0.2468,긍정,,
UNSIDE COFFEE ROASTERS(언사이드 커피 로스터스),FACILITY,원목 인테리어_신기하다,0.2362,긍정,,
UNSIDE COFFEE ROASTERS(언사이드 커피 로스터스),FACILITY,주차_두대 가능하다,0.2362,긍정,,
홍카페 HONG CAFE,FACILITY,좌석_엄청 편하다,0.2275,긍정,,
홍카페 HONG CAFE,FACILITY,입구_트렌디하게 이쁘다,0.2275,긍정,,
디저트문,FACILITY,테이블_간 거리가 있다,0.2193,긍정,,
탐앤탐스 삼모타워 신림역점,FACILITY,천장_높다,0.1941,긍정,,
엔제리너스 구로디지털역점,FACILITY,테이블_간격이 떨어져있다,0.1806,긍정,,
엔제리너스 구로디지털역점,FACILITY,주차_바로 앞이다,0.1806,긍정,,
엔제리너스 구로디지털역점,FACILITY,좌석_넉넉하다,0.1806,긍정,,
탐앤탐스 삼모타워 신림역점,FACILITY,자리_많다,0.1713,긍정,,
탐앤탐스 삼모타워 신림역점,FACILITY,흡연실_있다,0.1253,긍정,,
더벤티 서울대점,ATMOSPHERE,통유리 카페,6.2257,긍정,,
매머드익스프레스 신림역점,ATMOSPHERE,싸고 빠르다,6.2257,긍정,,
카페느티나무 음대점,ATMOSPHERE,퀄리티,5.5326,긍정,,
음매점 신림점,ATMOSPHERE,행복한 분위기,4.1463,긍정,,
카페느티나무도서관점,ATMOSPHERE,조명 분위기,4.1463,긍정,,
비행커피,ATMOSPHERE,24시간 카페,3.6884,긍정,,
소소한행복,ATMOSPHERE,시원한 분위기,3.5867,긍정,,
카페스토어,ATMOSPHERE,편안한 분위기,3.3354,긍정,,
데니스커피 남강점,ATMOSPHERE,더위,3.1129,긍정,,
카페캘리 본점,ATMOSPHERE,반려동물 카페,3.1129,긍정,,
커피브라운,ATMOSPHERE,골목 카페,3.1129,긍정,,
매머드 익스프레스 신림대학점,ATMOSPHERE,햇살 좋은 카페,3.1129,긍정,,
cup&coffee 컵앤커피,ATMOSPHERE,시간 때우기 좋은 카페,2.7663,긍정,,
데니스커피 남강점,ATMOSPHERE,미술활동,2.7663,긍정,,
크로플집,ATMOSPHERE,사장님,2.5636,긍정,,
빽다방 신림역2호점,ATMOSPHERE,캘린더,2.4903,긍정,,
빽다방 신림역2호점,ATMOSPHERE,빠름빠름,2.4903,긍정,,
더벤티 신림점,ATMOSPHERE,한적한 분위기,2.4197,긍정,,
카페한보리,ATMOSPHERE,비오는 날,2.4197,긍정,,
데니스커피 신림점,ATMOSPHERE,포근한 분위기,2.3082,긍정,,
플러스82 관악남부점,ATMOSPHERE,조용한 분위기,2.2555,긍정,,
메모,ATMOSPHERE,조용한 분위기,2.2555,긍정,,
세상의 모든 디저트,ATMOSPHERE,세모디,2.0752,긍정,,
바나프레소 신림역점,ATMOSPHERE,오늘의 명언 스티커,2.0752,긍정,,
감성커피(신림우림시장점),ATMOSPHERE,가까워서,2.0752,긍정,,
바나프레소 신림역점,ATMOSPHERE,얼음 낭낭,2.0752,긍정,,
카페오아시아,ATMOSPHERE,조용한 카페,1.9916,긍정,,
김빙수,ATMOSPHERE,조용한 카페,1.9916,긍정,,
빽다방 서원역점,ATMOSPHERE,포장,1.972,긍정,,
더벤티 신림점,ATMOSPHERE,매장 음악,1.9616,긍정,,
커피브라운,ATMOSPHERE,커피향,1.8704,긍정,,
하삼동커피 신림난곡점,ATMOSPHERE,커피향,1.8704,긍정,,
Babip(바빕),ATMOSPHERE,배경음악,1.8442,긍정,,
아마스빈버블티,ATMOSPHERE,최고,1.8442,긍정,,
컴포즈커피 신림대학점,ATMOSPHERE,이벤트,1.8442,긍정,,
미남커피,ATMOSPHERE,시간 때우기 좋은 카페,1.7023,긍정,,
카페캘리 본점,ATMOSPHERE,카페,1.6407,긍정,,
cafe 66(카페 66),ATMOSPHERE,아름다운 풍경,1.6132,긍정,,
카페 아이엔지 서울대자연과학대학점,ATMOSPHERE,매장,1.5697,긍정,,
아마스빈버블티,ATMOSPHERE,매장,1.5697,긍정,,
우체국 옆 빵집,ATMOSPHERE,건강식,1.5564,긍정,,
쉬즈베이글,ATMOSPHERE,가벼운 식사,1.5564,긍정,,
Label Board Cafe(레이블 보드게임 카페),ATMOSPHERE,하루종일 할 수 있는 것,1.5564,긍정,,
세미온,ATMOSPHERE,음악 감상,1.5564,긍정,,
컴포즈커피 신림녹두점,ATMOSPHERE,BGM선곡,1.5564,긍정,,
카페한보리,ATMOSPHERE,따뜻한 분위기,1.5451,긍정,,
오스커피하우스,ATMOSPHERE,원두,1.5388,긍정,,
매머드 익스프레스 신림대학점,ATMOSPHERE,기분 좋은,1.465,긍정,,
백억커피 신림점,ATMOSPHERE,카페 분위기,1.4551,긍정,,
과일담은 요거트 맛집 yomat,ATMOSPHERE,카페 분위기,1.4551,긍정,,
인더숲,ATMOSPHERE,카페 분위기,1.4551,긍정,,
Label Board Cafe(레이블 보드게임 카페),ATMOSPHERE,청결한 매장,1.4123,긍정,,
바나타이거(양산점),ATMOSPHERE,청결한 매장,1.4123,긍정,,
백억커피(서원역점),ATMOSPHERE,실내공간,1.3831,긍정,,
메가엠지씨커피 신림역점,ATMOSPHERE,좌석,1.3831,긍정,,
백억커피(서원역점),ATMOSPHERE,24시간 카페,1.3831,긍정,,
모꼬지,ATMOSPHERE,꽃,1.3831,긍정,,
세미온,ATMOSPHERE,특별한 카페,1.3831,긍정,,
빽다방 난곡세이브점,ATMOSPHERE,매장,1.3455,긍정,,
컴포즈커피 신림녹두점,ATMOSPHERE,넓고 쾌적한 공간,1.2818,긍정,,
모꼬지,ATMOSPHERE,인테리어 소품,1.2818,긍정,,
백억커피(서원역점),ATMOSPHERE,팝콘냄새,1.2818,긍정,,
카페여기,ATMOSPHERE,채광,1.2818,긍정,,
카페느티나무 동원관점,ATMOSPHERE,아기자기한 분위기,1.2818,긍정,,
커피퍼센트&대단한 요거트 신림점,ATMOSPHERE,가게,1.2469,긍정,,
더리터신림점,ATMOSPHERE,음료,1.2451,긍정,,
빽다방 신림난곡점,ATMOSPHERE,빽다방,1.2451,긍정,,
더리터신림점,ATMOSPHERE,평온한 시간,1.2451,긍정,,
국민우유집 신림점,ATMOSPHERE,카페 인테리어,1.2228,긍정,,
카페여기,ATMOSPHERE,조용하고 쾌적한,1.2099,긍정,,
우체국 옆 빵집,ATMOSPHERE,맛있는 빵집,1.2099,긍정,,
히포커피 신림점,ATMOSPHERE,넓은 공간,1.1847,긍정,,
하삼동커피 신림난곡점,ATMOSPHERE,매장,1.1773,긍정,,
카페 리버스(Cafe Reverse),ATMOSPHERE,크리스마스 분위기,1.1541,긍정,,
카페 아래로 ARERO,ATMOSPHERE,뷰,1.1459,긍정,,
1.5도씨,ATMOSPHERE,제로웨이스트 카페,1.132,긍정,,
바나타이거(양산점),ATMOSPHERE,조용한 분위기,1.1277,긍정,,
컴포즈커피 신림신화교점,ATMOSPHERE,조용한 분위기,1.1277,긍정,,
바나프레소 신림역점,ATMOSPHERE,코지한 분위기,1.1118,긍정,,
빽다방 신림역2호점,ATMOSPHERE,사이즈,1.1065,긍정,,
Babip(바빕),ATMOSPHERE,카페,1.0938,긍정,,
컴포즈커피 신림대학점,ATMOSPHERE,가성비 카페,1.0767,긍정,,
카페일기,ATMOSPHERE,힙한 카페,1.07,긍정,,
카페일기,ATMOSPHERE,귀여움,1.07,긍정,,
카페일기,ATMOSPHERE,카페 인테리어,1.07,긍정,,
크로플집,ATMOSPHERE,아늑한 카페,1.0574,긍정,,
mug 공대,ATMOSPHERE,시즌 느낌,1.0376,긍정,,
Cafe 912,ATMOSPHERE,늦은 시간 카페,1.0376,긍정,,
카페모닝듀,ATMOSPHERE,조용하게 휴식을 즐기기,1.0376,긍정,,
만랩커피 신림별빛거리점,ATMOSPHERE,휴식,1.0376,긍정,,
mug 공대,ATMOSPHERE,시간 보내기 좋은 곳,1.0376,긍정,,
노와드코코 베이커리,ATMOSPHERE,맛있는 빵집,1.037,긍정,,
카페토리,ATMOSPHERE,특별한 메뉴,1.0254,긍정,,
빽다방 신림난곡점,ATMOSPHERE,작고 귀여운 카페,1.0254,긍정,,
더리터신림점,ATMOSPHERE,더운 날,1.0254,긍정,,
국민우유집 신림점,ATMOSPHERE,시원한 분위기,1.0248,긍정,,
킹덤보드게임카페 신림점,ATMOSPHERE,시설,1.0059,긍정,,
쉬즈베이글,ATMOSPHERE,매장 음악,0.9808,긍정,,
컴포즈커피 신림대학점,ATMOSPHERE,기분 좋은,0.9766,긍정,,
카페 하나,ATMOSPHERE,카페 분위기,0.97,긍정,,
시그니처커피2호점,ATMOSPHERE,한적한 카페,0.9679,긍정,,
이디야,ATMOSPHERE,뷰,0.9651,긍정,,
탐앤탐스 삼모타워 신림역점,ATMOSPHERE,개방감,0.9578,긍정,,
모꼬지,ATMOSPHERE,맛,0.957,긍정,,
파스쿠찌 센트로서울대점,ATMOSPHERE,뷰,0.9499,긍정,,
투썸플레이스 신림녹두거리점,ATMOSPHERE,조용한 카페,0.9434,긍정,,
커피퍼센트&대단한 요거트 신림점,ATMOSPHERE,청결한 매장,0.9415,긍정,,
감성커피(신림우림시장점),ATMOSPHERE,청결한 매장,0.9415,긍정,,
카페 하나,ATMOSPHERE,깔끔한 카페,0.9415,긍정,,
카페느티나무 동원관점,ATMOSPHERE,커피향,0.9352,긍정,,
쉬즈베이글,ATMOSPHERE,커피향,0.9352,긍정,,
모꼬지,ATMOSPHERE,커피향,0.9352,긍정,,
커피당,ATMOSPHERE,가게,0.9352,긍정,,
더리터신림점,ATMOSPHERE,원두,0.9233,긍정,,
카페 188,ATMOSPHERE,사랑방,0.9221,긍정,,
만랩커피 신림별빛거리점,ATMOSPHERE,야외 좌석,0.9221,긍정,,
카페게이트 신림별빛거리점,ATMOSPHERE,사이즈,0.9221,긍정,,
구동커피,ATMOSPHERE,퀄리티,0.9221,긍정,,
FOAM & normal (폼앤노말),ATMOSPHERE,카페 분위기,0.9094,긍정,,
반지만들기 카페,ATMOSPHERE,예쁜 카페,0.9024,긍정,,
메가엠지씨커피 신림역점,ATMOSPHERE,시원한 분위기,0.8967,긍정,,
별별카롱,ATMOSPHERE,예쁜 카페,0.8949,긍정,,
컴포즈커피 신림중앙점,ATMOSPHERE,안에서 주문하는 것,0.8894,긍정,,
컴포즈커피 신림중앙점,ATMOSPHERE,곳,0.8894,긍정,,
국민우유집 신림점,ATMOSPHERE,슬러시 형태,0.8894,긍정,,
백억커피,ATMOSPHERE,백억커피,0.8894,긍정,,
카페사계,ATMOSPHERE,카페 컨셉,0.8894,긍정,,
컴포즈커피 신림중앙점,ATMOSPHERE,컴포즈,0.8894,긍정,,
투썸플레이스 신림로점,ATMOSPHERE,저녁 외식,0.8894,긍정,,
투썸플레이스 신림로점,ATMOSPHERE,가끔 방문,0.8894,긍정,,
컴포즈커피 신림중앙점,ATMOSPHERE,조아용,0.8894,긍정,,
밀크커피,ATMOSPHERE,매장,0.883,긍정,,
홍카페 HONG CAFE,ATMOSPHERE,카페 분위기,0.873,긍정,,
킷사텐 신림점,ATMOSPHERE,전체 카페,0.8545,긍정,,
카페모닝듀,ATMOSPHERE,고즈넉한 분위기,0.8545,긍정,,
프롬 카페(from. cafe),ATMOSPHERE,카페 분위기,0.8449,긍정,,
저스트 로맨틱,ATMOSPHERE,카페 분위기,0.8395,긍정,,
카페봉봉,ATMOSPHERE,코지한 분위기,0.8338,긍정,,
더벤티구로힐스테이트점,ATMOSPHERE,가게,0.8313,긍정,,
시그니처커피2호점,ATMOSPHERE,넓은 공간,0.8293,긍정,,
플랙,ATMOSPHERE,카페 분위기,0.8208,긍정,,
카페일기,ATMOSPHERE,카페,0.8203,긍정,,
백억커피(서원역점),ATMOSPHERE,예쁜 카페,0.8203,긍정,,
포레스트 하우스,ATMOSPHERE,뷰,0.8203,긍정,,
원브릿지,ATMOSPHERE,카페 분위기,0.8185,긍정,,
코아르(coar),ATMOSPHERE,할로윈 테마,0.8163,긍정,,
썰카페,ATMOSPHERE,카페 분위기,0.8084,긍정,,
우체국 옆 빵집,ATMOSPHERE,가성비 카페,0.8075,긍정,,
Cafe 912,ATMOSPHERE,갬성 카페,0.8066,긍정,,
구동커피,ATMOSPHERE,한적한 분위기,0.8066,긍정,,
도로시쿠케 Dorothycookae,ATMOSPHERE,고소한 빵,0.8066,긍정,,
그릿 커피랩 신림점,ATMOSPHERE,편안한 공간,0.8066,긍정,,
cafe 66(카페 66),ATMOSPHERE,한적한 카페,0.8066,긍정,,
카페모닝듀,ATMOSPHERE,아름다운 풍경,0.8066,긍정,,
빌베이커리,ATMOSPHERE,위생,0.8062,긍정,,
빵장수단팥빵cafe 신림점,ATMOSPHERE,위생,0.8062,긍정,,
탐앤탐스 삼모타워 신림역점,ATMOSPHERE,쾌적한 공간,0.7969,긍정,,
CAFE216,ATMOSPHERE,라떼아트,0.7904,긍정,,
CAFE216,ATMOSPHERE,편안한 휴식,0.7904,긍정,,
백억커피,ATMOSPHERE,테이크아웃,0.7904,긍정,,
노와드코코 베이커리,ATMOSPHERE,빵집,0.7904,긍정,,
빽다방구로KT점,ATMOSPHERE,매장,0.7848,긍정,,
빽다방 신림대학점,ATMOSPHERE,매장,0.7848,긍정,,
걸작커피,ATMOSPHERE,쌀쌀한 날,0.7782,긍정,,
키키's 버터,ATMOSPHERE,인스타 감성,0.7782,긍정,,
커피당,ATMOSPHERE,겨울 분위기,0.7782,긍정,,
딜 카페,ATMOSPHERE,식물 인테리어,0.7782,긍정,,
냥빵,ATMOSPHERE,배달,0.7782,긍정,,
냥빵,ATMOSPHERE,산책,0.7782,긍정,,
걸작커피,ATMOSPHERE,상영,0.7782,긍정,,
반지만들기 카페,ATMOSPHERE,재미있는 경험,0.7759,긍정,,
우체국 옆 빵집,ATMOSPHERE,따뜻한 분위기,0.7726,긍정,,
low position(로우 포지션),ATMOSPHERE,카페 분위기,0.7721,긍정,,
cafe 66(카페 66),ATMOSPHERE,음악선곡,0.7694,긍정,,
더 런드렛,ATMOSPHERE,감성적인 카페,0.7694,긍정,,
카페 188,ATMOSPHERE,카페 느낌,0.7694,긍정,,
mug 공대,ATMOSPHERE,크리스마스 분위기,0.7694,긍정,,
오스커피하우스,ATMOSPHERE,조용한 분위기,0.7518,긍정,,
독특하개,ATMOSPHERE,힐링 카페,0.7443,긍정,,
Cafe 912,ATMOSPHERE,디저트 카페,0.739,긍정,,
블루포트 서울대점,ATMOSPHERE,공부하기 좋은 카페,0.739,긍정,,
킷사텐 신림점,ATMOSPHERE,디저트 카페,0.739,긍정,,
파스쿠찌 서울대관정도서관점,ATMOSPHERE,조용한 카페,0.7338,긍정,,
백억커피,ATMOSPHERE,팝콘냄새,0.7324,긍정,,
CAFE216,ATMOSPHERE,바깥 풍경,0.7324,긍정,,
컴포즈커피 신림중앙점,ATMOSPHERE,로맨틱 카페,0.7324,긍정,,
이디야,ATMOSPHERE,관악지역,0.7324,긍정,,
투썸플레이스 신림로점,ATMOSPHERE,인테리어 소품,0.7324,긍정,,
벨라벨로카페(Bella-Bello cafe),ATMOSPHERE,디자인,0.7324,긍정,,
카페사계,ATMOSPHERE,깔끔한 분위기,0.7324,긍정,,
카페사계,ATMOSPHERE,작고 귀여운 카페,0.7324,긍정,,
빽다방 신림난곡점,ATMOSPHERE,좋은 카페,0.7322,긍정,,
컴포즈커피 신림신화교점,ATMOSPHERE,카페 분위기,0.7275,긍정,,
cup&coffee 컵앤커피,ATMOSPHERE,카페 분위기,0.7275,긍정,,
별의별카페,ATMOSPHERE,카페 분위기,0.7275,긍정,,
데니스커피 신림점,ATMOSPHERE,카페 분위기,0.7275,긍정,,
카페토리,ATMOSPHERE,아기자기한 카페,0.7173,긍정,,
Cafe 912,ATMOSPHERE,힙한 카페,0.7133,긍정,,
만랩커피 신림별빛거리점,ATMOSPHERE,귀여움,0.7133,긍정,,
텐퍼센트커피 신림역점,ATMOSPHERE,깔끔한 카페,0.7061,긍정,,
슬지로운생활,ATMOSPHERE,깔끔한 카페,0.7061,긍정,,
카페여기,ATMOSPHERE,깔끔한 카페,0.7061,긍정,,
Label Board Cafe(레이블 보드게임 카페),ATMOSPHERE,깔끔한 카페,0.7061,긍정,,
텐퍼센트커피 신림역점,ATMOSPHERE,카페 공간,0.7061,긍정,,
카페 플롬,ATMOSPHERE,카페 분위기,0.6929,긍정,,
할리스커피 난곡사거리점,ATMOSPHERE,독서실,0.6917,긍정,,
POPO archive(포포 아카이브),ATMOSPHERE,포포 캐릭터,0.6917,긍정,,
POPO archive(포포 아카이브),ATMOSPHERE,모던한 분위기,0.6917,긍정,,
세상의 모든 디저트,ATMOSPHERE,조아요,0.6917,긍정,,
더벤티구로힐스테이트점,ATMOSPHERE,좋은 공간,0.6917,긍정,,
썰카페,ATMOSPHERE,사진찍기,0.6917,긍정,,
Lee 집 coffee,ATMOSPHERE,작은가게 감성,0.6917,긍정,,
세상의 모든 디저트,ATMOSPHERE,더운 오후,0.6917,긍정,,
독특하개,ATMOSPHERE,귀여운 아이들,0.6917,긍정,,
밀크커피,ATMOSPHERE,상쾌한 분위기,0.6916,긍정,,
커피당,ATMOSPHERE,위치,0.6916,긍정,,
냥빵,ATMOSPHERE,즐거운 분위기,0.6916,긍정,,
플레이온 보드게임카페,ATMOSPHERE,시설,0.6916,긍정,,
쉬즈베이글,ATMOSPHERE,즐거운 분위기,0.6916,긍정,,
투썸플레이스 신림로점,ATMOSPHERE,친절한 카페,0.6914,긍정,,
G-CAFE,ATMOSPHERE,정감 있는 카페,0.6914,긍정,,
투달러커피 난곡사거리점,ATMOSPHERE,홀더,0.6836,긍정,,
이디야커피(신림대학동점),ATMOSPHERE,매장,0.6727,긍정,,
카페 리버스(Cafe Reverse),ATMOSPHERE,아기자기한 카페,0.6725,긍정,,
블렌더스(BLENDERS),ATMOSPHERE,카페 분위기,0.6716,긍정,,
진서의 정원,ATMOSPHERE,조용한 분위기,0.6683,긍정,,
카페 아이엔지 서울대자연과학대학점,ATMOSPHERE,조용한 카페,0.6639,긍정,,
카페게이트 관악신사로점,ATMOSPHERE,조용한 카페,0.6639,긍정,,
감성커피(신림우림시장점),ATMOSPHERE,조용한 카페,0.6639,긍정,,
블루포트 서울대점,ATMOSPHERE,조용한 카페,0.6639,긍정,,
카페레이브,ATMOSPHERE,카페 분위기,0.6578,긍정,,
마티스커피,ATMOSPHERE,프라이빗 공간,0.6553,긍정,,
킷사텐 신림점,ATMOSPHERE,대화하기 좋은 카페,0.6539,긍정,,
카페게이트 신림별빛거리점,ATMOSPHERE,편안한 카페,0.6539,긍정,,
Cafe 912,ATMOSPHERE,편안한 카페,0.6539,긍정,,
카페토리,ATMOSPHERE,가성비 카페,0.646,긍정,,
빽다방 신림난곡점,ATMOSPHERE,가성비 카페,0.646,긍정,,
딜 카페,ATMOSPHERE,아지트 카페,0.6409,긍정,,
슬지로운생활,ATMOSPHERE,외관,0.6409,긍정,,
냥빵,ATMOSPHERE,포장,0.6409,긍정,,
밀크커피,ATMOSPHERE,더운 날,0.6409,긍정,,
키키's 버터,ATMOSPHERE,깔끔한 분위기,0.6409,긍정,,
키키's 버터,ATMOSPHERE,채광,0.6409,긍정,,
만랩커피 신림별빛거리점,ATMOSPHERE,맛,0.638,긍정,,
국민우유집 신림점,ATMOSPHERE,디저트 카페,0.6334,긍정,,
카페라움(CAFE RAUM),ATMOSPHERE,카페 분위기,0.6236,긍정,,
워킹카우,ATMOSPHERE,카페 분위기,0.6236,긍정,,
카페모닝듀,ATMOSPHERE,커피향,0.6235,긍정,,
구동커피,ATMOSPHERE,가게,0.6235,긍정,,
백억커피 구로점,ATMOSPHERE,맛있고 좋다,0.6226,긍정,,
앙니드 베이커리카페,ATMOSPHERE,사람들,0.6226,긍정,,
앙니드 베이커리카페,ATMOSPHERE,작은 빵집,0.6226,긍정,,
앙니드 베이커리카페,ATMOSPHERE,청량한 분위기,0.6226,긍정,,
앙니드 베이커리카페,ATMOSPHERE,베이커리,0.6226,긍정,,
콤마커피(comma coffee),ATMOSPHERE,날씨,0.6226,긍정,,
앙니드 베이커리카페,ATMOSPHERE,천국,0.6226,긍정,,
코아르(coar),ATMOSPHERE,카페 분위기,0.6202,긍정,,
더리터신림점,ATMOSPHERE,따뜻한 분위기,0.6181,긍정,,
독특하개,ATMOSPHERE,힐링 공간,0.6147,긍정,,
소재지,ATMOSPHERE,카페 분위기,0.6127,긍정,,
파스쿠찌 센트로서울대점,ATMOSPHERE,주변 경치,0.6074,긍정,,
쉼 카페,ATMOSPHERE,편안한 분위기,0.6064,긍정,,
애담커피,ATMOSPHERE,카페 분위기,0.6063,긍정,,
데이지 커피,ATMOSPHERE,카페 분위기,0.6063,긍정,,
블러 커피,ATMOSPHERE,카페 분위기,0.6063,긍정,,
쉬즈베이글,ATMOSPHERE,친절한 카페,0.6049,긍정,,
걸작커피,ATMOSPHERE,편안한 공간,0.6049,긍정,,
이디야커피(신림패션문화점),ATMOSPHERE,기분좋은 장소,0.6032,긍정,,
THE ROASTER 59(더 로스터 59),ATMOSPHERE,카페 분위기,0.6021,긍정,,
카페in하루,ATMOSPHERE,카페 분위기,0.6021,긍정,,
cafe 66(카페 66),ATMOSPHERE,시원한 분위기,0.5978,긍정,,
콤마커피(comma coffee),ATMOSPHERE,조용한 카페,0.5975,긍정,,
할리스 신림점,ATMOSPHERE,지하 공간,0.5929,긍정,,
카페 플롬,ATMOSPHERE,에어컨,0.5929,긍정,,
G-CAFE,ATMOSPHERE,넓은 공간,0.5923,긍정,,
Mono Hertz(모노헤르쯔),ATMOSPHERE,카페 분위기,0.5911,긍정,,
카페느티나무 동원관점,ATMOSPHERE,매장,0.5886,긍정,,
메가엠지씨커피 신림역점,ATMOSPHERE,매장,0.5886,긍정,,
플레이온 보드게임카페,ATMOSPHERE,깔끔한 카페,0.5884,긍정,,
더리터 신림중앙점,ATMOSPHERE,카페 분위기,0.582,긍정,,
카페토리,ATMOSPHERE,카페 분위기,0.582,긍정,,
Coffee Planet(커피 플래닛),ATMOSPHERE,카페 분위기,0.582,긍정,,
슬지로운생활,ATMOSPHERE,여유로운 분위기,0.577,긍정,,
그릿 커피랩 신림점,ATMOSPHERE,쾌적한 공간,0.5755,긍정,,
카페게이트 신림별빛거리점,ATMOSPHERE,쾌적한 공간,0.5755,긍정,,
컴포즈커피 서울대신양학술정보관3점,ATMOSPHERE,쾌적한 공간,0.5755,긍정,,
디저트39 신림역점,ATMOSPHERE,가게,0.5755,긍정,,
궁전다방,ATMOSPHERE,카페 분위기,0.5706,긍정,,
더벤티구로힐스테이트점,ATMOSPHERE,특별한 메뉴,0.5697,긍정,,
썰카페,ATMOSPHERE,감성카페,0.5697,긍정,,
더벤티구로힐스테이트점,ATMOSPHERE,대기,0.5697,긍정,,
POPO archive(포포 아카이브),ATMOSPHERE,홀더,0.5697,긍정,,
Lee 집 coffee,ATMOSPHERE,포장,0.5697,긍정,,
디저트문,ATMOSPHERE,카페 분위기,0.5694,긍정,,
투썸플레이스 신림로점,ATMOSPHERE,조용한 카페,0.569,긍정,,
이디야커피(신림대학동점),ATMOSPHERE,조용한 카페,0.569,긍정,,
G-CAFE,ATMOSPHERE,조용한 카페,0.569,긍정,,
서울버터샌드,ATMOSPHERE,아기자기한 카페,0.5663,긍정,,
1.5도씨,ATMOSPHERE,에코라이프를 실천하기 좋은곳,0.566,긍정,,
스타벅스 신림녹두거리점,ATMOSPHERE,오픈한 스타벅스,0.566,긍정,,
1.5도씨,ATMOSPHERE,양모로 만든 키링,0.566,긍정,,
스타벅스 신림녹두거리점,ATMOSPHERE,스타벅스,0.566,긍정,,
나티(NAUGHTY),ATMOSPHERE,카페 분위기,0.5659,긍정,,
시그니처커피2호점,ATMOSPHERE,청결한 매장,0.5649,긍정,,
컴포즈커피 신림녹두점,ATMOSPHERE,조용한 분위기,0.5639,긍정,,
딜 카페,ATMOSPHERE,조용한 분위기,0.5639,긍정,,
메이지커피,ATMOSPHERE,카페 분위기,0.5616,긍정,,
백억커피,ATMOSPHERE,편안한 카페,0.5605,긍정,,
UNSIDE COFFEE ROASTERS(언사이드 커피 로스터스),ATMOSPHERE,카페 분위기,0.5596,긍정,,
그릿 커피랩 신림점,ATMOSPHERE,편안한 분위기,0.5559,긍정,,
데이지 커피,ATMOSPHERE,코지한 분위기,0.5559,긍정,,
후후라운지,ATMOSPHERE,카페 분위기,0.5543,긍정,,
엔제리너스 대학점,ATMOSPHERE,공부하기 좋은 카페,0.5542,긍정,,
냥빵,ATMOSPHERE,위생,0.5542,긍정,,
슬지로운생활,ATMOSPHERE,위생,0.5542,긍정,,
백억커피 구로점,ATMOSPHERE,테이크아웃,0.5533,긍정,,
나인티스,ATMOSPHERE,귀여운 카페,0.5533,긍정,,
나인티스,ATMOSPHERE,최고,0.5533,긍정,,
콤마커피(comma coffee),ATMOSPHERE,야외 좌석,0.5533,긍정,,
데이즈 라이크 디스,ATMOSPHERE,행복한 분위기,0.5528,긍정,,
301h(301에이치),ATMOSPHERE,뷰,0.5469,긍정,,
만랩커피 신림별빛거리점,ATMOSPHERE,예쁜 카페,0.5469,긍정,,
컴포즈커피 서울대신양학술정보관3점,ATMOSPHERE,뷰,0.5469,긍정,,
그릭하다,ATMOSPHERE,카페 분위기,0.5456,긍정,,
스타벅스 신림녹두거리점,ATMOSPHERE,조용한 카페,0.5432,긍정,,
이디야 신림미성점,ATMOSPHERE,내부 인테리어,0.5414,긍정,,
서울버터샌드,ATMOSPHERE,기분좋은 경험,0.5397,긍정,,
블루포트 서울대점,ATMOSPHERE,가성비 카페,0.5383,긍정,,
카페게이트 신림별빛거리점,ATMOSPHERE,가성비 카페,0.5383,긍정,,
POPO archive(포포 아카이브),ATMOSPHERE,고소한 빵,0.5377,긍정,,
Lee 집 coffee,ATMOSPHERE,정감 있는 카페,0.5377,긍정,,
Lee 집 coffee,ATMOSPHERE,비오는 날,0.5377,긍정,,
301h(301에이치),ATMOSPHERE,카페 분위기,0.537,긍정,,
"?커피,MOCC",ATMOSPHERE,카페 분위기,0.5361,긍정,,
엔제리너스 구로디지털역점,ATMOSPHERE,카페 분위기,0.5361,긍정,,
밀크커피,ATMOSPHERE,힙한 카페,0.535,긍정,,
노와드코코 베이커리,ATMOSPHERE,가게,0.5344,긍정,,
카페라움(CAFE RAUM),ATMOSPHERE,커피향,0.5344,긍정,,
스타벅스 신림녹두거리점,ATMOSPHERE,기분 좋은,0.5327,긍정,,
세미온,ATMOSPHERE,아늑한 카페,0.5287,긍정,,
별의별카페,ATMOSPHERE,아늑한 카페,0.5287,긍정,,
카페봉봉,ATMOSPHERE,아늑한 카페,0.5287,긍정,,
텐퍼센트커피 신림역점,ATMOSPHERE,아늑한 카페,0.5287,긍정,,
토마 화실,ATMOSPHERE,카페 분위기,0.5263,긍정,,
쉼표브레드,ATMOSPHERE,카페 분위기,0.5197,긍정,,
데이지 커피,ATMOSPHERE,간판,0.5188,긍정,,
컴포즈커피 서울대신양학술정보관3점,ATMOSPHERE,사람,0.5188,긍정,,
페이브 베이커리 서울대점,ATMOSPHERE,젊은층,0.5188,긍정,,
플레이온 보드게임카페,ATMOSPHERE,창문뷰,0.5188,긍정,,
윈썸,ATMOSPHERE,숨은 카페,0.5188,긍정,,
독특하개,ATMOSPHERE,냄새,0.5188,긍정,,
이디야커피(신림패션문화점),ATMOSPHERE,기분 좋은,0.517,긍정,,
커피니쉬(COFFEE NISHE),ATMOSPHERE,카페 분위기,0.5163,긍정,,
카페 188,ATMOSPHERE,따뜻한 분위기,0.515,긍정,,
구동커피,ATMOSPHERE,따뜻한 분위기,0.515,긍정,,
카페게이트 관악신사로점,ATMOSPHERE,따뜻한 분위기,0.515,긍정,,
빵장수단팥빵cafe 신림점,ATMOSPHERE,깔끔한 카페,0.5136,긍정,,
OJE COFFEE(오제커피),ATMOSPHERE,로맨틱 카페,0.5127,긍정,,
반지만들기 카페,ATMOSPHERE,디자인,0.5127,긍정,,
OJE COFFEE(오제커피),ATMOSPHERE,전체 카페,0.5127,긍정,,
백억커피 구로점,ATMOSPHERE,팝콘냄새,0.5127,긍정,,
컴포즈커피,ATMOSPHERE,더운 날,0.5127,긍정,,
카페디딤,ATMOSPHERE,조용한 카페,0.5121,긍정,,
파스쿠찌 서울대관정도서관점,ATMOSPHERE,한적한 분위기,0.5094,긍정,,
어반커피,ATMOSPHERE,카페,0.5048,긍정,,
빌베이커리,ATMOSPHERE,핫플레이스,0.503,긍정,,
킹덤보드게임카페 신림점,ATMOSPHERE,보드게임카페,0.503,긍정,,
빵장수단팥빵cafe 신림점,ATMOSPHERE,빵집,0.503,긍정,,
빵장수단팥빵cafe 신림점,ATMOSPHERE,모양,0.503,긍정,,
빌베이커리,ATMOSPHERE,동네빵집,0.503,긍정,,
1.5도씨,ATMOSPHERE,핫플레이스,0.503,긍정,,
별별카롱,ATMOSPHERE,모양,0.503,긍정,,
할리스커피 난곡사거리점,ATMOSPHERE,조용한 분위기,0.5012,긍정,,
카페모닝듀,ATMOSPHERE,음악 분위기,0.5011,긍정,,
컴포즈커피 신림녹두점,ATMOSPHERE,조용한 카페,0.4979,긍정,,
카페느티나무 동원관점,ATMOSPHERE,조용한 카페,0.4979,긍정,,
카페봉봉,ATMOSPHERE,조용한 카페,0.4979,긍정,,
별의별카페,ATMOSPHERE,조용한 카페,0.4979,긍정,,
엔제리너스 대학점,ATMOSPHERE,조용한 카페,0.4979,긍정,,
세미온,ATMOSPHERE,조용한 카페,0.4979,긍정,,
세상의 모든 디저트,ATMOSPHERE,위생,0.4927,긍정,,
Lee 집 coffee,ATMOSPHERE,재미있는 경험,0.4927,긍정,,
세상의 모든 디저트,ATMOSPHERE,디저트 카페,0.4927,긍정,,
커피당,ATMOSPHERE,편안한 카페,0.4904,긍정,,
커피당,ATMOSPHERE,집중하기 좋은 카페,0.4904,긍정,,
토마 화실,ATMOSPHERE,힐링 카페,0.4887,긍정,,
데이굿(DAY GOOD),ATMOSPHERE,아기자기한 분위기,0.4883,긍정,,
"?커피,MOCC",ATMOSPHERE,따뜻한 분위기,0.4879,긍정,,
킷사텐 신림점,ATMOSPHERE,카페 분위기,0.485,긍정,,
Babip(바빕),ATMOSPHERE,카페 분위기,0.485,긍정,,
시티스트릿츠,ATMOSPHERE,카페 분위기,0.485,긍정,,
오스커피하우스,ATMOSPHERE,카페 분위기,0.485,긍정,,
더 런드렛,ATMOSPHERE,카페 분위기,0.485,긍정,,
비행커피,ATMOSPHERE,카페 분위기,0.485,긍정,,
그릿 커피랩 신림점,ATMOSPHERE,카페 분위기,0.485,긍정,,
POPO archive(포포 아카이브),ATMOSPHERE,카페 분위기,0.485,긍정,,
데이즈 라이크 디스,ATMOSPHERE,카페 분위기,0.485,긍정,,
커피퍼센트&대단한 요거트 신림점,ATMOSPHERE,카페 분위기,0.485,긍정,,
카페 오름,ATMOSPHERE,카페 분위기,0.485,긍정,,
카페게이트 신림별빛거리점,ATMOSPHERE,카페 분위기,0.485,긍정,,
카페게이트 관악신사로점,ATMOSPHERE,카페 분위기,0.485,긍정,,
OJE COFFEE(오제커피),ATMOSPHERE,정감 있는 카페,0.4839,긍정,,
나인티스,ATMOSPHERE,아름다운 풍경,0.4839,긍정,,
스타벅스 신림점,ATMOSPHERE,조용한 분위기,0.4833,긍정,,
이디야 신림미성점,ATMOSPHERE,벚꽃,0.4811,긍정,,
이디야 신림미성점,ATMOSPHERE,멍때리기,0.4811,긍정,,
디저트39 신림역점,ATMOSPHERE,만남의 장소,0.4789,긍정,,
탐앤탐스 삼모타워 신림역점,ATMOSPHERE,탁 트여있는 느낌,0.4789,긍정,,
빽다방 서원역점,ATMOSPHERE,짱구 스티커,0.4789,긍정,,
빽다방 서원역점,ATMOSPHERE,빠르다,0.4789,긍정,,
블렌더스(BLENDERS),ATMOSPHERE,트리,0.4789,긍정,,
블렌더스(BLENDERS),ATMOSPHERE,멋진 카페,0.4789,긍정,,
미남커피,ATMOSPHERE,수다떨기,0.4789,긍정,,
어반커피,ATMOSPHERE,매징,0.4789,긍정,,
신림마당,ATMOSPHERE,달달한 카페,0.4789,긍정,,
어반커피,ATMOSPHERE,매장 내부,0.4789,긍정,,
포레스트 하우스,ATMOSPHERE,힐링 카페,0.4785,긍정,,
그릭하다,ATMOSPHERE,맛,0.4785,긍정,,
빽다방 난곡세이브점,ATMOSPHERE,편안한 분위기,0.4765,긍정,,
attendo(아텐도),ATMOSPHERE,카페 인테리어,0.4755,긍정,,
메이지커피,ATMOSPHERE,조용한 분위기,0.4748,긍정,,
할리스 신림점,ATMOSPHERE,조용한 카페,0.4742,긍정,,
더리터 신림중앙점,ATMOSPHERE,매장,0.4709,긍정,,
컴포즈커피,ATMOSPHERE,매장,0.4709,긍정,,
나인티스,ATMOSPHERE,매장,0.4709,긍정,,
그릿 커피랩 신림점,ATMOSPHERE,카페 공간,0.4708,긍정,,
구동커피,ATMOSPHERE,카페 공간,0.4708,긍정,,
카페 오름,ATMOSPHERE,청결한 매장,0.4708,긍정,,
mug 공대,ATMOSPHERE,청결한 매장,0.4708,긍정,,
진서의 정원,ATMOSPHERE,아늑한 카페,0.47,긍정,,
커피 브륄레,ATMOSPHERE,카페 분위기,0.4694,긍정,,
에놀라 톤,ATMOSPHERE,카페 분위기,0.4694,긍정,,
G-CAFE,ATMOSPHERE,뷰,0.4688,긍정,,
CAFE216,ATMOSPHERE,카페,0.4688,긍정,,
스타벅스 신림녹두거리점,ATMOSPHERE,바깥 풍경,0.4661,긍정,,
별별카롱,ATMOSPHERE,색감,0.4661,긍정,,
별별카롱,ATMOSPHERE,디자인,0.4661,긍정,,
빌베이커리,ATMOSPHERE,기분좋은 경험,0.4661,긍정,,
빌베이커리,ATMOSPHERE,사장님,0.4661,긍정,,
킹덤보드게임카페 신림점,ATMOSPHERE,넓고 쾌적한 공간,0.4661,긍정,,
컴포즈커피,ATMOSPHERE,카페 느낌,0.4616,긍정,,
백억커피,ATMOSPHERE,가성비 카페,0.4614,긍정,,
카페사계,ATMOSPHERE,가성비 카페,0.4614,긍정,,
플레이온 보드게임카페,ATMOSPHERE,보드게임카페,0.461,긍정,,
페이브 베이커리 서울대점,ATMOSPHERE,넓고 깨끗한 분위기,0.461,긍정,,
카페오트르,ATMOSPHERE,상쾌한 분위기,0.461,긍정,,
카페오트르,ATMOSPHERE,숲뷰,0.461,긍정,,
아토커피 신림점,ATMOSPHERE,도림천,0.461,긍정,,
네이밍카페커피GO!#1,ATMOSPHERE,집중하기,0.461,긍정,,
네이밍카페커피GO!#1,ATMOSPHERE,난곡 할리스,0.461,긍정,,
네이밍카페커피GO!#1,ATMOSPHERE,벚꽃,0.461,긍정,,
도로시쿠케 Dorothycookae,ATMOSPHERE,특별한 카페,0.461,긍정,,
시티스트릿츠,ATMOSPHERE,기분전환 카페,0.461,긍정,,
카페 플롬,ATMOSPHERE,갬성 카페,0.4609,긍정,,
THE ROASTER 59(더 로스터 59),ATMOSPHERE,뷰,0.4526,긍정,,
밀크커피,ATMOSPHERE,시원한 분위기,0.4483,긍정,,
신림마당,ATMOSPHERE,카페 분위기,0.4477,긍정,,
"?커피,MOCC",ATMOSPHERE,아늑한 카페,0.4452,긍정,,
마티스커피,ATMOSPHERE,아늑한 카페,0.4452,긍정,,
히포커피 신림점,ATMOSPHERE,조용한 음악,0.4447,긍정,,
이디야커피(신림대학동점),ATMOSPHERE,공부할 공간,0.4447,긍정,,
쉼표브레드,ATMOSPHERE,장소,0.4447,긍정,,
쉼표브레드,ATMOSPHERE,삭막한 동네,0.4447,긍정,,
쉼표브레드,ATMOSPHERE,간식,0.4447,긍정,,
노와드코코 베이커리,ATMOSPHERE,입이 호강하다,0.4447,긍정,,
쉼표브레드,ATMOSPHERE,신림카페,0.4447,긍정,,
빵장수단팥빵cafe 신림점,ATMOSPHERE,맛집,0.44,긍정,,
할리스 신림점,ATMOSPHERE,여유로운 분위기,0.4396,긍정,,
읍천리382 신림점,ATMOSPHERE,카페 분위기,0.4365,긍정,,
서울버터샌드,ATMOSPHERE,행복한 분위기,0.4365,긍정,,
백억커피 구로점,ATMOSPHERE,카페 분위기,0.4365,긍정,,
할리스커피 난곡사거리점,ATMOSPHERE,집중하기 좋은 카페,0.4359,긍정,,
빽다방 서원역점,ATMOSPHERE,청결한 매장,0.4345,긍정,,
이디야 신림미성점,ATMOSPHERE,조용한 카페,0.433,긍정,,
투달러커피 난곡사거리점,ATMOSPHERE,가성비 카페,0.4307,긍정,,
벨라벨로카페(Bella-Bello cafe),ATMOSPHERE,음악 분위기,0.4296,긍정,,
컴포즈커피,ATMOSPHERE,힙한 카페,0.428,긍정,,
도로시쿠케 Dorothycookae,ATMOSPHERE,채광,0.4273,긍정,,
데이지 커피,ATMOSPHERE,홀더,0.4273,긍정,,
윈썸,ATMOSPHERE,대기,0.4273,긍정,,
카페오트르,ATMOSPHERE,아기자기한 분위기,0.4273,긍정,,
카페오트르,ATMOSPHERE,아담한 카페,0.4273,긍정,,
빽다방구로KT점,ATMOSPHERE,넓고 쾌적한 공간,0.4273,긍정,,
네이밍카페커피GO!#1,ATMOSPHERE,깔끔한 공간,0.4273,긍정,,
빽다방구로KT점,ATMOSPHERE,아담한 카페,0.4273,긍정,,
스타벅스 신림점,ATMOSPHERE,조용한 카페,0.4268,긍정,,
신림마당,ATMOSPHERE,실내공간,0.4256,긍정,,
신림마당,ATMOSPHERE,독서,0.4256,긍정,,
블렌더스(BLENDERS),ATMOSPHERE,여름 카페,0.4256,긍정,,
블렌더스(BLENDERS),ATMOSPHERE,아지트,0.4256,긍정,,
탐앤탐스 삼모타워 신림역점,ATMOSPHERE,아침,0.4256,긍정,,
미남커피,ATMOSPHERE,배려,0.4256,긍정,,
미남커피,ATMOSPHERE,사랑방,0.4256,긍정,,
소재지,ATMOSPHERE,차분한 분위기,0.4241,긍정,,
읍천리382 신림점,ATMOSPHERE,아늑한 카페,0.423,긍정,,
시그니처커피2호점,ATMOSPHERE,아늑한 카페,0.423,긍정,,
엔제리너스 대학점,ATMOSPHERE,조용한 분위기,0.4229,긍정,,
Mono Hertz(모노헤르쯔),ATMOSPHERE,음악 분위기,0.4228,긍정,,
카페사계,ATMOSPHERE,기분 좋은,0.4186,긍정,,
딜 카페,ATMOSPHERE,코지한 분위기,0.4169,긍정,,
걸작커피,ATMOSPHERE,편안한 분위기,0.4169,긍정,,
FOAM & normal (폼앤노말),ATMOSPHERE,힙한 카페,0.4161,긍정,,
벨라벨로카페(Bella-Bello cafe),ATMOSPHERE,카페 분위기,0.4157,긍정,,
CAFE216,ATMOSPHERE,카페 분위기,0.4157,긍정,,
G-CAFE,ATMOSPHERE,카페 분위기,0.4157,긍정,,
카페 아래로 ARERO,ATMOSPHERE,카페 분위기,0.4157,긍정,,
이디야커피(신림패션문화점),ATMOSPHERE,매장,0.4155,긍정,,
나인티스,ATMOSPHERE,행복한 분위기,0.4146,긍정,,
더리터 신림중앙점,ATMOSPHERE,넓은 공간,0.4146,긍정,,
더리터 신림중앙점,ATMOSPHERE,조명 분위기,0.4146,긍정,,
콤마커피(comma coffee),ATMOSPHERE,카페 비주얼,0.4146,긍정,,
슬지로운생활,ATMOSPHERE,카페,0.4102,긍정,,
걸작커피,ATMOSPHERE,뷰,0.4102,긍정,,
포레스트 하우스,ATMOSPHERE,예쁜 카페,0.4102,긍정,,
THE ROASTER 59(더 로스터 59),ATMOSPHERE,집중하기 좋은 카페,0.4058,긍정,,
사과당 서울대점,ATMOSPHERE,카페 분위기,0.4042,긍정,,
빽다방 난곡세이브점,ATMOSPHERE,청결한 매장,0.4035,긍정,,
워킹카우,ATMOSPHERE,카페 공간,0.4035,긍정,,
빽다방구로KT점,ATMOSPHERE,한적한 카페,0.4033,긍정,,
애담커피,ATMOSPHERE,맛집,0.4033,긍정,,
데이지 커피,ATMOSPHERE,맛집,0.4033,긍정,,
킹덤보드게임카페 신림점,ATMOSPHERE,재미있는 경험,0.4031,긍정,,
별별카롱,ATMOSPHERE,위생,0.4031,긍정,,
1.5도씨,ATMOSPHERE,재미있는 경험,0.4031,긍정,,
커피니쉬(COFFEE NISHE),ATMOSPHERE,카페 비주얼,0.4013,긍정,,
사과당 서울대점,ATMOSPHERE,아기자기한 카페,0.3985,긍정,,
시그니처커피2호점,ATMOSPHERE,조용한 카페,0.3983,긍정,,
쉼 카페,ATMOSPHERE,카페 분위기,0.3968,긍정,,
이디야커피(신림대학동점),ATMOSPHERE,반지 만들기,0.3952,긍정,,
스타벅스 신림점,ATMOSPHERE,아침,0.3952,긍정,,
스타벅스 신림점,ATMOSPHERE,브런치,0.3952,긍정,,
노와드코코 베이커리,ATMOSPHERE,선물,0.3952,긍정,,
스타벅스 신림점,ATMOSPHERE,집중하기,0.3952,긍정,,
할리스 신림점,ATMOSPHERE,넓은 공간,0.3949,긍정,,
신림마당,ATMOSPHERE,전체 카페,0.3944,긍정,,
어반커피,ATMOSPHERE,사진 찍기 좋은 카페,0.3944,긍정,,
저스트 로맨틱,ATMOSPHERE,로맨틱 카페,0.3944,긍정,,
탐앤탐스 삼모타워 신림역점,ATMOSPHERE,대화,0.3944,긍정,,
어반커피,ATMOSPHERE,외관,0.3944,긍정,,
미남커피,ATMOSPHERE,안쪽 자리,0.3944,긍정,,
네이밍카페커피GO!#1,ATMOSPHERE,매장,0.3924,긍정,,
백억커피 구로점,ATMOSPHERE,편안한 카페,0.3923,긍정,,
독특하개,ATMOSPHERE,청결한 매장,0.3923,긍정,,
OJE COFFEE(오제커피),ATMOSPHERE,매장 음악,0.3923,긍정,,
포레스트 하우스,ATMOSPHERE,새 소리,0.3891,긍정,,
그릭하다,ATMOSPHERE,다양한 메뉴,0.3891,긍정,,
투달러커피 난곡사거리점,ATMOSPHERE,카페 분위기,0.388,긍정,,
페이브 베이커리 서울대점,ATMOSPHERE,잔잔한 음악,0.3847,긍정,,
컴포즈커피 서울대신양학술정보관3점,ATMOSPHERE,주변 경치,0.3847,긍정,,
카페오트르,ATMOSPHERE,감성적인 카페,0.3847,긍정,,
윈썸,ATMOSPHERE,주변 경치,0.3847,긍정,,
후후라운지,ATMOSPHERE,차분한 분위기,0.3837,긍정,,
서울버터샌드,ATMOSPHERE,카페 분위기,0.3829,긍정,,
마티스커피,ATMOSPHERE,카페 분위기,0.3829,긍정,,
카페디딤,ATMOSPHERE,공부하기 좋은 카페,0.3801,긍정,,
진서의 정원,ATMOSPHERE,깔끔한 공간,0.3798,긍정,,
쉼 카페,ATMOSPHERE,행복한 분위기,0.3769,긍정,,
mug 공대,ATMOSPHERE,조용한 분위기,0.3759,긍정,,
카페 188,ATMOSPHERE,조용한 분위기,0.3759,긍정,,
페이브 베이커리 서울대점,ATMOSPHERE,조용한 분위기,0.3759,긍정,,
OJE COFFEE(오제커피),ATMOSPHERE,커피향,0.3741,긍정,,
워킹카우,ATMOSPHERE,매장 음악,0.3736,긍정,,
빽다방 서원역점,ATMOSPHERE,친절한 카페,0.3723,긍정,,
할리스커피 난곡사거리점,ATMOSPHERE,편안한 분위기,0.3706,긍정,,
데이즈 라이크 디스,ATMOSPHERE,편안한 휴식,0.3688,긍정,,
데이즈 라이크 디스,ATMOSPHERE,상큼한 맛,0.3688,긍정,,
빽다방 신림대학점,ATMOSPHERE,창가자리,0.3688,긍정,,
데이즈 라이크 디스,ATMOSPHERE,멍때리기,0.3688,긍정,,
카페라움(CAFE RAUM),ATMOSPHERE,숲속 카페,0.3662,긍정,,
히포커피 신림점,ATMOSPHERE,조용한 독서 공간,0.3662,긍정,,
히포커피 신림점,ATMOSPHERE,잔잔한 분위기,0.3662,긍정,,
카페라움(CAFE RAUM),ATMOSPHERE,잔잔한 분위기,0.3662,긍정,,
이디야,ATMOSPHERE,이디야,0.3662,긍정,,
이디야커피(신림대학동점),ATMOSPHERE,조용한 대화,0.3662,긍정,,
궁전다방,ATMOSPHERE,궁전다방,0.3662,긍정,,
사과당 서울대점,ATMOSPHERE,카페,0.3646,긍정,,
썰카페,ATMOSPHERE,예쁜 카페,0.3646,긍정,,
썰카페,ATMOSPHERE,카페,0.3646,긍정,,
텐퍼센트커피 신림역점,ATMOSPHERE,카페 분위기,0.3638,긍정,,
페이브 베이커리 서울대점,ATMOSPHERE,카페 분위기,0.3638,긍정,,
메가엠지씨커피 신림역점,ATMOSPHERE,카페 분위기,0.3638,긍정,,
키키's 버터,ATMOSPHERE,카페 분위기,0.3638,긍정,,
윈썸,ATMOSPHERE,카페 분위기,0.3638,긍정,,
카페봉봉,ATMOSPHERE,카페 분위기,0.3638,긍정,,
아토커피 신림점,ATMOSPHERE,카페 분위기,0.3638,긍정,,
카페여기,ATMOSPHERE,카페 분위기,0.3638,긍정,,
딜 카페,ATMOSPHERE,카페 분위기,0.3638,긍정,,
디저트39 신림역점,ATMOSPHERE,매장,0.3622,긍정,,
이디야 신림미성점,ATMOSPHERE,행복한 분위기,0.3605,긍정,,
더벤티구로힐스테이트점,ATMOSPHERE,가성비 카페,0.3589,긍정,,
더리터 신림중앙점,ATMOSPHERE,시원한 분위기,0.3587,긍정,,
읍천리382 신림점,ATMOSPHERE,시원한 분위기,0.3587,긍정,,
컴포즈커피,ATMOSPHERE,시원한 분위기,0.3587,긍정,,
커피니쉬(COFFEE NISHE),ATMOSPHERE,작업하기 좋은 카페,0.3569,긍정,,
더 런드렛,ATMOSPHERE,힙한 카페,0.3567,긍정,,
아토커피 신림점,ATMOSPHERE,힙한 카페,0.3567,긍정,,
엔제리너스 구로디지털역점,ATMOSPHERE,조용한 분위기,0.3561,긍정,,
파스쿠찌 서울대관정도서관점,ATMOSPHERE,조용한 분위기,0.3561,긍정,,
UNSIDE COFFEE ROASTERS(언사이드 커피 로스터스),ATMOSPHERE,크리스마스 분위기,0.3551,긍정,,
UNSIDE COFFEE ROASTERS(언사이드 커피 로스터스),ATMOSPHERE,여유로운 분위기,0.3551,긍정,,
카페in하루,ATMOSPHERE,2층 카페,0.3536,긍정,,
토마 화실,ATMOSPHERE,꽃,0.3531,긍정,,
킷사텐 신림점,ATMOSPHERE,아늑한 카페,0.3525,긍정,,
카페 188,ATMOSPHERE,아늑한 카페,0.3525,긍정,,
블루포트 서울대점,ATMOSPHERE,아늑한 카페,0.3525,긍정,,
카페게이트 관악신사로점,ATMOSPHERE,아늑한 카페,0.3525,긍정,,
디저트문,ATMOSPHERE,차분한 분위기,0.3503,긍정,,
쉼 카페,ATMOSPHERE,힐링 카페,0.348,긍정,,
카페레이브,ATMOSPHERE,아늑한 카페,0.3477,긍정,,
데이굿(DAY GOOD),ATMOSPHERE,카페 분위기,0.3464,긍정,,
할리스커피 난곡사거리점,ATMOSPHERE,좋은 느낌의 카페,0.3459,긍정,,
카페 리버스(Cafe Reverse),ATMOSPHERE,아지트,0.3458,긍정,,
엔제리너스 대학점,ATMOSPHERE,배경음악,0.3458,긍정,,
포레스트 하우스,ATMOSPHERE,난곡 할리스,0.3458,긍정,,
굽다방,ATMOSPHERE,갬성 카페,0.3457,긍정,,
시티스트릿츠,ATMOSPHERE,행복한 분위기,0.3455,긍정,,
빽다방구로KT점,ATMOSPHERE,조명 분위기,0.3455,긍정,,
시티스트릿츠,ATMOSPHERE,카페 비주얼,0.3455,긍정,,
윈썸,ATMOSPHERE,조명 분위기,0.3455,긍정,,
컴포즈커피 서울대신양학술정보관3점,ATMOSPHERE,행복한 분위기,0.3455,긍정,,
도로시쿠케 Dorothycookae,ATMOSPHERE,카페 비주얼,0.3455,긍정,,
투달러커피 난곡사거리점,ATMOSPHERE,기분좋은 경험,0.3418,긍정,,
투달러커피 난곡사거리점,ATMOSPHERE,색감,0.3418,긍정,,
빽다방 신림대학점,ATMOSPHERE,아지트 카페,0.3418,긍정,,
빽다방 신림대학점,ATMOSPHERE,안쪽 자리,0.3418,긍정,,
데이굿(DAY GOOD),ATMOSPHERE,아기자기한 카페,0.3416,긍정,,
low position(로우 포지션),ATMOSPHERE,코지한 분위기,0.3403,긍정,,
쉼 카페,ATMOSPHERE,커피향,0.3401,긍정,,
벨라벨로카페(Bella-Bello cafe),ATMOSPHERE,매장,0.3364,긍정,,
굽다방,ATMOSPHERE,매장,0.3364,긍정,,
데이굿(DAY GOOD),ATMOSPHERE,매장,0.3364,긍정,,
시티스트릿츠,ATMOSPHERE,차분한 분위기,0.3357,긍정,,
블러 커피,ATMOSPHERE,음악 분위기,0.3341,긍정,,
콤마커피(comma coffee),ATMOSPHERE,코지한 분위기,0.3335,긍정,,
킹덤보드게임카페 신림점,ATMOSPHERE,좋은 카페,0.3328,긍정,,
이디야,ATMOSPHERE,카페 공간,0.3323,긍정,,
사과당 서울대점,ATMOSPHERE,조용한 카페,0.3319,긍정,,
나티(NAUGHTY),ATMOSPHERE,조용한 카페,0.3319,긍정,,
attendo(아텐도),ATMOSPHERE,조용한 카페,0.3319,긍정,,
굽다방,ATMOSPHERE,포근한 분위기,0.3297,긍정,,
히포커피 신림점,ATMOSPHERE,잔잔한 음악,0.3297,긍정,,
엔제리너스 구로디지털역점,ATMOSPHERE,벽지,0.3277,긍정,,
소재지,ATMOSPHERE,작업실같은 분위기,0.3277,긍정,,
투썸플레이스 신림녹두거리점,ATMOSPHERE,충전,0.3277,긍정,,
투썸플레이스 신림녹두거리점,ATMOSPHERE,스누피 콜라보 커피,0.3277,긍정,,
투썸플레이스 신림녹두거리점,ATMOSPHERE,눈치 주는 분위기,0.3277,긍정,,
애담커피,ATMOSPHERE,편안한 카페,0.3269,긍정,,
도로시쿠케 Dorothycookae,ATMOSPHERE,대화하기 좋은 카페,0.3269,긍정,,
이디야,ATMOSPHERE,위치,0.3254,긍정,,
이디야커피(신림패션문화점),ATMOSPHERE,고급 카페,0.3254,긍정,,
이디야커피(신림패션문화점),ATMOSPHERE,기분전환 카페,0.3254,긍정,,
attendo(아텐도),ATMOSPHERE,카페 분위기,0.3233,긍정,,
굽다방,ATMOSPHERE,조용한 분위기,0.3222,긍정,,
커피니쉬(COFFEE NISHE),ATMOSPHERE,조용한 카페,0.3212,긍정,,
카페 리버스(Cafe Reverse),ATMOSPHERE,좋은 분위기,0.3204,긍정,,
플랙,ATMOSPHERE,어두운 분위기,0.3193,긍정,,
플랙,ATMOSPHERE,재즈 음악,0.3193,긍정,,
더 런드렛,ATMOSPHERE,힐링 카페,0.319,긍정,,
후후라운지,ATMOSPHERE,편안한 분위기,0.3177,긍정,,
굽다방,ATMOSPHERE,디저트 카페,0.3167,긍정,,
데이굿(DAY GOOD),ATMOSPHERE,카페,0.3125,긍정,,
커피 브륄레,ATMOSPHERE,편안한 공간,0.3122,긍정,,
에놀라 톤,ATMOSPHERE,편안한 공간,0.3122,긍정,,
애담커피,ATMOSPHERE,커피향,0.3117,긍정,,
읍천리382 신림점,ATMOSPHERE,선선한 날씨,0.3113,긍정,,
읍천리382 신림점,ATMOSPHERE,운치있다,0.3113,긍정,,
플랙,ATMOSPHERE,차분한 분위기,0.3099,긍정,,
빽다방 신림대학점,ATMOSPHERE,포근한 분위기,0.3078,긍정,,
attendo(아텐도),ATMOSPHERE,고급 카페,0.3074,긍정,,
사과당 서울대점,ATMOSPHERE,상큼한 맛,0.3074,긍정,,
파스쿠찌 센트로서울대점,ATMOSPHERE,카페 분위기,0.3063,긍정,,
애담커피,ATMOSPHERE,좋은 카페,0.3051,긍정,,
플레이온 보드게임카페,ATMOSPHERE,카페 분위기,0.3031,긍정,,
벨라벨로카페(Bella-Bello cafe),ATMOSPHERE,아늑한 카페,0.3021,긍정,,
토마 화실,ATMOSPHERE,카페 공간,0.3005,긍정,,
UNSIDE COFFEE ROASTERS(언사이드 커피 로스터스),ATMOSPHERE,기분 좋은,0.3005,긍정,,
더 런드렛,ATMOSPHERE,아기자기한 카페,0.2989,긍정,,
커피니쉬(COFFEE NISHE),ATMOSPHERE,음악선곡,0.2978,긍정,,
에놀라 톤,ATMOSPHERE,여유로운 분위기,0.2978,긍정,,
커피 브륄레,ATMOSPHERE,여유로운 분위기,0.2978,긍정,,
소재지,ATMOSPHERE,카페 공간,0.2973,긍정,,
후후라운지,ATMOSPHERE,여기,0.2965,긍정,,
워킹카우,ATMOSPHERE,미감 좋은,0.2965,긍정,,
301h(301에이치),ATMOSPHERE,지브리 감성,0.2965,긍정,,
워킹카우,ATMOSPHERE,구경하는 재미,0.2965,긍정,,
후후라운지,ATMOSPHERE,인스타카페,0.2965,긍정,,
카페 플롬,ATMOSPHERE,세련된 분위기,0.2965,긍정,,
카페 플롬,ATMOSPHERE,블랙앤화이트 인테리어,0.2965,긍정,,
디저트문,ATMOSPHERE,조용한 분위기,0.2942,긍정,,
소재지,ATMOSPHERE,창가자리,0.2912,긍정,,
서울버터샌드,ATMOSPHERE,미술활동,0.2912,긍정,,
마티스커피,ATMOSPHERE,빈티지 분위기,0.2912,긍정,,
빽다방 신림난곡점,ATMOSPHERE,카페 분위기,0.291,긍정,,
나티(NAUGHTY),ATMOSPHERE,깔끔한 공간,0.2848,긍정,,
attendo(아텐도),ATMOSPHERE,감성카페,0.2848,긍정,,
카페 오름,ATMOSPHERE,기분좋은 장소,0.2848,긍정,,
나티(NAUGHTY),ATMOSPHERE,좋은 분위기,0.2848,긍정,,
빽다방 난곡세이브점,ATMOSPHERE,조용한 카페,0.2845,긍정,,
국민우유집 신림점,ATMOSPHERE,조용한 카페,0.2845,긍정,,
플랙,ATMOSPHERE,힐링 공간,0.2837,긍정,,
키키's 버터,ATMOSPHERE,조용한 분위기,0.2819,긍정,,
카페라움(CAFE RAUM),ATMOSPHERE,대화하기 좋은 카페,0.2802,긍정,,
반지만들기 카페,ATMOSPHERE,반지 만들기,0.2766,긍정,,
블러 커피,ATMOSPHERE,조용한 카페,0.2766,긍정,,
카페디딤,ATMOSPHERE,조용하고 쾌적한,0.2765,긍정,,
디저트39 신림역점,ATMOSPHERE,아기자기한 카페,0.2759,긍정,,
아토커피 신림점,ATMOSPHERE,뷰,0.2734,긍정,,
궁전다방,ATMOSPHERE,조용한 카페,0.2734,긍정,,
에놀라 톤,ATMOSPHERE,카페 공간,0.2733,긍정,,
커피 브륄레,ATMOSPHERE,카페 공간,0.2733,긍정,,
커피 브륄레,ATMOSPHERE,아늑한 카페,0.2729,긍정,,
에놀라 톤,ATMOSPHERE,아늑한 카페,0.2729,긍정,,
코아르(coar),ATMOSPHERE,포토존,0.2721,긍정,,
디저트문,ATMOSPHERE,안락한 분위기,0.2707,긍정,,
디저트문,ATMOSPHERE,좌석 간격,0.2707,긍정,,
카페in하루,ATMOSPHERE,매장 음악,0.2706,긍정,,
파스쿠찌 센트로서울대점,ATMOSPHERE,조용한 대화,0.2698,긍정,,
파스쿠찌 센트로서울대점,ATMOSPHERE,숲속 카페,0.2698,긍정,,
코아르(coar),ATMOSPHERE,카페,0.269,긍정,,
나티(NAUGHTY),ATMOSPHERE,조용하고 쾌적한,0.2689,긍정,,
진서의 정원,ATMOSPHERE,아기자기한 카페,0.2657,긍정,,
UNSIDE COFFEE ROASTERS(언사이드 커피 로스터스),ATMOSPHERE,쾌적한 공간,0.2656,긍정,,
카페디딤,ATMOSPHERE,잔잔한 음악,0.2638,긍정,,
카페 아래로 ARERO,ATMOSPHERE,숲뷰,0.2635,긍정,,
할리스 신림점,ATMOSPHERE,좌석,0.2635,긍정,,
Coffee Planet(커피 플래닛),ATMOSPHERE,카페,0.2625,긍정,,
Mono Hertz(모노헤르쯔),ATMOSPHERE,코지한 분위기,0.2606,긍정,,
원브릿지,ATMOSPHERE,포토존,0.2593,긍정,,
원브릿지,ATMOSPHERE,할로윈 테마,0.2593,긍정,,
홍카페 HONG CAFE,ATMOSPHERE,카페 인테리어,0.2568,긍정,,
투썸플레이스 신림녹두거리점,ATMOSPHERE,한적한 분위기,0.2547,긍정,,
엔제리너스 구로디지털역점,ATMOSPHERE,정감 있는 카페,0.2547,긍정,,
반지만들기 카페,ATMOSPHERE,카페 분위기,0.2546,긍정,,
코아르(coar),ATMOSPHERE,인테리어 소품,0.2522,긍정,,
아토커피 신림점,ATMOSPHERE,음악 분위기,0.2506,긍정,,
카페디딤,ATMOSPHERE,카페 분위기,0.2494,긍정,,
Coffee Planet(커피 플래닛),ATMOSPHERE,방문 추천,0.249,긍정,,
카페 리버스(Cafe Reverse),ATMOSPHERE,조용한 카페,0.249,긍정,,
궁전다방,ATMOSPHERE,아늑한 카페,0.2488,긍정,,
디저트39 신림역점,ATMOSPHERE,가성비 카페,0.2485,긍정,,
엔제리너스 구로디지털역점,ATMOSPHERE,매장,0.2478,긍정,,
Coffee Planet(커피 플래닛),ATMOSPHERE,따뜻한 분위기,0.2472,긍정,,
엔제리너스 대학점,ATMOSPHERE,매장 음악,0.2452,긍정,,
마티스커피,ATMOSPHERE,조용한 카페,0.2446,긍정,,
카페 아래로 ARERO,ATMOSPHERE,숲속 카페,0.2441,긍정,,
파스쿠찌 서울대관정도서관점,ATMOSPHERE,포근한 분위기,0.243,긍정,,
"?커피,MOCC",ATMOSPHERE,포근한 분위기,0.243,긍정,,
카페 아래로 ARERO,ATMOSPHERE,힐링 카페,0.243,긍정,,
cafe 66(카페 66),ATMOSPHERE,카페 분위기,0.2425,긍정,,
블루포트 서울대점,ATMOSPHERE,카페 분위기,0.2425,긍정,,
저스트 로맨틱,ATMOSPHERE,테이블,0.2395,긍정,,
블러 커피,ATMOSPHERE,깔끔한 카페,0.2354,긍정,,
Coffee Planet(커피 플래닛),ATMOSPHERE,기분 좋은,0.2344,긍정,,
그릭하다,ATMOSPHERE,가게,0.2338,긍정,,
메이지커피,ATMOSPHERE,공부하기 좋은 카페,0.2334,긍정,,
파스쿠찌 서울대관정도서관점,ATMOSPHERE,공부하기 좋은 카페,0.2334,긍정,,
카페in하루,ATMOSPHERE,조용한 분위기,0.2333,긍정,,
카페 오름,ATMOSPHERE,넓은 공간,0.2304,긍정,,
진서의 정원,ATMOSPHERE,따뜻한 분위기,0.2289,긍정,,
카페레이브,ATMOSPHERE,코지한 분위기,0.2285,긍정,,
궁전다방,ATMOSPHERE,카페 공간,0.2215,긍정,,
홍카페 HONG CAFE,ATMOSPHERE,앤틱 분위기,0.2213,긍정,,
카페 오름,ATMOSPHERE,조용한 카페,0.2213,긍정,,
카페in하루,ATMOSPHERE,아늑한 카페,0.2188,긍정,,
카페레이브,ATMOSPHERE,조용한 카페,0.2183,긍정,,
프롬 카페(from. cafe),ATMOSPHERE,조용한 분위기,0.2183,긍정,,
그릭하다,ATMOSPHERE,쾌적한 공간,0.2158,긍정,,
301h(301에이치),ATMOSPHERE,조용한 분위기,0.2148,긍정,,
THE ROASTER 59(더 로스터 59),ATMOSPHERE,탁 트인,0.2147,긍정,,
저스트 로맨틱,ATMOSPHERE,귀여운 카페,0.2128,긍정,,
토마 화실,ATMOSPHERE,조용한 카페,0.2119,긍정,,
원브릿지,ATMOSPHERE,조용한 분위기,0.2114,긍정,,
FOAM & normal (폼앤노말),ATMOSPHERE,음악 분위기,0.2088,긍정,,
THE ROASTER 59(더 로스터 59),ATMOSPHERE,조용한 카페,0.206,긍정,,
홍카페 HONG CAFE,ATMOSPHERE,고즈넉한 분위기,0.2051,긍정,,
low position(로우 포지션),ATMOSPHERE,편안한 분위기,0.2042,긍정,,
원브릿지,ATMOSPHERE,아늑한 카페,0.1983,긍정,,
저스트 로맨틱,ATMOSPHERE,사진 찍기 좋은 카페,0.1972,긍정,,
블러 커피,ATMOSPHERE,매장,0.1962,긍정,,
메이지커피,ATMOSPHERE,작업하기 좋은 카페,0.1941,긍정,,
Mono Hertz(모노헤르쯔),ATMOSPHERE,따뜻한 분위기,0.1931,긍정,,
low position(로우 포지션),ATMOSPHERE,따뜻한 분위기,0.1892,긍정,,
"?커피,MOCC",ATMOSPHERE,아기자기한 카페,0.1888,긍정,,
메이지커피,ATMOSPHERE,아늑한 카페,0.1855,긍정,,
홍카페 HONG CAFE,ATMOSPHERE,감성적인 카페,0.1847,긍정,,
프롬 카페(from. cafe),ATMOSPHERE,라떼아트,0.1785,긍정,,
Mono Hertz(모노헤르쯔),ATMOSPHERE,조용한 분위기,0.1762,긍정,,
카페레이브,ATMOSPHERE,다락방 느낌,0.1706,긍정,,
프롬 카페(from. cafe),ATMOSPHERE,작고 귀여운 카페,0.1654,긍정,,
301h(301에이치),ATMOSPHERE,편안한 분위기,0.1588,긍정,,
FOAM & normal (폼앤노말),ATMOSPHERE,아늑한 카페,0.1469,긍정,,
FOAM & normal (폼앤노말),ATMOSPHERE,2층 카페,0.1424,긍정,,
프롬 카페(from. cafe),ATMOSPHERE,아늑한 카페,0.1364,긍정,,
low position(로우 포지션),ATMOSPHERE,카페,0.1339,긍정,,
카페뉴욕 신림점,TARGET,홈카페,6.2311,긍정,,
더벤티 신림점,TARGET,매일 마시기 좋은 카페,6.2311,긍정,,
텐퍼센트커피 신림역점,TARGET,문화생활,6.2311,긍정,,
커피브라운,TARGET,시원한 분위기,6.2311,긍정,,
cup&coffee 컵앤커피,TARGET,시간 때우기 좋은 카페,5.538,긍정,,
mug 공대,TARGET,폭풍수다,5.538,긍정,,
커피마마,TARGET,대학동 카페,5.1325,긍정,,
썰카페,TARGET,자주 방문,4.6217,긍정,,
카페모닝듀,TARGET,특별한 메뉴,4.4393,긍정,,
또리커피 관악점,TARGET,간식,4.4393,긍정,,
로플봉봉,TARGET,맛집,4.1517,긍정,,
Cafe 912,TARGET,반려동물 동반,4.0339,긍정,,
더벤티 서울대점,TARGET,연인과의 특별한 장소,4.0339,긍정,,
카페룽고,TARGET,집중하기,3.8332,긍정,,
카페 아이엔지 서울대자연과학대학점,TARGET,엄마들 모임,3.5231,긍정,,
카페봉봉,TARGET,수다,3.2354,긍정,,
플러스82 관악남부점,TARGET,혼자 카페,3.1401,긍정,,
스타벅스 신림녹두거리점,TARGET,단체 좌석,3.1156,긍정,,
POPO archive(포포 아카이브),TARGET,라떼아트,3.1156,긍정,,
바나타이거(양산점),TARGET,카페,3.0531,긍정,,
컴포즈커피 신림난곡점,TARGET,가성비 카페,2.8638,긍정,,
컴포즈커피 신림신화교점,TARGET,투썸,2.769,긍정,,
세미온,TARGET,단골카페,2.6758,긍정,,
카페 하나,TARGET,공부하기,2.5422,긍정,,
카페느티나무 동원관점,TARGET,부부,2.4224,긍정,,
카페느티나무 동원관점,TARGET,주말 카페,2.4224,긍정,,
POPO archive(포포 아카이브),TARGET,남자친구,2.4224,긍정,,
디저트 참 잘하는집 신림점,TARGET,포장,2.4224,긍정,,
디저트 참 잘하는집 신림점,TARGET,둘이,2.3108,긍정,,
카페게이트 관악신사로점,TARGET,커피 마니아,2.2197,긍정,,
스타벅스 신림녹두거리점,TARGET,카공족,2.2197,긍정,,
카페게이트 관악신사로점,TARGET,음료,2.2197,긍정,,
그릿 커피랩 신림점,TARGET,반려동물 카페,2.2003,긍정,,
CAFE216,TARGET,에스프레소,2.077,긍정,,
카페오아시아,TARGET,관악지역,2.077,긍정,,
김빙수,TARGET,대화,1.997,긍정,,
컴포즈커피 신림신화교점,TARGET,시간 보내기 좋은 곳,1.9643,긍정,,
플레이온 보드게임카페,TARGET,보드게임카페,1.961,긍정,,
카페드림,TARGET,이야기,1.912,긍정,,
더리터신림점,TARGET,가성비 카페,1.9092,긍정,,
그릭하다,TARGET,다이어트,1.8534,긍정,,
빽다방구로KT점,TARGET,단체 이용,1.846,긍정,,
과일담은 요거트 맛집 yomat,TARGET,신림 디저트,1.846,긍정,,
데니스커피 신림점,TARGET,동네카페,1.8331,긍정,,
1.5도씨,TARGET,뷰,1.7803,긍정,,
아마스빈버블티,TARGET,아이들 활동,1.7615,긍정,,
바나다커피 신림신원점,TARGET,엄마들 모임,1.7615,긍정,,
별별카롱,TARGET,선물,1.741,긍정,,
국민우유집 신림점,TARGET,키즈카페,1.7293,긍정,,
카페여기,TARGET,가벼운 식사,1.7108,긍정,,
카페여기,TARGET,배달,1.7108,긍정,,
앙니드 베이커리카페,TARGET,1인 카페,1.7108,긍정,,
컴포즈커피 신림중앙점,TARGET,테이크아웃,1.6704,긍정,,
백억커피,TARGET,사이즈,1.6149,긍정,,
빽다방구로KT점,TARGET,이용하기 좋은 카페,1.6149,긍정,,
빽다방구로KT점,TARGET,혼자만의 시간,1.6149,긍정,,
빽다방 서원역점,TARGET,운동 후 방문,1.6149,긍정,,
CAFE216,TARGET,신대방 카페,1.6149,긍정,,
그리니,TARGET,게임카페,1.6149,긍정,,
크로플집,TARGET,포장,1.6149,긍정,,
워킹카우,TARGET,반려동물 카페,1.6136,긍정,,
데이지 커피,TARGET,단골카페,1.6055,긍정,,
마마메이드,TARGET,혼자 카페,1.57,긍정,,
오스커피하우스,TARGET,고시촌,1.5578,긍정,,
국민우유집 신림점,TARGET,달달한 카페,1.5578,긍정,,
매머드익스프레스 신림역점,TARGET,우유옵션,1.5578,긍정,,
백억커피(서원역점),TARGET,더운 날,1.5578,긍정,,
빽다방 신림역2호점,TARGET,간얼음,1.5578,긍정,,
인더숲,TARGET,혼자 노트북,1.5578,긍정,,
서울버터샌드,TARGET,선물,1.5569,긍정,,
토마 화실,TARGET,키즈카페,1.5491,긍정,,
비행커피,TARGET,자주 방문,1.5406,긍정,,
CAFE216,TARGET,지인 모임,1.5406,긍정,,
비행커피,TARGET,출퇴근,1.5406,긍정,,
바나다커피 신림신원점,TARGET,카페,1.5265,긍정,,
킹덤보드게임카페 신림점,TARGET,보드게임카페,1.4534,긍정,,
데니스커피 신림점,TARGET,가성비 카페,1.4319,긍정,,
cafe 66(카페 66),TARGET,작업,1.4319,긍정,,
빽다방 신림난곡점,TARGET,가성비 카페,1.4319,긍정,,
미남커피,TARGET,시간 때우기 좋은 카페,1.3845,긍정,,
빽다방 신림대학점,TARGET,혼자 책읽기,1.3845,긍정,,
빽다방 신림역2호점,TARGET,빽다방,1.3845,긍정,,
백억커피(서원역점),TARGET,저녁 외식,1.3845,긍정,,
아마스빈버블티,TARGET,자녀,1.3845,긍정,,
빽다방 신림난곡점,TARGET,디저트,1.3845,긍정,,
카페 188,TARGET,집중하기 좋은 카페,1.3845,긍정,,
컴포즈커피 신림중앙점,TARGET,위치,1.3845,긍정,,
Lee 집 coffee,TARGET,선물,1.3839,긍정,,
구동커피,TARGET,점심,1.366,긍정,,
독특하개,TARGET,반려동물 카페,1.3446,긍정,,
카페토리,TARGET,브런치,1.3446,긍정,,
더리터신림점,TARGET,커피,1.3446,긍정,,
킷사텐 신림점,TARGET,수다,1.2942,긍정,,
빽다방 신림난곡점,TARGET,이벤트,1.2831,긍정,,
카페여기,TARGET,집중하기,1.2777,긍정,,
오스커피하우스,TARGET,공부하기,1.2711,긍정,,
쉼 카페,TARGET,친구와 함께,1.2462,긍정,,
우체국 옆 빵집,TARGET,오픈런,1.2462,긍정,,
딜 카페,TARGET,좋은 공간,1.2462,긍정,,
카페사계,TARGET,가성비 카페,1.2273,긍정,,
카페라움(CAFE RAUM),TARGET,만남의 장소,1.2243,긍정,,
백억커피(서원역점),TARGET,이용하기 좋은 카페,1.2112,긍정,,
매머드익스프레스 신림역점,TARGET,편안한 카페,1.2112,긍정,,
컴포즈커피 신림중앙점,TARGET,운동 후 방문,1.2112,긍정,,
만랩커피 신림별빛거리점,TARGET,사이즈,1.2112,긍정,,
더 런드렛,TARGET,공부하는 사람들,1.2112,긍정,,
모꼬지,TARGET,아이들 활동,1.1744,긍정,,
모꼬지,TARGET,엄마들 모임,1.1744,긍정,,
매머드익스프레스 신림역점,TARGET,저렴한 커피,1.1554,긍정,,
OJE COFFEE(오제커피),TARGET,출퇴근,1.1554,긍정,,
카페게이트 신림별빛거리점,TARGET,타임,1.1554,긍정,,
비행커피,TARGET,디저트 카페,1.1528,긍정,,
키키's 버터,TARGET,기분전환 카페,1.1406,긍정,,
코아르(coar),TARGET,애견동반 카페,1.1396,긍정,,
Label Board Cafe(레이블 보드게임 카페),TARGET,게임카페,1.118,긍정,,
Label Board Cafe(레이블 보드게임 카페),TARGET,보드게임카페,1.118,긍정,,
메가엠지씨커피 신림역점,TARGET,테이크아웃,1.1136,긍정,,
카페게이트 신림별빛거리점,TARGET,강추,1.1098,긍정,,
매머드익스프레스 신림역점,TARGET,신림카페,1.1098,긍정,,
콤마커피(comma coffee),TARGET,혼자,1.1098,긍정,,
국민우유집 신림점,TARGET,특별한 메뉴,1.1098,긍정,,
페이브 베이커리 서울대점,TARGET,작은 빵집,1.1076,긍정,,
블루포트 서울대점,TARGET,학생,1.0998,긍정,,
모꼬지,TARGET,수다,1.0785,긍정,,
더 런드렛,TARGET,수다떨기,1.0713,긍정,,
더리터 신림중앙점,TARGET,이야기,1.0622,긍정,,
크로플집,TARGET,재방문,1.0467,긍정,,
앙니드 베이커리카페,TARGET,커피랑 먹기,1.0385,긍정,,
과일담은 요거트 맛집 yomat,TARGET,요거트 덕후,1.0385,긍정,,
Lee 집 coffee,TARGET,구로카페,1.0385,긍정,,
Lee 집 coffee,TARGET,정감 있는 카페,1.0385,긍정,,
백억커피,TARGET,편안한 공간,1.0385,긍정,,
걸작커피,TARGET,가끔 방문,1.0385,긍정,,
빽다방 서원역점,TARGET,밥대신 먹는거,1.0385,긍정,,
페이브 베이커리 서울대점,TARGET,충전,1.0265,긍정,,
쉼 카페,TARGET,휴식,1.0265,긍정,,
커피퍼센트&대단한 요거트 신림점,TARGET,식사 대용,1.0265,긍정,,
카페느티나무 음대점,TARGET,카페,1.0177,긍정,,
소재지,TARGET,작업,1.0108,긍정,,
포레스트 하우스,TARGET,산책,1.0085,긍정,,
마마메이드,TARGET,대화,0.9985,긍정,,
cafe 66(카페 66),TARGET,대화,0.9985,긍정,,
반지만들기 카페,TARGET,커플링,0.9839,긍정,,
윈썸,TARGET,혼자 방문,0.9821,긍정,,
미남커피,TARGET,시간 보내기 좋은 곳,0.9821,긍정,,
콤마커피(comma coffee),TARGET,시간 보내기 좋은 곳,0.9821,긍정,,
커피퍼센트&대단한 요거트 신림점,TARGET,커피 한잔,0.969,긍정,,
페이브 베이커리 서울대점,TARGET,커피 한잔,0.969,긍정,,
카페게이트 신림별빛거리점,TARGET,애견동반 카페,0.9583,긍정,,
카페느티나무도서관점,TARGET,가성비 카페,0.9546,긍정,,
카페사계,TARGET,테이크아웃,0.9545,긍정,,
카페라움(CAFE RAUM),TARGET,단체 모임,0.939,긍정,,
카페일기,TARGET,한끼식사,0.9332,긍정,,
파스쿠찌 서울대관정도서관점,TARGET,공부하기,0.9322,긍정,,
Babip(바빕),TARGET,친구,0.9244,긍정,,
데니스커피 남강점,TARGET,친구,0.9244,긍정,,
벨라벨로카페(Bella-Bello cafe),TARGET,자주 이용하는 카페,0.9243,긍정,,
커피퍼센트&대단한 요거트 신림점,TARGET,친구와 대화하기,0.9243,긍정,,
워킹카우,TARGET,둘이,0.9243,긍정,,
냥빵,TARGET,아기,0.923,긍정,,
빽다방 서원역점,TARGET,위치,0.923,긍정,,
과일담은 요거트 맛집 yomat,TARGET,자녀,0.923,긍정,,
카페오아시아,TARGET,책과 커피,0.923,긍정,,
쉼표브레드,TARGET,키즈카페,0.9223,긍정,,
카페 오름,TARGET,키즈카페,0.9223,긍정,,
더 런드렛,TARGET,동네카페,0.9165,긍정,,
플랙,TARGET,커피 애호가,0.9084,긍정,,
이디야커피(신림패션문화점),TARGET,키즈카페,0.9022,긍정,,
카페디딤,TARGET,공부하기,0.9004,긍정,,
애담커피,TARGET,단골카페,0.8919,긍정,,
카페토리,TARGET,단골카페,0.8919,긍정,,
크로플집,TARGET,단골카페,0.8919,긍정,,
빽다방 난곡세이브점,TARGET,버스타기,0.8902,긍정,,
1.5도씨,TARGET,사랑방,0.8902,긍정,,
1.5도씨,TARGET,제로웨이스트 카페,0.8902,긍정,,
1.5도씨,TARGET,카페 인테리어,0.8902,긍정,,
1.5도씨,TARGET,비건제품,0.8902,긍정,,
데이즈 라이크 디스,TARGET,행복한 분위기,0.8902,긍정,,
데이즈 라이크 디스,TARGET,입문자,0.8902,긍정,,
카페드림,TARGET,점심,0.8879,긍정,,
워킹카우,TARGET,혼자,0.8879,긍정,,
포레스트 하우스,TARGET,노트북 작업,0.8808,긍정,,
카페 188,TARGET,노트북 작업,0.8808,긍정,,
할리스커피 난곡사거리점,TARGET,공부하기,0.88,긍정,,
반지만들기 카페,TARGET,반지 만들기,0.8745,긍정,,
콤마커피(comma coffee),TARGET,디저트 카페,0.8646,긍정,,
아마스빈버블티,TARGET,키즈카페,0.8646,긍정,,
노와드코코 베이커리,TARGET,빵집,0.857,긍정,,
킷사텐 신림점,TARGET,빵집,0.857,긍정,,
쉼 카페,TARGET,아이와 함께,0.857,긍정,,
궁전다방,TARGET,대화,0.8559,긍정,,
그리니,TARGET,다이어트,0.8554,긍정,,
카페느티나무도서관점,TARGET,학생,0.8554,긍정,,
애담커피,TARGET,회사 근처,0.8554,긍정,,
Label Board Cafe(레이블 보드게임 카페),TARGET,가격,0.852,긍정,,
더리터 신림중앙점,TARGET,공부하기,0.8474,긍정,,
카페느티나무 음대점,TARGET,공부하기,0.8474,긍정,,
컴포즈커피 신림대학점,TARGET,저렴한 커피,0.8403,긍정,,
스타벅스 신림점,TARGET,카공,0.8352,긍정,,
포레스트 하우스,TARGET,카공,0.8352,긍정,,
빽다방 신림역2호점,TARGET,테이크아웃,0.8352,긍정,,
윈썸,TARGET,단체 모임,0.8217,긍정,,
카페 188,TARGET,단체 모임,0.8217,긍정,,
읍천리382 신림점,TARGET,애견동반 카페,0.8214,긍정,,
빽다방 난곡세이브점,TARGET,가성비 카페,0.8182,긍정,,
카페in하루,TARGET,카페,0.8141,긍정,,
인더숲,TARGET,가족 모임,0.8088,긍정,,
백억커피(서원역점),TARGET,수다,0.8088,긍정,,
카페느티나무도서관점,TARGET,서울대 카페,0.8075,긍정,,
백억커피,TARGET,포장,0.8075,긍정,,
카페오트르,TARGET,보드게임카페,0.8075,긍정,,
페이브 베이커리 서울대점,TARGET,산책,0.8068,긍정,,
벨라벨로카페(Bella-Bello cafe),TARGET,대화,0.7988,긍정,,
커피당,TARGET,대화,0.7988,긍정,,
홍카페 HONG CAFE,TARGET,대화,0.7988,긍정,,
빽다방 난곡세이브점,TARGET,빽다방,0.7911,긍정,,
데이즈 라이크 디스,TARGET,늦은 시간 카페,0.7911,긍정,,
딜 카페,TARGET,시간 보내기 좋은 곳,0.7857,긍정,,
워킹카우,TARGET,혼자 방문,0.7857,긍정,,
별의별카페,TARGET,영화보러갈때,0.7789,긍정,,
OJE COFFEE(오제커피),TARGET,퀄리티,0.7789,긍정,,
카페느티나무도서관점,TARGET,학교 카페,0.7703,긍정,,
걸작커피,TARGET,자주 이용하는 카페,0.7703,긍정,,
Coffee Planet(커피 플래닛),TARGET,최애 카페,0.7703,긍정,,
카페느티나무도서관점,TARGET,저렴한 커피,0.7703,긍정,,
데이굿(DAY GOOD),TARGET,둘이,0.7703,긍정,,
THE ROASTER 59(더 로스터 59),TARGET,서울대 카페,0.765,긍정,,
이디야커피(신림대학동점),TARGET,혼자만의 시간,0.765,긍정,,
오스커피하우스,TARGET,카페,0.7633,긍정,,
독특하개,TARGET,애견동반 카페,0.755,긍정,,
빵장수단팥빵cafe 신림점,TARGET,부모님,0.7548,긍정,,
빵장수단팥빵cafe 신림점,TARGET,선물,0.7548,긍정,,
쉬즈베이글,TARGET,테이크아웃,0.7424,긍정,,
Lee 집 coffee,TARGET,강추,0.7399,긍정,,
백억커피,TARGET,맛,0.7399,긍정,,
백억커피,TARGET,특별한 메뉴,0.7399,긍정,,
카페캘리 본점,TARGET,반려동물 카페,0.7334,긍정,,
빽다방 난곡세이브점,TARGET,학생,0.7332,긍정,,
어반커피,TARGET,젊은층,0.7332,긍정,,
디저트39 신림역점,TARGET,다이어트,0.7332,긍정,,
컴포즈커피 서울대신양학술정보관3점,TARGET,공부할 공간,0.7332,긍정,,
나인티스,TARGET,집근처 카페,0.7332,긍정,,
컴포즈커피 신림녹두점,TARGET,방문 추천,0.7332,긍정,,
Babip(바빕),TARGET,식사 대용,0.7332,긍정,,
데이즈 라이크 디스,TARGET,회사 근처,0.7332,긍정,,
카페스토어,TARGET,대학동 카페,0.7332,긍정,,
킹덤보드게임카페 신림점,TARGET,게임카페,0.7267,긍정,,
히포커피 신림점,TARGET,공부하기,0.7264,긍정,,
컴포즈커피 신림녹두점,TARGET,공부하기,0.7264,긍정,,
엔제리너스 구로디지털역점,TARGET,대화,0.7262,긍정,,
윈썸,TARGET,데이트 장소,0.7247,긍정,,
마티스커피,TARGET,대화,0.7211,긍정,,
인더숲,TARGET,가성비 카페,0.716,긍정,,
만랩커피 신림별빛거리점,TARGET,가성비 카페,0.716,긍정,,
포레스트 하우스,TARGET,작업,0.716,긍정,,
빽다방 신림역2호점,TARGET,가성비 카페,0.716,긍정,,
엔제리너스 대학점,TARGET,카공,0.7159,긍정,,
시티스트릿츠,TARGET,테이크아웃,0.7159,긍정,,
앙니드 베이커리카페,TARGET,간단한 식사,0.7142,긍정,,
앙니드 베이커리카페,TARGET,빵집,0.7142,긍정,,
진서의 정원,TARGET,대화,0.7132,긍정,,
메이지커피,TARGET,공부하기,0.7131,긍정,,
키키's 버터,TARGET,이야기,0.7081,긍정,,
콤마커피(comma coffee),TARGET,독서,0.7075,긍정,,
코아르(coar),TARGET,데이트 장소,0.7051,긍정,,
쉼 카페,TARGET,엄마들 모임,0.7046,긍정,,
탐앤탐스 삼모타워 신림역점,TARGET,대화,0.699,긍정,,
그릿 커피랩 신림점,TARGET,애견동반 카페,0.6969,긍정,,
쉬즈베이글,TARGET,사서가기,0.6923,긍정,,
세상의 모든 디저트,TARGET,세모디,0.6923,긍정,,
쉬즈베이글,TARGET,나들이,0.6923,긍정,,
컴포즈커피,TARGET,머무르기 좋은 카페,0.6923,긍정,,
투달러커피 난곡사거리점,TARGET,해장 음료,0.6923,긍정,,
세상의 모든 디저트,TARGET,시장볼때,0.6923,긍정,,
저스트 로맨틱,TARGET,혼자 카공,0.6922,긍정,,
별의별카페,TARGET,24시간 카페,0.6922,긍정,,
데이즈 라이크 디스,TARGET,커피 애호가,0.6921,긍정,,
백억커피 구로점,TARGET,사이즈,0.6921,긍정,,
백억커피 구로점,TARGET,포장,0.6921,긍정,,
플레이온 보드게임카페,TARGET,게임카페,0.6921,긍정,,
백억커피 구로점,TARGET,운동 후 방문,0.6921,긍정,,
애담커피,TARGET,부모님,0.6919,긍정,,
빽다방 신림대학점,TARGET,혼자 공부하기,0.6919,긍정,,
그리니,TARGET,맛집,0.6919,긍정,,
쉼표브레드,TARGET,1인 카페,0.6843,긍정,,
Label Board Cafe(레이블 보드게임 카페),TARGET,신림카페,0.683,긍정,,
밀크커피,TARGET,맛,0.683,긍정,,
카페레이브,TARGET,데이트 장소,0.6821,긍정,,
별별카롱,TARGET,아이들 활동,0.6819,긍정,,
과일담은 요거트 맛집 yomat,TARGET,연인과의 특별한 장소,0.6723,긍정,,
카페게이트 신림별빛거리점,TARGET,단골카페,0.6689,긍정,,
더리터 신림중앙점,TARGET,대화,0.6657,긍정,,
카페느티나무 음대점,TARGET,대화,0.6657,긍정,,
카페토리,TARGET,대화,0.6657,긍정,,
밀크커피,TARGET,가성비 카페,0.6609,긍정,,
독특하개,TARGET,유치원,0.6609,긍정,,
토마 화실,TARGET,아이들 활동,0.6606,긍정,,
카페스토어,TARGET,최애 카페,0.6602,긍정,,
디저트39 신림역점,TARGET,생일 기념,0.6602,긍정,,
투썸플레이스 신림녹두거리점,TARGET,타임,0.6602,긍정,,
카페사계,TARGET,출퇴근,0.6602,긍정,,
벨라벨로카페(Bella-Bello cafe),TARGET,단체 모임,0.6573,긍정,,
걸작커피,TARGET,시간 보내기 좋은 곳,0.6548,긍정,,
커피퍼센트&대단한 요거트 신림점,TARGET,가족 모임,0.6471,긍정,,
킷사텐 신림점,TARGET,가족 모임,0.6471,긍정,,
벨라벨로카페(Bella-Bello cafe),TARGET,수다,0.6471,긍정,,
만랩커피 신림별빛거리점,TARGET,기분전환 카페,0.6416,긍정,,
만랩커피 신림별빛거리점,TARGET,식사 대용,0.6416,긍정,,
원브릿지,TARGET,디저트 카페,0.6405,긍정,,
딜 카페,TARGET,이야기,0.6373,긍정,,
"?커피,MOCC",TARGET,반려동물 동반,0.6369,긍정,,
301h(301에이치),TARGET,독서,0.6367,긍정,,
매머드 익스프레스 신림대학점,TARGET,가성비 카페,0.6364,긍정,,
커피니쉬(COFFEE NISHE),TARGET,작업,0.6364,긍정,,
카페스토어,TARGET,커피 마니아,0.6342,긍정,,
나인티스,TARGET,간식,0.6342,긍정,,
히포커피 신림점,TARGET,카공족,0.6342,긍정,,
카페스토어,TARGET,특별한 메뉴,0.6342,긍정,,
백억커피 구로점,TARGET,특별한 메뉴,0.6342,긍정,,
Babip(바빕),TARGET,강추,0.6342,긍정,,
백억커피 구로점,TARGET,맛,0.6342,긍정,,
쉼 카페,TARGET,재방문,0.628,긍정,,
노와드코코 베이커리,TARGET,재방문,0.628,긍정,,
걸작커피,TARGET,추천,0.6244,긍정,,
투썸플레이스 신림로점,TARGET,친구 만남,0.6231,긍정,,
우체국 옆 빵집,TARGET,줄서서 먹기,0.6231,긍정,,
신림마당,TARGET,회의실,0.6231,긍정,,
블렌더스(BLENDERS),TARGET,위린이,0.6231,긍정,,
킹덤보드게임카페 신림점,TARGET,다트,0.6231,긍정,,
프롬 카페(from. cafe),TARGET,함께,0.6231,긍정,,
파스쿠찌 센트로서울대점,TARGET,학교 카페,0.6162,긍정,,
디저트문,TARGET,신림 디저트,0.6153,긍정,,
그릭하다,TARGET,건강식,0.6153,긍정,,
투달러커피 난곡사거리점,TARGET,디저트,0.6153,긍정,,
세상의 모든 디저트,TARGET,저녁 외식,0.6153,긍정,,
읍천리382 신림점,TARGET,간단한 식사,0.6122,긍정,,
데니스커피 남강점,TARGET,수다떨기,0.6122,긍정,,
데니스커피 남강점,TARGET,만남의 장소,0.6122,긍정,,
빌베이커리,TARGET,빵집,0.6122,긍정,,
걸작커피,TARGET,동네카페,0.611,긍정,,
딜 카페,TARGET,카페,0.6106,긍정,,
커피당,TARGET,카페,0.6106,긍정,,
별의별카페,TARGET,주말 카페,0.6056,긍정,,
카페디딤,TARGET,스터디카페,0.6056,긍정,,
"?커피,MOCC",TARGET,애견동반 카페,0.6052,긍정,,
attendo(아텐도),TARGET,방문 의향,0.6044,긍정,,
도로시쿠케 Dorothycookae,TARGET,단골카페,0.5946,긍정,,
아토커피 신림점,TARGET,24시간 카페,0.5934,긍정,,
FOAM & normal (폼앤노말),TARGET,음악 감상,0.5934,긍정,,
카페 아래로 ARERO,TARGET,부모님,0.5931,긍정,,
Babip(바빕),TARGET,맛집,0.5931,긍정,,
Babip(바빕),TARGET,부모님,0.5931,긍정,,
나인티스,TARGET,선물,0.5931,긍정,,
도로시쿠케 Dorothycookae,TARGET,아이들 활동,0.5872,긍정,,
이디야커피(신림대학동점),TARGET,혼자 커피,0.5829,긍정,,
킷사텐 신림점,TARGET,데이트 장소,0.5798,긍정,,
이디야 신림미성점,TARGET,동네카페,0.5789,긍정,,
OJE COFFEE(오제커피),TARGET,자주 이용하는 카페,0.5777,긍정,,
저스트 로맨틱,TARGET,지인 모임,0.5777,긍정,,
별의별카페,TARGET,친구와 대화하기,0.5777,긍정,,
애담커피,TARGET,키즈카페,0.5764,긍정,,
데이굿(DAY GOOD),TARGET,디저트 카페,0.5764,긍정,,
시티스트릿츠,TARGET,산책,0.5763,긍정,,
읍천리382 신림점,TARGET,브런치,0.5763,긍정,,
아토커피 신림점,TARGET,산책,0.5763,긍정,,
데이지 커피,TARGET,작업,0.5728,긍정,,
커피당,TARGET,작업,0.5728,긍정,,
카페드림,TARGET,가성비 카페,0.5728,긍정,,
카페라움(CAFE RAUM),TARGET,대화,0.5706,긍정,,
카페 아래로 ARERO,TARGET,대화,0.5706,긍정,,
데니스커피 남강점,TARGET,대화,0.5706,긍정,,
컴포즈커피 신림녹두점,TARGET,대화,0.5706,긍정,,
투썸플레이스 신림녹두거리점,TARGET,대화,0.5706,긍정,,
투달러커피 난곡사거리점,TARGET,이벤트,0.5703,긍정,,
키키's 버터,TARGET,책읽기 좋은 카페,0.5703,긍정,,
슬지로운생활,TARGET,1인 카페,0.5703,긍정,,
컴포즈커피,TARGET,특별한 카페,0.5703,긍정,,
컴포즈커피,TARGET,직원들,0.5703,긍정,,
투달러커피 난곡사거리점,TARGET,사진찍기,0.5703,긍정,,
투달러커피 난곡사거리점,TARGET,기분전환 카페,0.5703,긍정,,
매머드 익스프레스 신림대학점,TARGET,대학동 카페,0.5703,긍정,,
도로시쿠케 Dorothycookae,TARGET,특별한 카페,0.5703,긍정,,
냥빵,TARGET,배달,0.5703,긍정,,
그릭하다,TARGET,가벼운 식사,0.5703,긍정,,
냥빵,TARGET,동네빵집,0.5703,긍정,,
카페 플롬,TARGET,여기,0.5665,긍정,,
카페 플롬,TARGET,아늑한 카페,0.5665,긍정,,
네이밍카페커피GO!#1,TARGET,가게,0.5665,긍정,,
컴포즈커피 신림대학점,TARGET,넓은 공간,0.5665,긍정,,
컴포즈커피 신림대학점,TARGET,민초파,0.5665,긍정,,
커피 브륄레,TARGET,따릉이,0.5665,긍정,,
커피당,TARGET,독서,0.566,긍정,,
우체국 옆 빵집,TARGET,추천,0.5619,긍정,,
컴포즈커피 서울대신양학술정보관3점,TARGET,시간 보내기 좋은 곳,0.5612,긍정,,
반지만들기 카페,TARGET,데이트 장소,0.5594,긍정,,
빽다방 서원역점,TARGET,테이크아웃,0.5568,긍정,,
커피니쉬(COFFEE NISHE),TARGET,카공,0.5568,긍정,,
저스트 로맨틱,TARGET,강추,0.5549,긍정,,
low position(로우 포지션),TARGET,혼자 카페,0.5541,긍정,,
투썸플레이스 신림로점,TARGET,투썸,0.5538,긍정,,
신림마당,TARGET,늦은 시간 카페,0.5538,긍정,,
301h(301에이치),TARGET,혼자 카페,0.5495,긍정,,
후후라운지,TARGET,단체 모임,0.5478,긍정,,
엔제리너스 대학점,TARGET,공부하기,0.5448,긍정,,
블루포트 서울대점,TARGET,공부하기,0.5448,긍정,,
앙니드 베이커리카페,TARGET,가족 모임,0.5392,긍정,,
냥빵,TARGET,가족 모임,0.5392,긍정,,
슬지로운생활,TARGET,자주 가고 싶은 카페,0.5383,긍정,,
키키's 버터,TARGET,이용하기 좋은 카페,0.5383,긍정,,
컴포즈커피,TARGET,커피 애호가,0.5383,긍정,,
쉬즈베이글,TARGET,혼자 먹기,0.5383,긍정,,
슬지로운생활,TARGET,아침,0.5383,긍정,,
냥빵,TARGET,아침,0.5383,긍정,,
커피니쉬(COFFEE NISHE),TARGET,신대방 카페,0.5383,긍정,,
세상의 모든 디저트,TARGET,부부,0.5383,긍정,,
메가엠지씨커피 신림역점,TARGET,커피,0.5379,긍정,,
파스쿠찌 센트로서울대점,TARGET,산책,0.5379,긍정,,
저스트 로맨틱,TARGET,수다떨기,0.5356,긍정,,
빌베이커리,TARGET,추천,0.5352,긍정,,
커피퍼센트&대단한 요거트 신림점,TARGET,단골카페,0.5352,긍정,,
이디야 신림미성점,TARGET,공부하기,0.5352,긍정,,
THE ROASTER 59(더 로스터 59),TARGET,공부하기,0.5352,긍정,,
애담커피,TARGET,이야기,0.5311,긍정,,
카페레이브,TARGET,대화,0.5286,긍정,,
카페 플롬,TARGET,데이트 장소,0.5271,긍정,,
이디야커피(신림대학동점),TARGET,대화,0.5255,긍정,,
나티(NAUGHTY),TARGET,혼자 방문,0.5238,긍정,,
시티스트릿츠,TARGET,동네카페,0.5237,긍정,,
과일담은 요거트 맛집 yomat,TARGET,재방문,0.5233,긍정,,
그리니,TARGET,재방문,0.5233,긍정,,
Lee 집 coffee,TARGET,재방문,0.5233,긍정,,
사과당 서울대점,TARGET,가성비 카페,0.5207,긍정,,
컴포즈커피 신림대학점,TARGET,가성비 카페,0.5207,긍정,,
후후라운지,TARGET,커피향,0.5193,긍정,,
에놀라 톤,TARGET,마셔보는 재미,0.5193,긍정,,
Coffee Planet(커피 플래닛),TARGET,나만 알고 싶은 카페,0.5193,긍정,,
더벤티구로힐스테이트점,TARGET,구디 쪽,0.5193,긍정,,
Coffee Planet(커피 플래닛),TARGET,기분 좋은,0.5193,긍정,,
UNSIDE COFFEE ROASTERS(언사이드 커피 로스터스),TARGET,친구,0.5177,긍정,,
커피니쉬(COFFEE NISHE),TARGET,커플,0.5135,긍정,,
쉬즈베이글,TARGET,출퇴근,0.5135,긍정,,
데이굿(DAY GOOD),TARGET,생일 기념,0.5135,긍정,,
키키's 버터,TARGET,출퇴근,0.5135,긍정,,
컴포즈커피,TARGET,자주 이용하는 카페,0.5135,긍정,,
노와드코코 베이커리,TARGET,동네빵집,0.5132,긍정,,
노와드코코 베이커리,TARGET,베이커리,0.5132,긍정,,
블렌더스(BLENDERS),TARGET,아지트,0.5132,긍정,,
블렌더스(BLENDERS),TARGET,집근처 카페,0.5132,긍정,,
굽다방,TARGET,재방문 의사,0.5132,긍정,,
굽다방,TARGET,대화하기 좋은 카페,0.5132,긍정,,
굽다방,TARGET,대기,0.5132,긍정,,
에놀라 톤,TARGET,카페,0.5088,긍정,,
페이브 베이커리 서울대점,TARGET,공부하기,0.5084,긍정,,
프롬 카페(from. cafe),TARGET,공부하기,0.5084,긍정,,
카페 리버스(Cafe Reverse),TARGET,수다떨기,0.5041,긍정,,
카페 플롬,TARGET,연남동 카페,0.5035,긍정,,
카페일기,TARGET,좋은 카페,0.5035,긍정,,
커피 브륄레,TARGET,에놀라톤,0.5035,긍정,,
카페일기,TARGET,다양한 메뉴,0.5035,긍정,,
빽다방 난곡세이브점,TARGET,엄마들 모임,0.5033,긍정,,
컴포즈커피 서울대신양학술정보관3점,TARGET,노트북 작업,0.5033,긍정,,
나인티스,TARGET,아이들 활동,0.5033,긍정,,
301h(301에이치),TARGET,작업,0.5012,긍정,,
소재지,TARGET,독서,0.4994,긍정,,
low position(로우 포지션),TARGET,독서,0.4994,긍정,,
OJE COFFEE(오제커피),TARGET,대화,0.4993,긍정,,
더 런드렛,TARGET,대화,0.4993,긍정,,
인더숲,TARGET,대화,0.4993,긍정,,
윈썸,TARGET,대화,0.4993,긍정,,
카페 188,TARGET,대화,0.4993,긍정,,
"?커피,MOCC",TARGET,혼자 카페,0.4958,긍정,,
빌베이커리,TARGET,디저트 카페,0.4941,긍정,,
슬지로운생활,TARGET,점심,0.4933,긍정,,
세상의 모든 디저트,TARGET,점심,0.4933,긍정,,
그릭하다,TARGET,혼자,0.4933,긍정,,
매머드 익스프레스 신림대학점,TARGET,음료,0.4933,긍정,,
탐앤탐스 삼모타워 신림역점,TARGET,단체 모임,0.493,긍정,,
커피 브륄레,TARGET,단골카페,0.4865,긍정,,
노와드코코 베이커리,TARGET,자주 가고 싶은 카페,0.4845,긍정,,
신림마당,TARGET,커피 한잔,0.4845,긍정,,
신림마당,TARGET,혼자 먹기,0.4845,긍정,,
신림마당,TARGET,스터디카페,0.4845,긍정,,
블렌더스(BLENDERS),TARGET,혼자만의 시간,0.4845,긍정,,
카페오아시아,TARGET,데이트 장소,0.4832,긍정,,
마티스커피,TARGET,데이트 장소,0.4832,긍정,,
Coffee Planet(커피 플래닛),TARGET,데이트 장소,0.4832,긍정,,
attendo(아텐도),TARGET,재방문,0.4831,긍정,,
할리스 신림점,TARGET,빙수,0.4816,긍정,,
디저트문,TARGET,디저트 카페,0.4803,긍정,,
밀크커피,TARGET,매장,0.4793,긍정,,
attendo(아텐도),TARGET,카페 공간,0.4793,긍정,,
만랩커피 신림별빛거리점,TARGET,애견동반 카페,0.4792,긍정,,
그리니,TARGET,가성비 카페,0.4773,긍정,,
빽다방 서원역점,TARGET,가성비 카페,0.4773,긍정,,
더벤티구로힐스테이트점,TARGET,가성비 카페,0.4773,긍정,,
컴포즈커피 신림녹두점,TARGET,카공,0.4772,긍정,,
나인티스,TARGET,테이크아웃,0.4772,긍정,,
컴포즈커피 서울대신양학술정보관3점,TARGET,테이크아웃,0.4772,긍정,,
카페스토어,TARGET,테이크아웃,0.4772,긍정,,
FOAM & normal (폼앤노말),TARGET,대화,0.4755,긍정,,
이디야,TARGET,산책,0.4746,긍정,,
이디야,TARGET,커피,0.4746,긍정,,
카페 리버스(Cafe Reverse),TARGET,단골카페,0.4722,긍정,,
카페오아시아,TARGET,독서,0.4717,긍정,,
우체국 옆 빵집,TARGET,혼자 카페,0.471,긍정,,
카페 오름,TARGET,아이들 활동,0.4697,긍정,,
이디야 신림미성점,TARGET,점심,0.4673,긍정,,
컴포즈커피 신림대학점,TARGET,단맛 선호,0.4666,긍정,,
카페 플롬,TARGET,사진찍기,0.4666,긍정,,
그릿 커피랩 신림점,TARGET,한끼식사,0.4666,긍정,,
사과당 서울대점,TARGET,배달,0.4666,긍정,,
카페일기,TARGET,단맛 선호,0.4666,긍정,,
홍카페 HONG CAFE,TARGET,데이트 장소,0.4638,긍정,,
네이밍카페커피GO!#1,TARGET,공부하기,0.4622,긍정,,
프롬 카페(from. cafe),TARGET,최애 카페,0.4622,긍정,,
어반커피,TARGET,수다,0.4622,긍정,,
투썸플레이스 신림로점,TARGET,여자친구,0.4622,긍정,,
굽다방,TARGET,귀여운 아이들,0.4622,긍정,,
FOAM & normal (폼앤노말),TARGET,친구,0.4622,긍정,,
데니스커피 남강점,TARGET,가족 모임,0.4622,긍정,,
플레이온 보드게임카페,TARGET,친구,0.4622,긍정,,
이디야,TARGET,시간 보내기 좋은 곳,0.4622,긍정,,
에놀라 톤,TARGET,에놀라톤,0.4615,긍정,,
에놀라 톤,TARGET,작업하기 좋은 카페,0.4615,긍정,,
더벤티구로힐스테이트점,TARGET,매장 이용,0.4615,긍정,,
Coffee Planet(커피 플래닛),TARGET,쉬어가기,0.4615,긍정,,
디저트문,TARGET,신림역 카페,0.4615,긍정,,
슬지로운생활,TARGET,맛집,0.4613,긍정,,
도로시쿠케 Dorothycookae,TARGET,선물,0.4613,긍정,,
블러 커피,TARGET,노트북 작업,0.4595,긍정,,
할리스 신림점,TARGET,노트북 작업,0.4595,긍정,,
저스트 로맨틱,TARGET,동네카페,0.4583,긍정,,
UNSIDE COFFEE ROASTERS(언사이드 커피 로스터스),TARGET,작업,0.4582,긍정,,
매머드 익스프레스 신림대학점,TARGET,커피,0.4482,긍정,,
에놀라 톤,TARGET,단골카페,0.446,긍정,,
attendo(아텐도),TARGET,데이트 장소,0.446,긍정,,
카페 오름,TARGET,카공,0.4454,긍정,,
투썸플레이스 신림녹두거리점,TARGET,일기,0.4451,긍정,,
아토커피 신림점,TARGET,아기 동반,0.4451,긍정,,
진서의 정원,TARGET,매력,0.4451,긍정,,
디저트39 신림역점,TARGET,텀블러 할인,0.4451,긍정,,
투썸플레이스 신림녹두거리점,TARGET,계획,0.4451,긍정,,
진서의 정원,TARGET,숨은 카페,0.4451,긍정,,
블렌더스(BLENDERS),TARGET,음료,0.4439,긍정,,
할리스 신림점,TARGET,공부하기,0.4421,긍정,,
사과당 서울대점,TARGET,여유로운 분위기,0.4404,긍정,,
카페캘리 본점,TARGET,자주 가고 싶은 카페,0.4404,긍정,,
독특하개,TARGET,힐링 카페,0.4404,긍정,,
사과당 서울대점,TARGET,자주 가고 싶은 카페,0.4404,긍정,,
사과당 서울대점,TARGET,아침,0.4404,긍정,,
데이굿(DAY GOOD),TARGET,혼자 방문,0.4365,긍정,,
할리스 신림점,TARGET,카공,0.4357,긍정,,
할리스커피 난곡사거리점,TARGET,독서,0.4354,긍정,,
블러 커피,TARGET,대화,0.4341,긍정,,
이디야커피(신림패션문화점),TARGET,대화,0.4341,긍정,,
할리스 신림점,TARGET,대화,0.4341,긍정,,
서울버터샌드,TARGET,디저트 카페,0.4323,긍정,,
파스쿠찌 센트로서울대점,TARGET,친구,0.4314,긍정,,
카페 리버스(Cafe Reverse),TARGET,동네카페,0.4313,긍정,,
원브릿지,TARGET,데이트 장소,0.4295,긍정,,
탐앤탐스 삼모타워 신림역점,TARGET,만남의 장소,0.4285,긍정,,
우체국 옆 빵집,TARGET,빵집,0.4285,긍정,,
어반커피,TARGET,대화,0.4279,긍정,,
디저트39 신림역점,TARGET,대화,0.4279,긍정,,
빽다방 신림대학점,TARGET,대화하기 좋은 카페,0.4277,긍정,,
카페오트르,TARGET,사진찍기,0.4277,긍정,,
독특하개,TARGET,아이들 활동,0.427,긍정,,
구동커피,TARGET,분들,0.426,긍정,,
구동커피,TARGET,건강식,0.426,긍정,,
구동커피,TARGET,빙수,0.426,긍정,,
파스쿠찌 센트로서울대점,TARGET,이야기,0.4249,긍정,,
디저트문,TARGET,공부하기,0.4237,긍정,,
카페오아시아,TARGET,공부하기,0.4237,긍정,,
스타벅스 신림점,TARGET,공부하기,0.4237,긍정,,
이디야 신림미성점,TARGET,대화,0.4204,긍정,,
THE ROASTER 59(더 로스터 59),TARGET,대화,0.4204,긍정,,
카페일기,TARGET,친구와 대화하기,0.4202,긍정,,
카페캘리 본점,TARGET,여자친구,0.4202,긍정,,
빵장수단팥빵cafe 신림점,TARGET,지인 모임,0.4202,긍정,,
메이지커피,TARGET,작업,0.4191,긍정,,
쉼표브레드,TARGET,재방문,0.4187,긍정,,
나티(NAUGHTY),TARGET,재방문,0.4187,긍정,,
나티(NAUGHTY),TARGET,혼자 카페,0.4187,긍정,,
코아르(coar),TARGET,애견동반,0.4161,긍정,,
쉼표브레드,TARGET,맛있는 빵집,0.4154,긍정,,
쉼표브레드,TARGET,장소,0.4154,긍정,,
굽다방,TARGET,선물,0.4152,긍정,,
홍카페 HONG CAFE,TARGET,디저트 카페,0.415,긍정,,
아토커피 신림점,TARGET,데이트 장소,0.4141,긍정,,
Mono Hertz(모노헤르쯔),TARGET,베이커리,0.4106,긍정,,
원브릿지,TARGET,인스타카페,0.4102,긍정,,
블러 커피,TARGET,재방문,0.4096,긍정,,
FOAM & normal (폼앤노말),TARGET,작업,0.4091,긍정,,
컴포즈커피 서울대신양학술정보관3점,TARGET,작업,0.4091,긍정,,
카페라움(CAFE RAUM),TARGET,가성비 카페,0.4091,긍정,,
아토커피 신림점,TARGET,작업,0.4091,긍정,,
매머드 익스프레스 신림대학점,TARGET,동네카페,0.4074,긍정,,
나티(NAUGHTY),TARGET,카페,0.4071,긍정,,
Mono Hertz(모노헤르쯔),TARGET,공부하기,0.4068,긍정,,
반지만들기 카페,TARGET,커플,0.4054,긍정,,
반지만들기 카페,TARGET,생일 기념,0.4054,긍정,,
별의별카페,TARGET,친구,0.4044,긍정,,
컴포즈커피 신림녹두점,TARGET,독서,0.4043,긍정,,
더벤티구로힐스테이트점,TARGET,편안한 카페,0.4037,긍정,,
더벤티구로힐스테이트점,TARGET,아침,0.4037,긍정,,
빽다방 신림대학점,TARGET,사이즈,0.4037,긍정,,
스타벅스 신림점,TARGET,주말 카페,0.4037,긍정,,
스타벅스 신림점,TARGET,공부하는 사람들,0.4037,긍정,,
네이밍카페커피GO!#1,TARGET,강추,0.4036,긍정,,
네이밍카페커피GO!#1,TARGET,음료,0.4036,긍정,,
빵장수단팥빵cafe 신림점,TARGET,맛,0.4036,긍정,,
빵장수단팥빵cafe 신림점,TARGET,음료,0.4036,긍정,,
블러 커피,TARGET,혼자 작업,0.4019,긍정,,
이디야커피(신림대학동점),TARGET,공부하기,0.4014,긍정,,
딜 카페,TARGET,대화,0.3994,긍정,,
데이지 커피,TARGET,대화,0.3994,긍정,,
프롬 카페(from. cafe),TARGET,대화,0.3994,긍정,,
OJE COFFEE(오제커피),TARGET,이야기,0.3983,긍정,,
원브릿지,TARGET,단골카페,0.3964,긍정,,
엔제리너스 대학점,TARGET,집중하기 좋은 카페,0.3956,긍정,,
어반커피,TARGET,인스타카페,0.3956,긍정,,
어반커피,TARGET,폭풍수다,0.3956,긍정,,
디저트39 신림역점,TARGET,작업하기 좋은 카페,0.3956,긍정,,
빌베이커리,TARGET,다양한 메뉴,0.3956,긍정,,
진서의 정원,TARGET,신림역 카페,0.3956,긍정,,
빌베이커리,TARGET,전체 카페,0.3956,긍정,,
히포커피 신림점,TARGET,힐링,0.3956,긍정,,
attendo(아텐도),TARGET,아지트,0.3948,긍정,,
밀크커피,TARGET,집근처 카페,0.3948,긍정,,
UNSIDE COFFEE ROASTERS(언사이드 커피 로스터스),TARGET,단체 모임,0.3944,긍정,,
투썸플레이스 신림로점,TARGET,혼자 방문,0.3929,긍정,,
플랙,TARGET,재방문,0.3925,긍정,,
카페캘리 본점,TARGET,만남의 장소,0.3896,긍정,,
엔제리너스 구로디지털역점,TARGET,만남의 장소,0.3896,긍정,,
미남커피,TARGET,아이패드,0.3894,긍정,,
토마 화실,TARGET,미술활동,0.3894,긍정,,
이디야,TARGET,단체 모임,0.3867,긍정,,
카페in하루,TARGET,데이트 장소,0.3865,긍정,,
나티(NAUGHTY),TARGET,데이트 장소,0.3865,긍정,,
이디야커피(신림패션문화점),TARGET,음료,0.386,긍정,,
엔제리너스 구로디지털역점,TARGET,독서,0.3859,긍정,,
스타벅스 신림점,TARGET,혼자 작업,0.3851,긍정,,
카페오트르,TARGET,지인 모임,0.3851,긍정,,
301h(301에이치),TARGET,책읽기 좋은 카페,0.3849,긍정,,
도로시쿠케 Dorothycookae,TARGET,디저트 카페,0.3843,긍정,,
FOAM & normal (폼앤노말),TARGET,반려동물 동반,0.3842,긍정,,
카페사계,TARGET,단골카페,0.3823,긍정,,
이디야,TARGET,수다,0.3806,긍정,,
카페레이브,TARGET,친구,0.3806,긍정,,
파스쿠찌 서울대관정도서관점,TARGET,독서,0.3773,긍정,,
구동커피,TARGET,편안한 카페,0.3727,긍정,,
이디야커피(신림패션문화점),TARGET,아이와 함께,0.3726,긍정,,
이디야 신림미성점,TARGET,아이들 활동,0.3708,긍정,,
디저트문,TARGET,카공족,0.3699,긍정,,
빽다방 신림대학점,TARGET,특별한 메뉴,0.3699,긍정,,
카페 리버스(Cafe Reverse),TARGET,재방문,0.3694,긍정,,
메가엠지씨커피 신림역점,TARGET,전체 카페,0.3692,긍정,,
메가엠지씨커피 신림역점,TARGET,가격,0.3692,긍정,,
블러 커피,TARGET,독서,0.3691,긍정,,
카페캘리 본점,TARGET,커피,0.3667,긍정,,
그릿 커피랩 신림점,TARGET,반려동물 동반,0.3667,긍정,,
커피 브륄레,TARGET,산책,0.3667,긍정,,
네이밍카페커피GO!#1,TARGET,산책,0.3667,긍정,,
커피 브륄레,TARGET,반려동물 동반,0.3667,긍정,,
읍천리382 신림점,TARGET,가벼운 식사,0.3666,긍정,,
엔제리너스 대학점,TARGET,자리,0.3666,긍정,,
블루포트 서울대점,TARGET,휴식,0.3666,긍정,,
블루포트 서울대점,TARGET,직원들,0.3666,긍정,,
진서의 정원,TARGET,대기,0.3666,긍정,,
블루포트 서울대점,TARGET,자리,0.3666,긍정,,
low position(로우 포지션),TARGET,조용한 카페,0.3665,긍정,,
카페 아래로 ARERO,TARGET,집중하기,0.3651,긍정,,
"?커피,MOCC",TARGET,디저트 카페,0.3641,긍정,,
토마 화실,TARGET,데이트 장소,0.3624,긍정,,
원브릿지,TARGET,수다,0.3595,긍정,,
데이굿(DAY GOOD),TARGET,친구,0.3595,긍정,,
후후라운지,TARGET,만남의 장소,0.3571,긍정,,
카페오트르,TARGET,아이와 함께,0.3571,긍정,,
카페in하루,TARGET,단골카페,0.3568,긍정,,
밀크커피,TARGET,저렴한 커피,0.3555,긍정,,
마티스커피,TARGET,이야기,0.3541,긍정,,
플랙,TARGET,독서,0.3537,긍정,,
low position(로우 포지션),TARGET,대화,0.3524,긍정,,
카페 리버스(Cafe Reverse),TARGET,대화,0.3524,긍정,,
킹덤보드게임카페 신림점,TARGET,아이들 활동,0.3523,긍정,,
투썸플레이스 신림로점,TARGET,노트북 작업,0.3523,긍정,,
카페디딤,TARGET,카공,0.348,긍정,,
커피니쉬(COFFEE NISHE),TARGET,매장 식사,0.3462,긍정,,
투썸플레이스 신림녹두거리점,TARGET,남자친구,0.3461,긍정,,
시티스트릿츠,TARGET,여유로운 분위기,0.3461,긍정,,
엔제리너스 대학점,TARGET,공부하는 사람들,0.3461,긍정,,
Mono Hertz(모노헤르쯔),TARGET,작업,0.3437,긍정,,
카페in하루,TARGET,이벤트,0.3422,긍정,,
메가엠지씨커피 신림역점,TARGET,충전,0.3422,긍정,,
카페 오름,TARGET,대기,0.3422,긍정,,
파스쿠찌 센트로서울대점,TARGET,공부할 공간,0.3422,긍정,,
별별카롱,TARGET,엄마들 모임,0.3409,긍정,,
UNSIDE COFFEE ROASTERS(언사이드 커피 로스터스),TARGET,독서,0.3396,긍정,,
low position(로우 포지션),TARGET,작업,0.3369,긍정,,
"?커피,MOCC",TARGET,이야기,0.3354,긍정,,
THE ROASTER 59(더 로스터 59),TARGET,이야기,0.3354,긍정,,
플랙,TARGET,단골카페,0.3345,긍정,,
후후라운지,TARGET,대화,0.3328,긍정,,
카페디딤,TARGET,대화,0.3328,긍정,,
카페오트르,TARGET,대화,0.3328,긍정,,
할리스커피 난곡사거리점,TARGET,작업,0.3304,긍정,,
히포커피 신림점,TARGET,공부하기 좋은 카페,0.3301,긍정,,
시티스트릿츠,TARGET,최애 카페,0.3301,긍정,,
Label Board Cafe(레이블 보드게임 카페),TARGET,간단한 식사,0.3296,긍정,,
코아르(coar),TARGET,반려동물 카페,0.3271,긍정,,
소재지,TARGET,혼자 커피,0.3258,긍정,,
소재지,TARGET,혼자 카공,0.3258,긍정,,
카페 오름,TARGET,혼자만의 시간,0.323,긍정,,
파스쿠찌 서울대관정도서관점,TARGET,서울대 카페,0.323,긍정,,
Mono Hertz(모노헤르쯔),TARGET,브런치,0.3227,긍정,,
플랙,TARGET,휴식,0.3208,긍정,,
Mono Hertz(모노헤르쯔),TARGET,대화,0.3195,긍정,,
후후라운지,TARGET,집중하기,0.3194,긍정,,
탐앤탐스 삼모타워 신림역점,TARGET,이야기,0.3187,긍정,,
읍천리382 신림점,TARGET,간식,0.3171,긍정,,
프롬 카페(from. cafe),TARGET,재방문,0.314,긍정,,
카페 아래로 ARERO,TARGET,단체 모임,0.313,긍정,,
킹덤보드게임카페 신림점,TARGET,함께 할 생각,0.3116,긍정,,
301h(301에이치),TARGET,혼자 공부하기,0.3114,긍정,,
궁전다방,TARGET,친구,0.3081,긍정,,
파스쿠찌 서울대관정도서관점,TARGET,공부하기 좋은 카페,0.3081,긍정,,
카페 아래로 ARERO,TARGET,가족 모임,0.3081,긍정,,
카페in하루,TARGET,여자친구,0.3081,긍정,,
UNSIDE COFFEE ROASTERS(언사이드 커피 로스터스),TARGET,애견동반 카페,0.3067,긍정,,
메이지커피,TARGET,혼자 공부하기,0.3038,긍정,,
엔제리너스 구로디지털역점,TARGET,카공,0.3037,긍정,,
미남커피,TARGET,편안한 카페,0.3028,긍정,,
소재지,TARGET,직원들,0.3019,긍정,,
궁전다방,TARGET,혼자 카페,0.2991,긍정,,
별별카롱,TARGET,귀여운 아이들,0.2982,긍정,,
그릭하다,TARGET,단골카페,0.2973,긍정,,
플레이온 보드게임카페,TARGET,실내데이트,0.2967,긍정,,
플레이온 보드게임카페,TARGET,자이푸르,0.2967,긍정,,
히포커피 신림점,TARGET,혼자 공부하기,0.2965,긍정,,
할리스커피 난곡사거리점,TARGET,집중하기,0.2949,긍정,,
이디야커피(신림대학동점),TARGET,분들,0.2915,긍정,,
THE ROASTER 59(더 로스터 59),TARGET,혼자 책읽기,0.2915,긍정,,
미남커피,TARGET,타임,0.2889,긍정,,
이디야커피(신림패션문화점),TARGET,단체 모임,0.2858,긍정,,
엔제리너스 구로디지털역점,TARGET,전철이나 버스타기전,0.2832,긍정,,
홍카페 HONG CAFE,TARGET,엄마들 모임,0.2818,긍정,,
할리스커피 난곡사거리점,TARGET,노트북 작업,0.271,긍정,,
서울버터샌드,TARGET,가족 모임,0.2696,긍정,,
서울버터샌드,TARGET,수다,0.2696,긍정,,
궁전다방,TARGET,독서,0.2695,긍정,,
마티스커피,TARGET,스터디카페,0.2692,긍정,,
메이지커피,TARGET,혼자 카페,0.2681,긍정,,
파스쿠찌 서울대관정도서관점,TARGET,대화,0.2663,긍정,,
서울버터샌드,TARGET,재방문,0.2617,긍정,,
마티스커피,TARGET,혼자 카페,0.2617,긍정,,
그릿 커피랩 신림점,TARGET,작업,0.2603,긍정,,
탐앤탐스 삼모타워 신림역점,TARGET,크리스마스 분위기,0.2566,긍정,,
코아르(coar),TARGET,생일 기념,0.2498,긍정,,
홍카페 HONG CAFE,TARGET,친절한 카페,0.2492,긍정,,
메이지커피,TARGET,카공,0.2444,긍정,,
궁전다방,TARGET,친구와의 만남,0.2444,긍정,,
카페레이브,TARGET,반려동물 카페,0.2373,긍정,,
카페레이브,TARGET,단골카페,0.2361,긍정,,
별별카롱,TARGET,행사때 구입하기 좋은 것,0.201,긍정,,
카페디딤,TARGET,혼자 작업,0.1926,긍정,,
토마 화실,TARGET,아이와 함께,0.1785,긍정,,
투썸플레이스 신림로점,FACILITY,화장실,,부정,9.0,31.0
이디야 신림미성점,FACILITY,와이파이,,부정,7.0,13.0
파스쿠찌 서울대관정도서관점,FACILITY,와이파이,,부정,4.0,13.0
빽다방 신림역2호점,FACILITY,내부 인테리어,,부정,4.0,7.0
어반커피,FACILITY,화장실,,부정,3.0,31.0
이디야 신림미성점,FACILITY,화장실,,부정,3.0,31.0
이디야 신림미성점,FACILITY,2층 카페,,부정,3.0,9.0
탐앤탐스 삼모타워 신림역점,FACILITY,흡연실,,부정,3.0,9.0
할리스커피 난곡사거리점,FACILITY,흡연실,,부정,3.0,9.0
카페 아래로 ARERO,FACILITY,주차,,부정,3.0,8.0
네이밍카페커피GO!#1,FACILITY,화장실,,부정,2.0,31.0
쉬즈베이글,FACILITY,화장실,,부정,2.0,31.0
파스쿠찌 서울대관정도서관점,FACILITY,화장실,,부정,2.0,31.0
파스쿠찌 센트로서울대점,FACILITY,화장실,,부정,2.0,31.0
할리스 신림점,FACILITY,화장실,,부정,2.0,31.0
탐앤탐스 삼모타워 신림역점,FACILITY,테이블,,부정,2.0,20.0
투썸플레이스 신림녹두거리점,FACILITY,좌석,,부정,2.0,20.0
투썸플레이스 신림로점,FACILITY,테이블,,부정,2.0,20.0
할리스커피 난곡사거리점,FACILITY,좌석,,부정,2.0,20.0
어반커피,FACILITY,흡연실,,부정,2.0,9.0
파스쿠찌 센트로서울대점,FACILITY,주차,,부정,2.0,8.0
카페 플롬,FACILITY,내부 인테리어,,부정,2.0,7.0
할리스 신림점,FACILITY,콘센트,,부정,2.0,7.0
할리스커피 난곡사거리점,FACILITY,자리,,부정,2.0,5.0
카페 플롬,FACILITY,카페 공간,,부정,2.0,4.0
어반커피,ATMOSPHERE,담배냄새,,부정,4.0,9.0
아토커피 신림점,ATMOSPHERE,음악 분위기,,부정,3.0,13.0
투썸플레이스 신림로점,ATMOSPHERE,위생,,부정,3.0,4.0
Mono Hertz(모노헤르쯔),ATMOSPHERE,시끄러운 분위기,,부정,2.0,26.0
메가엠지씨커피 신림역점,ATMOSPHERE,시끄러운 분위기,,부정,2.0,26.0
시그니처커피2호점,ATMOSPHERE,시끄러운 분위기,,부정,2.0,26.0
아토커피 신림점,ATMOSPHERE,시끄러운 분위기,,부정,2.0,26.0
어반커피,ATMOSPHERE,시끄러운 분위기,,부정,2.0,26.0
이디야 신림미성점,ATMOSPHERE,시끄러운 분위기,,부정,2.0,26.0
카페 아래로 ARERO,ATMOSPHERE,시끄러운 분위기,,부정,2.0,26.0
나티(NAUGHTY),ATMOSPHERE,음악 분위기,,부정,2.0,13.0
이디야커피(신림대학동점),ATMOSPHERE,음악 분위기,,부정,2.0,13.0
메이지커피,ATMOSPHERE,조용한 분위기,,부정,2.0,5.0
이디야 신림미성점,ATMOSPHERE,매장 음악,,부정,2.0,5.0
쉬즈베이글,MENU,토스트,,부정,8.0,9.0
국민우유집 신림점,MENU,수박주스,,부정,6.0,24.0
투썸플레이스 신림로점,MENU,수박주스,,부정,5.0,24.0
디저트문,MENU,케이크,,부정,5.0,22.0
탐앤탐스 삼모타워 신림역점,MENU,아메리카노,,부정,4.0,35.0
빵장수단팥빵cafe 신림점,MENU,단팥빵,,부정,4.0,5.0
할리스커피 난곡사거리점,MENU,디카페인아메리카노,,부정,4.0,4.0
attendo(아텐도),MENU,케이크,,부정,3.0,22.0
앙니드 베이커리카페,MENU,소금빵,,부정,3.0,9.0
THE ROASTER 59(더 로스터 59),MENU,샌드위치,,부정,3.0,8.0
궁전다방,MENU,아인슈페너,,부정,3.0,5.0
서울버터샌드,MENU,버터바,,부정,3.0,5.0
노와드코코 베이커리,MENU,누네띠네스콘,,부정,3.0,3.0
매머드익스프레스 신림역점,MENU,청귤차,,부정,3.0,3.0
서울버터샌드,MENU,주악,,부정,3.0,3.0
마티스커피,MENU,아메리카노,,부정,2.0,35.0
메가엠지씨커피 신림역점,MENU,아메리카노,,부정,2.0,35.0
엔제리너스 대학점,MENU,아메리카노,,부정,2.0,35.0
컴포즈커피 신림대학점,MENU,아메리카노,,부정,2.0,35.0
컴포즈커피 신림중앙점,MENU,아메리카노,,부정,2.0,35.0
만랩커피 신림별빛거리점,MENU,수박주스,,부정,2.0,24.0
이디야,MENU,수박주스,,부정,2.0,24.0
UNSIDE COFFEE ROASTERS(언사이드 커피 로스터스),MENU,케이크,,부정,2.0,22.0
투썸플레이스 신림녹두거리점,MENU,케이크,,부정,2.0,22.0
카페한보리,MENU,카페라떼,,부정,2.0,11.0
컴포즈커피 신림중앙점,MENU,아이스아메리카노,,부정,2.0,9.0
쉬즈베이글,MENU,샌드위치,,부정,2.0,8.0
이디야 신림미성점,MENU,빙수,,부정,2.0,7.0
네이밍카페커피GO!#1,MENU,버블티,,부정,2.0,5.0
Mono Hertz(모노헤르쯔),MENU,크로플,,부정,2.0,4.0
카페 아래로 ARERO,MENU,팥빙수,,부정,2.0,4.0
홍카페 HONG CAFE,MENU,까눌레,,부정,2.0,4.0
디저트39 신림역점,MENU,크로칸슈,,부정,2.0,3.0
쉬즈베이글,MENU,그릭요거트,,부정,2.0,3.0
THE ROASTER 59(더 로스터 59),MENU,바나나푸딩,,부정,2.0,2.0
THE ROASTER 59(더 로스터 59),MENU,파니니,,부정,2.0,2.0
국민우유집 신림점,MENU,우유슬러시,,부정,2.0,2.0
냥빵,MENU,치아바타,,부정,2.0,2.0
노와드코코 베이커리,MENU,허니버터칩,,부정,2.0,2.0
마티스커피,MENU,핸드드립,,부정,2.0,2.0
빽다방 신림역2호점,MENU,바나나커피쉐이크,,부정,2.0,2.0
사과당 서울대점,MENU,애플파이,,부정,2.0,2.0
엔제리너스 구로디지털역점,MENU,반미,,부정,2.0,2.0
우체국 옆 빵집,MENU,크루아상,,부정,2.0,2.0
이디야 신림미성점,MENU,라이스치즈볼,,부정,2.0,2.0
이디야 신림미성점,MENU,카푸치노,,부정,2.0,2.0
투썸플레이스 신림녹두거리점,MENU,마스카포네케이크,,부정,2.0,2.0
투썸플레이스 신림녹두거리점,MENU,소금프레첼베이글,,부정,2.0,2.0
