place_id,사업장명,category,type,specific,총언급,긍정,부정,중립,대표descriptor,맛집score,약점여부
1005767607,이디야커피(신림대학동점),음료,티,쌍화차,2,2,0,0,맛있다,7.7215,
1005767607,이디야커피(신림대학동점),커피,라떼,토피넛라떼,2,2,0,0,맛있다,5.6983,
1005767607,이디야커피(신림대학동점),음료,주스,수박주스,4,2,0,2,맛있다,3.4413,
1005767607,이디야커피(신림대학동점),커피,라떼,바닐라라떼,5,3,0,2,최고다,3.127,
1005767607,이디야커피(신림대학동점),커피,아메리카노,아이스아메리카노,2,2,0,0,,1.3241,
1005767607,이디야커피(신림대학동점),디저트,빙수,빙수,2,1,1,0,양이 적다,0,
1005767607,이디야커피(신림대학동점),푸드,푸드,주먹밥,2,1,1,0,치즈가 낭낭하게 들어있다,0,
1005767607,이디야커피(신림대학동점),커피,라떼,아이스라떼,1,0,0,1,,0,
1005767607,이디야커피(신림대학동점),커피,라떼,12곡라떼,1,1,0,0,적당히 달다,0,
1005767607,이디야커피(신림대학동점),음료,음료,밀키스,1,0,0,1,,0,
1005767607,이디야커피(신림대학동점),디저트,간식,캔디바,1,0,0,1,,0,
1005767607,이디야커피(신림대학동점),커피,라떼,시그니처라떼,1,1,0,0,맛있다,0,
1005767607,이디야커피(신림대학동점),푸드,과일,생딸기,1,1,0,0,신선하다,0,
1005767607,이디야커피(신림대학동점),음료,티,복숭아 아이스티,1,1,0,0,맛있다,0,
1005767607,이디야커피(신림대학동점),음료,주스,키위주스,1,1,0,0,맛있다,0,
1005767607,이디야커피(신림대학동점),커피,라떼,디카페인 라떼,1,1,0,0,고소하고 맛있다,0,
1005767607,이디야커피(신림대학동점),디저트,간식,허쉬 초코,1,1,0,0,맛있다,0,
1005767607,이디야커피(신림대학동점),커피,아메리카노,아메리카노,1,1,0,0,맛있다,0,
1005767607,이디야커피(신림대학동점),베이커리,빵,메이플 넛 브레드,1,1,0,0,맛있다,0,
1005767607,이디야커피(신림대학동점),푸드,소스,딸기쥬스 시럽,1,0,1,0,,0,
1005767607,이디야커피(신림대학동점),디저트,마카롱,마카롱,1,1,0,0,맛있다,0,
1005767607,이디야커피(신림대학동점),음료,주스,토마토 주스,1,1,0,0,맛있다,0,
1005767607,이디야커피(신림대학동점),음료,에이드,블루문에이드,1,0,0,1,,0,
1005767607,이디야커피(신림대학동점),커피,라떼,카페모카,1,0,0,1,,0,
1005767607,이디야커피(신림대학동점),푸드,간식,치즈,1,1,0,0,,0,
1005767607,이디야커피(신림대학동점),디저트,빙수,흑임자 빙수,1,1,0,0,맛있다,0,
1005767607,이디야커피(신림대학동점),커피,커피,이디야커피,1,1,0,0,,0,
1005767607,이디야커피(신림대학동점),음료,주스,수박쥬스,1,1,0,0,,0,
1005767607,이디야커피(신림대학동점),커피,라떼,봄말차크림오트라떼,1,0,1,0,,0,
1005767607,이디야커피(신림대학동점),커피,라떼,라떼,1,0,0,1,,0,
1005767607,이디야커피(신림대학동점),베이커리,빵,생딸기 브레드,1,0,0,1,,0,
1005767607,이디야커피(신림대학동점),푸드,소스,딸기쨈,1,0,0,1,,0,
1005767607,이디야커피(신림대학동점),커피,라떼,딸기라떼,1,0,1,0,양이 적다,0,
1005767607,이디야커피(신림대학동점),커피,라떼,흑임자라떼,1,1,0,0,맛있다,0,
1005767607,이디야커피(신림대학동점),커피,라떼,콜드브루라떼,1,0,0,1,,0,
1005767607,이디야커피(신림대학동점),커피,커피,디카페인,1,1,0,0,,0,
1005767607,이디야커피(신림대학동점),커피,커피,카푸치노,1,1,0,0,맛있다,0,
1005767607,이디야커피(신림대학동점),커피,라떼,흑임자크림라떼,1,0,0,1,,0,
1005767607,이디야커피(신림대학동점),음료,음료,아이스샤인머스캣청,1,1,0,0,맛있다,0,
1005767607,이디야커피(신림대학동점),음료,밀크커피,버블 크림 밀크티,1,1,0,0,맛있다,0,
1005767607,이디야커피(신림대학동점),커피,라떼,녹차라떼,1,1,0,0,맛있다,0,
1005767607,이디야커피(신림대학동점),베이커리,빵,허니브레드,1,1,0,0,맛있다,0,
1013844484,UNSIDE COFFEE ROASTERS(언사이드 커피 로스터스),커피,에스프레소,에스프레소,16,10,0,6,맛있다,25.3897,
1013844484,UNSIDE COFFEE ROASTERS(언사이드 커피 로스터스),음료,티,청귤차,5,5,0,0,맛있다,19.3036,
1013844484,UNSIDE COFFEE ROASTERS(언사이드 커피 로스터스),커피,커피,오렌지비앙코,3,3,0,0,맛있다,15.7411,
1013844484,UNSIDE COFFEE ROASTERS(언사이드 커피 로스터스),커피,커피,핸드드립커피,3,3,0,0,종류가 많다,10.9128,
1013844484,UNSIDE COFFEE ROASTERS(언사이드 커피 로스터스),커피,라떼,흑임자라떼,3,3,0,0,괜찮다,9.5027,
1013844484,UNSIDE COFFEE ROASTERS(언사이드 커피 로스터스),푸드,푸드,피자,2,2,0,0,맛있다,9.1078,
1013844484,UNSIDE COFFEE ROASTERS(언사이드 커피 로스터스),술,술,모히또,2,2,0,0,상큼하다,8.2968,
1013844484,UNSIDE COFFEE ROASTERS(언사이드 커피 로스터스),술,술,뱅쇼,3,3,0,0,고퀄이다,7.8239,
1013844484,UNSIDE COFFEE ROASTERS(언사이드 커피 로스터스),음료,음료,대추차,2,2,0,0,고퀄이다,7.2752,
1013844484,UNSIDE COFFEE ROASTERS(언사이드 커피 로스터스),커피,라떼,초코라떼,3,3,0,0,맛있다,6.7539,
1013844484,UNSIDE COFFEE ROASTERS(언사이드 커피 로스터스),커피,커피,핸드드립,2,2,0,0,맛있다,6.6022,
1013844484,UNSIDE COFFEE ROASTERS(언사이드 커피 로스터스),푸드,샌드위치,샌드위치,6,4,0,2,맛있다,6.4378,
1013844484,UNSIDE COFFEE ROASTERS(언사이드 커피 로스터스),커피,커피,디카페인,4,4,0,0,맛있다,5.5875,
1013844484,UNSIDE COFFEE ROASTERS(언사이드 커피 로스터스),디저트,간식,쿠키,2,2,0,0,맛있다,3.2722,
1013844484,UNSIDE COFFEE ROASTERS(언사이드 커피 로스터스),커피,커피,원두,3,2,0,1,맛있다,3.0669,
1013844484,UNSIDE COFFEE ROASTERS(언사이드 커피 로스터스),커피,아메리카노,아메리카노,7,7,0,0,맛있다,2.9872,
1013844484,UNSIDE COFFEE ROASTERS(언사이드 커피 로스터스),디저트,케이크,케이크,4,2,0,2,맛있다,2.5535,
1013844484,UNSIDE COFFEE ROASTERS(언사이드 커피 로스터스),커피,아메리카노,아이스아메리카노,3,2,0,1,맛있다,1.3241,
1013844484,UNSIDE COFFEE ROASTERS(언사이드 커피 로스터스),커피,라떼,라떼,3,2,1,0,맛있다,0.6319,
1013844484,UNSIDE COFFEE ROASTERS(언사이드 커피 로스터스),푸드,간식,구운계란,4,0,0,4,,0,
1013844484,UNSIDE COFFEE ROASTERS(언사이드 커피 로스터스),음료,음료,탄산수,4,1,0,3,,0,
1013844484,UNSIDE COFFEE ROASTERS(언사이드 커피 로스터스),커피,라떼,말차라떼,2,1,0,1,따뜻하다,0,
1013844484,UNSIDE COFFEE ROASTERS(언사이드 커피 로스터스),커피,라떼,고구마라떼,1,1,0,0,따뜻하다,0,
1013844484,UNSIDE COFFEE ROASTERS(언사이드 커피 로스터스),음료,주스,망고주스,1,1,0,0,망고가 가득 들어있다,0,
1013844484,UNSIDE COFFEE ROASTERS(언사이드 커피 로스터스),디저트,치즈케이크,치즈케이크,1,1,0,0,좋다,0,
1013844484,UNSIDE COFFEE ROASTERS(언사이드 커피 로스터스),커피,라떼,두유초코라떼,1,1,0,0,맛있다,0,
1013844484,UNSIDE COFFEE ROASTERS(언사이드 커피 로스터스),음료,음료,비타민,1,1,0,0,상큼하고 시원하다,0,
1013844484,UNSIDE COFFEE ROASTERS(언사이드 커피 로스터스),음료,에이드,레몬에이드,1,1,0,0,시원하고 상큼하다,0,
1013844484,UNSIDE COFFEE ROASTERS(언사이드 커피 로스터스),음료,음료,히비스커스,1,1,0,0,색깔이 예쁘다,0,
1013844484,UNSIDE COFFEE ROASTERS(언사이드 커피 로스터스),커피,라떼,말차티라미수라떼,1,1,0,0,쫀득하고 크리미하다,0,
1013844484,UNSIDE COFFEE ROASTERS(언사이드 커피 로스터스),디저트,케이크,티라미수,1,1,0,0,쫀득하고 크리미하다,0,
1013844484,UNSIDE COFFEE ROASTERS(언사이드 커피 로스터스),음료,음료,말차,1,1,0,0,,0,
1013844484,UNSIDE COFFEE ROASTERS(언사이드 커피 로스터스),커피,샷,샷추가,1,1,0,0,,0,
1013844484,UNSIDE COFFEE ROASTERS(언사이드 커피 로스터스),디저트,간식,말차스모어쿠키,1,1,0,0,,0,
1013844484,UNSIDE COFFEE ROASTERS(언사이드 커피 로스터스),음료,티,스타벅스 허니자몽블랙티,1,1,0,0,적당히 달고 자몽향이 난다,0,
1013844484,UNSIDE COFFEE ROASTERS(언사이드 커피 로스터스),커피,라떼,밀크티라떼,1,0,0,1,,0,
1013844484,UNSIDE COFFEE ROASTERS(언사이드 커피 로스터스),커피,커피,콜롬비아,1,0,0,1,,0,
1013844484,UNSIDE COFFEE ROASTERS(언사이드 커피 로스터스),푸드,간식,계란,1,0,0,1,,0,
1013844484,UNSIDE COFFEE ROASTERS(언사이드 커피 로스터스),디저트,간식,스모어쿠키,1,1,0,0,맛있다,0,
1013844484,UNSIDE COFFEE ROASTERS(언사이드 커피 로스터스),음료,음료,망고스무디,1,1,0,0,진짜 망고이다,0,
1013844484,UNSIDE COFFEE ROASTERS(언사이드 커피 로스터스),커피,라떼,버터크림라떼,1,1,0,0,맛있다,0,
1013844484,UNSIDE COFFEE ROASTERS(언사이드 커피 로스터스),술,술,라임모히또,1,1,0,0,,0,
1013844484,UNSIDE COFFEE ROASTERS(언사이드 커피 로스터스),음료,과일,라임,1,1,0,0,,0,
1013844484,UNSIDE COFFEE ROASTERS(언사이드 커피 로스터스),음료,음료,애플민트,1,1,0,0,,0,
1013844484,UNSIDE COFFEE ROASTERS(언사이드 커피 로스터스),푸드,간식,구운닭알,1,1,0,0,,0,
1013844484,UNSIDE COFFEE ROASTERS(언사이드 커피 로스터스),음료,에이드,청귤에이드,1,1,0,0,깔끔하다,0,
1013844484,UNSIDE COFFEE ROASTERS(언사이드 커피 로스터스),베이커리,빵,쌀빵,1,1,0,0,쫀득하다,0,
1013844484,UNSIDE COFFEE ROASTERS(언사이드 커피 로스터스),커피,커피,태국 도이창 스페셜티 블렌딩,1,1,0,0,밸런스가 좋다,0,
1013844484,UNSIDE COFFEE ROASTERS(언사이드 커피 로스터스),커피,라떼,카페라떼,1,1,0,0,좋다,0,
1013844484,UNSIDE COFFEE ROASTERS(언사이드 커피 로스터스),커피,라떼,에스프레소 그린티 라떼,1,1,0,0,맛있다,0,
1013844484,UNSIDE COFFEE ROASTERS(언사이드 커피 로스터스),음료,음료,두유,1,1,0,0,종류가 많다,0,
1013844484,UNSIDE COFFEE ROASTERS(언사이드 커피 로스터스),음료,음료,일반 저지방 두유,1,1,0,0,,0,
1013844484,UNSIDE COFFEE ROASTERS(언사이드 커피 로스터스),음료,음료,오트 두유,1,1,0,0,,0,
1013844484,UNSIDE COFFEE ROASTERS(언사이드 커피 로스터스),음료,음료,아몬드 두유,1,1,0,0,,0,
1013844484,UNSIDE COFFEE ROASTERS(언사이드 커피 로스터스),베이커리,빵,쑥쌀식빵,1,1,0,0,맛있다,0,
1013844484,UNSIDE COFFEE ROASTERS(언사이드 커피 로스터스),음료,티,아이스 허니자몽블랙티,1,0,0,1,,0,
1013844484,UNSIDE COFFEE ROASTERS(언사이드 커피 로스터스),음료,음료,생 라임즙,1,1,0,0,상큼하다,0,
1013844484,UNSIDE COFFEE ROASTERS(언사이드 커피 로스터스),음료,과일,오렌지 비앙코,1,0,0,1,,0,
1013844484,UNSIDE COFFEE ROASTERS(언사이드 커피 로스터스),커피,라떼,기본 라테,1,1,0,0,취향저격이다,0,
1013844484,UNSIDE COFFEE ROASTERS(언사이드 커피 로스터스),커피,커피,버터크림커피,1,1,0,0,맛있다,0,
1013844484,UNSIDE COFFEE ROASTERS(언사이드 커피 로스터스),음료,음료,두유옵션,1,1,0,0,,0,
1013844484,UNSIDE COFFEE ROASTERS(언사이드 커피 로스터스),푸드,스프,홈메이드 스프,1,1,0,0,집에서 만든 맛이다,0,
1013844484,UNSIDE COFFEE ROASTERS(언사이드 커피 로스터스),음료,음료,우유 옵션,1,1,0,0,,0,
1013844484,UNSIDE COFFEE ROASTERS(언사이드 커피 로스터스),커피,커피,드립,1,1,0,0,가격이 착하다,0,
1013844484,UNSIDE COFFEE ROASTERS(언사이드 커피 로스터스),디저트,간식,초코,1,1,0,0,,0,
1013844484,UNSIDE COFFEE ROASTERS(언사이드 커피 로스터스),디저트,케이크,케익,1,1,0,0,많다,0,
1013844484,UNSIDE COFFEE ROASTERS(언사이드 커피 로스터스),디저트,간식,딸바,1,1,0,0,맛있다,0,
1013844484,UNSIDE COFFEE ROASTERS(언사이드 커피 로스터스),음료,주스,바나나딸기쥬스,1,1,0,0,맛있다,0,
1013844484,UNSIDE COFFEE ROASTERS(언사이드 커피 로스터스),베이커리,타르트,쇼콜라 타르트,1,1,0,0,,0,
1013844484,UNSIDE COFFEE ROASTERS(언사이드 커피 로스터스),커피,커피,싱글오리진커피,1,1,0,0,맛있다,0,
1013844484,UNSIDE COFFEE ROASTERS(언사이드 커피 로스터스),커피,에스프레소,게이샤 아이스 핸드드립 원두,1,1,0,0,향이 진하다,0,
1013844484,UNSIDE COFFEE ROASTERS(언사이드 커피 로스터스),디저트,간식,흑임자,1,1,0,0,좋다,0,
1013844484,UNSIDE COFFEE ROASTERS(언사이드 커피 로스터스),푸드,샌드위치,비건샌드위치,1,1,0,0,,0,
1013844484,UNSIDE COFFEE ROASTERS(언사이드 커피 로스터스),커피,커피,드립커피,1,1,0,0,가성비가 좋다,0,
1013844484,UNSIDE COFFEE ROASTERS(언사이드 커피 로스터스),디저트,케이크,단호박쑥케이크,1,1,0,0,맛있다,0,
1013844484,UNSIDE COFFEE ROASTERS(언사이드 커피 로스터스),푸드,스프,토마토스프,1,1,0,0,맛있다,0,
1013844484,UNSIDE COFFEE ROASTERS(언사이드 커피 로스터스),음료,과일,오렌지,1,1,0,0,잘 어울린다,0,
1013844484,UNSIDE COFFEE ROASTERS(언사이드 커피 로스터스),푸드,스프,토마토 스프,1,0,0,1,,0,
1013844484,UNSIDE COFFEE ROASTERS(언사이드 커피 로스터스),음료,티,청귤티,1,1,0,0,상큼하고 달콤하다,0,
1013844484,UNSIDE COFFEE ROASTERS(언사이드 커피 로스터스),베이커리,빵,비건빵,1,1,0,0,,0,
1013844484,UNSIDE COFFEE ROASTERS(언사이드 커피 로스터스),커피,에스프레소,게이샤 에스메랄다,1,1,0,0,고소하고 향기롭다,0,
1013844484,UNSIDE COFFEE ROASTERS(언사이드 커피 로스터스),베이커리,빵,비건 소금빵,1,1,0,0,최애 빵이다,0,
1013844484,UNSIDE COFFEE ROASTERS(언사이드 커피 로스터스),커피,에스프레소,게이샤,1,1,0,0,맛과 향이 좋다,0,
1017556526,카페 아이엔지 서울대자연과학대학점,커피,커피,메가,1,0,0,1,,0,
1017556526,카페 아이엔지 서울대자연과학대학점,음료,음료,컴포즈,1,0,0,1,,0,
1017556526,카페 아이엔지 서울대자연과학대학점,음료,스무디,요거트스무디 망고,1,1,0,0,망고 맛이 많이 난다,0,
1017556526,카페 아이엔지 서울대자연과학대학점,음료,얼음,얼음,1,1,0,0,많다,0,
1017556526,카페 아이엔지 서울대자연과학대학점,푸드,핫도그,핫도그,1,0,1,0,별로다,0,
1017556526,카페 아이엔지 서울대자연과학대학점,푸드,핫도그,바베큐치킨 도그,1,1,0,0,맛있다,0,
1017556526,카페 아이엔지 서울대자연과학대학점,푸드,소스,바베큐 소스,1,1,0,0,맛있다,0,
1017556526,카페 아이엔지 서울대자연과학대학점,푸드,튀김,치킨,1,1,0,0,작지만 있다,0,
1017693785,카페 오름,디저트,마카롱,마카롱,4,3,0,1,가성비가 좋다,6.9078,
1017693785,카페 오름,디저트,간식,쿠키,3,3,0,0,맛있다,4.9083,
1017693785,카페 오름,커피,라떼,라떼,2,1,1,0,비싸다,0,
1017693785,카페 오름,디저트,케이크,케이크,1,1,0,0,,0,
1017693785,카페 오름,디저트,머랭,머랭쿠키,1,1,0,0,,0,
1017693785,카페 오름,음료,소스,수제 자몽청,1,1,0,0,맛있다,0,
1017693785,카페 오름,디저트,간식,크레이프,1,1,0,0,,0,
1017693785,카페 오름,음료,주스,애플주스,1,0,0,1,,0,
1017693785,카페 오름,음료,에이드,자몽에이드,1,0,0,1,,0,
1017693785,카페 오름,커피,커피,카푸치노,1,1,0,0,맛있다,0,
1017693785,카페 오름,음료,음료,망고스무디,1,1,0,0,좋아하다,0,
1017693785,카페 오름,음료,티,수제 레몬차,1,1,0,0,맛있다,0,
1017693785,카페 오름,베이커리,크로플,크로플,1,1,0,0,,0,
1017693785,카페 오름,커피,에스프레소,마끼야또,1,1,0,0,,0,
1017693785,카페 오름,음료,티,차,1,1,0,0,,0,
1017693785,카페 오름,음료,소스,수제청,1,1,0,0,맛있다,0,
1017693785,카페 오름,커피,라떼,큐브라떼,1,1,0,0,,0,
1017693785,카페 오름,디저트,케이크,밀크크레이프,1,0,1,0,해동이 덜 되다,0,
1027480533,킷사텐 신림점,디저트,푸딩,크림브륄레,5,5,0,0,맛있다,20.7421,
1027480533,킷사텐 신림점,디저트,푸딩,위스키푸딩,2,2,0,0,인상적이다,10.494,
1027480533,킷사텐 신림점,푸드,간식,버터바,3,2,1,0,짜다,3.3011,
1027480533,킷사텐 신림점,커피,라떼,라떼,2,2,0,0,거품이 쫀쫀하다,1.2638,
1027480533,킷사텐 신림점,커피,아메리카노,아메리카노,2,2,0,0,맛있다,0.8535,
1027480533,킷사텐 신림점,디저트,치즈케이크,치즈케익,2,1,0,1,고급지다,0,
1027480533,킷사텐 신림점,커피,라떼,멜팅크림라떼,1,1,0,0,맛있다,0,
1027480533,킷사텐 신림점,커피,라떼,크림올려진라떼,1,0,0,1,,0,
1027480533,킷사텐 신림점,디저트,간식,마카다미아,1,0,0,1,,0,
1027480533,킷사텐 신림점,디저트,푸딩,크림브렐레,1,1,0,0,맛있다,0,
1027480533,킷사텐 신림점,디저트,케이크,케잌,1,0,0,1,,0,
1027480533,킷사텐 신림점,디저트,푸딩,브륄레,1,1,0,0,맛있다,0,
1027480533,킷사텐 신림점,디저트,푸딩,크렘브륄레,1,1,0,0,맛있다,0,
1027480533,킷사텐 신림점,음료,라떼,호지차라떼,1,1,0,0,만족스럽다,0,
1027480533,킷사텐 신림점,디저트,푸딩,크림뷔렐레,1,1,0,0,맛있다,0,
1027480533,킷사텐 신림점,디저트,푸딩,커스터드 푸딩,1,1,0,0,쫀맛이다,0,
1027480533,킷사텐 신림점,디저트,푸딩,위스키 푸딩,1,1,0,0,향이 진하고 맛있다,0,
1029033839,빽다방구로KT점,베이커리,빵,사라다빵,2,2,0,0,좋다,7.7215,
1029033839,빽다방구로KT점,음료,음료,아이스샤인머스캣청,6,3,0,3,가격이 저렴하다,7.4233,
1029033839,빽다방구로KT점,음료,음료,미숫가루,2,2,0,0,맛있다,5.3641,
1029033839,빽다방구로KT점,커피,라떼,바닐라라떼,4,3,0,1,맛있다,3.127,
1029033839,빽다방구로KT점,커피,아메리카노,아메리카노,7,5,0,2,맛있다,2.1337,
1029033839,빽다방구로KT점,커피,아메리카노,아이스아메리카노,8,4,1,3,맛있다,1.9862,
1029033839,빽다방구로KT점,커피,라떼,라떼,3,3,0,0,가성비가 좋다,1.8957,
1029033839,빽다방구로KT점,푸드,핫도그,핫도그,2,1,0,1,맛있다,0,
1029033839,빽다방구로KT점,커피,라떼,카페라떼 아이스,1,1,0,0,시원하다,0,
1029033839,빽다방구로KT점,음료,음료,대추차,1,0,0,1,,0,
1029033839,빽다방구로KT점,커피,프라푸치노,딸기 바나나 빽스치노,1,0,0,1,,0,
1029033839,빽다방구로KT점,커피,에스프레소,아포가토,1,1,0,0,맛있다,0,
1029033839,빽다방구로KT점,디저트,간식,아이스크림,1,0,0,1,,0,
1029033839,빽다방구로KT점,디저트,간식,소프트아이스크림,1,0,0,1,,0,
1029033839,빽다방구로KT점,술,술,뱅쇼,1,0,0,1,,0,
1029033839,빽다방구로KT점,음료,얼음,간얼음,1,1,0,0,좋아하다,0,
1029033839,빽다방구로KT점,음료,주스,망고쥬스,1,1,0,0,맛있다,0,
1029033839,빽다방구로KT점,음료,음료,코코넛,1,1,0,0,,0,
1029033839,빽다방구로KT점,커피,프라푸치노,피스타치오빽스치노,1,1,0,0,,0,
1029033839,빽다방구로KT점,커피,커피,달고니커피,1,1,0,0,맛있다,0,
1029033839,빽다방구로KT점,커피,라떼,딸기라떼,1,1,0,0,맛있다,0,
1029033839,빽다방구로KT점,커피,라떼,초코라떼,1,1,0,0,맛있다,0,
1029033839,빽다방구로KT점,커피,커피,원두,1,0,0,1,,0,
1029033839,빽다방구로KT점,음료,음료,딸기바나나,1,1,0,0,맛있다,0,
1029033839,빽다방구로KT점,베이커리,빵,소세지빵,1,0,1,0,,0,
1045154346,빽다방 난곡세이브점,디저트,간식,소프트아이스크림,2,2,0,0,맛있다,8.2968,
1045154346,빽다방 난곡세이브점,음료,얼음,간얼음,2,2,0,0,좋다,8.2968,
1045154346,빽다방 난곡세이브점,음료,음료,아이스샤인머스캣청,2,2,0,0,맛있다,4.9489,
1045154346,빽다방 난곡세이브점,디저트,간식,아이스크림,3,2,0,1,맛있다,3.327,
1045154346,빽다방 난곡세이브점,커피,라떼,바닐라라떼,3,3,0,0,맛있다,3.127,
1045154346,빽다방 난곡세이브점,커피,아메리카노,아메리카노,8,4,0,4,맛있다,1.707,
1045154346,빽다방 난곡세이브점,커피,아메리카노,아이스아메리카노,3,2,0,1,잘 마시다,1.3241,
1045154346,빽다방 난곡세이브점,디저트,간식,요거트아이스크림,1,1,0,0,양이 많다,0,
1045154346,빽다방 난곡세이브점,커피,라떼,모카라떼녹차라떼망고스무디,1,1,0,0,맛있다,0,
1045154346,빽다방 난곡세이브점,음료,스무디,솜사탕 딸기 쉐이크,1,1,0,0,맛있다,0,
1045154346,빽다방 난곡세이브점,커피,에스프레소,아포가토,1,1,0,0,,0,
1045154346,빽다방 난곡세이브점,커피,샷,에스프레소 샷,1,0,0,1,,0,
1045154346,빽다방 난곡세이브점,술,술,뱅쇼,1,1,0,0,,0,
1045154346,빽다방 난곡세이브점,음료,푸딩,멜론 푸딩 쉐이크,1,1,0,0,맛있다,0,
1045154346,빽다방 난곡세이브점,푸드,간식,펄추가,1,1,0,0,,0,
1045154346,빽다방 난곡세이브점,커피,프라푸치노,빽스치노,1,1,0,0,맛있다,0,
1045154346,빽다방 난곡세이브점,커피,커피,바나나커피쉐이크,1,0,0,1,,0,
1045154346,빽다방 난곡세이브점,음료,음료,바나나킥향,1,1,0,0,진하다,0,
1045154346,빽다방 난곡세이브점,커피,라떼,아이스라떼,1,0,0,1,,0,
1045154346,빽다방 난곡세이브점,디저트,간식,소프트 아이스크림,1,0,0,1,,0,
1045154346,빽다방 난곡세이브점,푸드,간식,펄,1,0,0,1,,0,
1045154346,빽다방 난곡세이브점,커피,커피,키르시블렌드,1,1,0,0,맛있다,0,
1045154346,빽다방 난곡세이브점,음료,음료,미숫가루,1,0,0,1,,0,
1045154346,빽다방 난곡세이브점,음료,음료,미숫가루 GMT,1,1,0,0,,0,
1045154346,빽다방 난곡세이브점,음료,음료,카르시블렌딩 콜라,1,0,1,0,쓴맛이 강하다,0,
1045154346,빽다방 난곡세이브점,커피,라떼,카페라떼,1,0,0,1,,0,
1045154346,빽다방 난곡세이브점,음료,얼음,아이스,1,0,0,1,,0,
1045154346,빽다방 난곡세이브점,푸드,핫도그,핫도그,1,1,0,0,맛있다,0,
1045154346,빽다방 난곡세이브점,커피,라떼,연유라떼,1,0,1,0,맛이 엉망이다,0,
1045154346,빽다방 난곡세이브점,커피,라떼,라떼,1,1,0,0,,0,
1046462121,궁전다방,디저트,치즈케이크,치즈케이크,9,7,0,2,맛있다,12.9208,
1046462121,궁전다방,음료,밀크티,초코 쉐이크,2,2,0,0,맛있다,10.494,
1046462121,궁전다방,베이커리,토스트,카야토스트,2,2,0,0,맛있다,7.7215,
1046462121,궁전다방,디저트,간식,브라우니,3,3,0,0,맛있다,7.4233,
1046462121,궁전다방,디저트,치즈케이크,치즈케익,2,2,0,0,맛있다,5.5242,
1046462121,궁전다방,디저트,케이크,케익,2,2,0,0,맛있다,4.0563,
1046462121,궁전다방,커피,라떼,카페라떼,2,2,0,0,진하다,2.9716,
1046462121,궁전다방,디저트,케이크,케이크,2,2,0,0,맛있다,2.5535,
1046462121,궁전다방,커피,커피,아인슈페너,3,2,1,0,맛있다,2.1115,
1046462121,궁전다방,커피,아메리카노,아메리카노,3,3,0,0,진하고 산미가 거의 없고 쓴맛이 있다,1.2802,
1046462121,궁전다방,커피,라떼,라떼,3,2,1,0,커피맛이 강하다,0.6319,
1046462121,궁전다방,커피,커피,아이슈페너,2,1,1,0,아쉽다,0,
1046462121,궁전다방,베이커리,토스트,누텔라토스트,2,1,0,1,맛있다,0,
1046462121,궁전다방,음료,티,페르디셜 애플티,1,0,0,1,,0,
1046462121,궁전다방,커피,커피,디카페인 콜드브루,1,1,0,0,맛있다,0,
1046462121,궁전다방,음료,티,카모마일티,1,1,0,0,따뜻하다,0,
1046462121,궁전다방,음료,음료,코코넛쉐이크,1,1,0,0,,0,
1046462121,궁전다방,음료,티,캐모마일,1,1,0,0,,0,
1046462121,궁전다방,베이커리,휘낭시에,휘낭시에,1,1,0,0,겉은 바삭하고 속은 촉촉하다,0,
1046462121,궁전다방,푸드,푸드,페르디셜 압펠,1,1,0,0,,0,
1046462121,궁전다방,베이커리,크로플,크로플,1,1,0,0,맛있다,0,
1046462121,궁전다방,디저트,빙수,인절미빙수,1,1,0,0,맛있다,0,
1046462121,궁전다방,디저트,케이크,우유생크림케잌,1,1,0,0,정성껏 만들고 깨끗하다,0,
1046462121,궁전다방,커피,라떼,바닐라라떼,1,1,0,0,맛있다,0,
1046462121,궁전다방,커피,커피,더치아이스,1,1,0,0,맛있다,0,
1046462121,궁전다방,디저트,치즈케이크,브라우니 치즈케이크,1,1,0,0,맛있다,0,
1046462121,궁전다방,디저트,케이크,생크림케잌,1,1,0,0,맛있다,0,
1046462121,궁전다방,커피,커피,우유폼,1,1,0,0,쫀쫀하다,0,
1046462121,궁전다방,음료,티,시나몬아이스티,1,1,0,0,추천할 만하다,0,
1046462121,궁전다방,음료,티,자몽꿀차,1,1,0,0,맛있다,0,
1046462121,궁전다방,커피,커피,콜드브루,1,0,0,1,,0,
1046462121,궁전다방,음료,스무디,스무디,1,1,0,0,,0,
1046462121,궁전다방,음료,음료,꿀자몽차,1,1,0,0,맛있다,0,
1046462121,궁전다방,커피,커피,비엔나커피,1,1,0,0,맛있다,0,
1048850623,그릿 커피랩 신림점,음료,스무디,스무디,3,2,0,1,당도 조절이 된다,5.5242,
1048850623,그릿 커피랩 신림점,푸드,샌드위치,샌드위치,4,3,0,1,맛있다,4.8283,
1048850623,그릿 커피랩 신림점,커피,커피,디카페인,5,4,1,0,,4.1906,
1048850623,그릿 커피랩 신림점,푸드,토스트,토스트,2,0,0,2,,0,
1048850623,그릿 커피랩 신림점,음료,음료,코코아,1,0,0,1,,0,
1048850623,그릿 커피랩 신림점,음료,음료,미숫가루,1,0,0,1,,0,
1048850623,그릿 커피랩 신림점,음료,주스,홍시쥬스,1,0,0,1,,0,
1048850623,그릿 커피랩 신림점,음료,스무디,홍시스무디,1,1,0,0,,0,
1048850623,그릿 커피랩 신림점,음료,음료,로얄밀크티쉐이크,1,1,0,0,,0,
1048850623,그릿 커피랩 신림점,음료,음료,블루베리요거트,1,1,0,0,,0,
1048850623,그릿 커피랩 신림점,음료,티,생강차,1,1,0,0,,0,
1048850623,그릿 커피랩 신림점,술,술,뱅쇼,1,1,0,0,,0,
1048850623,그릿 커피랩 신림점,음료,티,수제 레몬차,1,0,0,1,,0,
1048850623,그릿 커피랩 신림점,디저트,간식,아이스크림,1,1,0,0,맛이 진하다,0,
1048850623,그릿 커피랩 신림점,커피,커피,디카페인 원두,1,0,0,1,,0,
1048850623,그릿 커피랩 신림점,커피,커피,원두,1,0,0,1,,0,
1048850623,그릿 커피랩 신림점,커피,아메리카노,아이스아메리카노,1,1,0,0,맛있다,0,
1048850623,그릿 커피랩 신림점,커피,라떼,딸기라떼,1,1,0,0,맛있다,0,
1048850623,그릿 커피랩 신림점,푸드,샌드위치,두부 치아바타 샌드위치,1,0,0,1,,0,
1048850623,그릿 커피랩 신림점,푸드,샌드위치,치폴레 미트 크랩 샌드위치,1,1,0,0,맛있다,0,
1048850623,그릿 커피랩 신림점,푸드,소스,치폴레 소스,1,1,0,0,맛있다,0,
1048850623,그릿 커피랩 신림점,푸드,간식,미트,1,0,1,0,스타일이 아니다,0,
1048850623,그릿 커피랩 신림점,푸드,소세지,소세지,1,0,0,1,,0,
1048850623,그릿 커피랩 신림점,푸드,샌드위치,치폴레 크랩 샌드위치,1,1,0,0,,0,
1048850623,그릿 커피랩 신림점,베이커리,치아바타,치아바타,1,1,0,0,맛있다,0,
1048850623,그릿 커피랩 신림점,푸드,샌드위치,두부치아바타샌드위치,1,1,0,0,맛있다,0,
1048850623,그릿 커피랩 신림점,음료,주스,애플망고주스,1,0,0,1,,0,
1048850623,그릿 커피랩 신림점,음료,주스,수박주스,1,0,0,1,,0,
1048850623,그릿 커피랩 신림점,푸드,과일,패션후르츠,1,1,0,0,맛있다,0,
1048850623,그릿 커피랩 신림점,음료,에이드,패션후르츠에이드,1,0,0,1,,0,
1048850623,그릿 커피랩 신림점,커피,아메리카노,아메리카노,1,1,0,0,맛있다,0,
1048850623,그릿 커피랩 신림점,커피,라떼,벚꽃라떼,1,1,0,0,맛있다,0,
1048850623,그릿 커피랩 신림점,푸드,과일,양,1,1,0,0,많다,0,
1048850623,그릿 커피랩 신림점,베이커리,소스,크림치즈,1,1,0,0,풍부하다,0,
1052170513,디저트39 신림역점,베이커리,빵,크로칸슈,3,3,0,0,맛있다,13.6616,
1052170513,디저트39 신림역점,디저트,케이크,도쿄롤,2,2,0,0,맛있다,10.494,
1052170513,디저트39 신림역점,음료,티,제로 아이스티,2,2,0,0,가성비가 좋다,10.494,
1052170513,디저트39 신림역점,디저트,케이크,케익,4,4,0,0,맛있어 보인다,8.1126,
1052170513,디저트39 신림역점,커피,커피,콜드브루,3,3,0,0,가격이 훌륭하다,8.0462,
1052170513,디저트39 신림역점,커피,라떼,딸기라떼,2,2,0,0,양이 많다,2.9716,
1052170513,디저트39 신림역점,커피,아메리카노,아이스아메리카노,2,0,0,2,,0,
1052170513,디저트39 신림역점,커피,아메리카노,아메리카노,2,1,0,1,입맛에 맞다,0,
1052170513,디저트39 신림역점,디저트,케이크,케이크,2,1,0,1,,0,
1052170513,디저트39 신림역점,디저트,마카롱,마카롱,2,1,1,0,맛있다,0,
1052170513,디저트39 신림역점,디저트,케이크,크레이프케익,2,1,1,0,,0,
1052170513,디저트39 신림역점,디저트,케이크,오리지날 도쿄롤,1,0,0,1,,0,
1052170513,디저트39 신림역점,디저트,케이크,티라미수크레이프 케이크,1,0,0,1,,0,
1052170513,디저트39 신림역점,푸드,푸드,오믈렛 혼힙박스,1,0,0,1,,0,
1052170513,디저트39 신림역점,음료,티,아이스티 코코넛젤리,1,1,0,0,맛있다,0,
1052170513,디저트39 신림역점,음료,스무디,저당딸기요거트스무디,1,1,0,0,맛있다,0,
1052170513,디저트39 신림역점,커피,라떼,제주말차라떼,1,1,0,0,맛있다,0,
1052170513,디저트39 신림역점,커피,라떼,흑임자라떼,1,1,0,0,맛있다,0,
1052170513,디저트39 신림역점,푸드,핫도그,찹쌀핫도그,1,1,0,0,맛있다,0,
1052170513,디저트39 신림역점,디저트,케이크,티라미수 크레이프,1,1,0,0,맛있다,0,
1052170513,디저트39 신림역점,음료,음료,텀블러,1,0,0,1,,0,
1052170513,디저트39 신림역점,음료,음료,음료수,1,1,0,0,맛있다,0,
1052170513,디저트39 신림역점,디저트,간식,초코 크레이프,1,1,0,0,맛있다,0,
1052170513,디저트39 신림역점,디저트,간식,커스타드 슈크림 크레이프,1,1,0,0,맛있다,0,
1052170513,디저트39 신림역점,디저트,케이크,오리지널 도쿄롤,1,1,0,0,맛있다,0,
1052170513,디저트39 신림역점,디저트,간식,커스터드 크로칸 슈 스틱,1,0,1,0,바삭하지 않다,0,
1052170513,디저트39 신림역점,베이커리,빵,소금빵,1,1,0,0,맛있다,0,
1052170513,디저트39 신림역점,커피,라떼,카라멜 마끼야또,1,1,0,0,맛있다,0,
1052170513,디저트39 신림역점,디저트,케이크,레드벨벳티라미수,1,0,0,1,,0,
1052170513,디저트39 신림역점,커피,라떼,커스터드 슈크림크레이프아인슈페너라떼,1,0,0,1,,0,
1052170513,디저트39 신림역점,커피,커피,디카페인,1,0,0,1,,0,
1052170513,디저트39 신림역점,베이커리,빵,카스타드 슈크림,1,1,0,0,맛있다,0,
1052170513,디저트39 신림역점,음료,음료,레몬피치,1,0,1,0,달다,0,
1052170513,디저트39 신림역점,음료,티,블랙티,1,0,0,1,,0,
1052170513,디저트39 신림역점,음료,티,아이스티,1,1,0,0,부담 없이 마실 수 있다,0,
1052170513,디저트39 신림역점,커피,커피,디삼,1,1,0,0,맛있다,0,
1052170513,디저트39 신림역점,디저트,케이크,도키,1,0,1,0,별로다,0,
1052170513,디저트39 신림역점,디저트,간식,쿠키반죽,1,0,1,0,물컹하다,0,
1052170513,디저트39 신림역점,음료,티,버블티,1,0,1,0,,0,
1052170513,디저트39 신림역점,음료,티,제로칼로리 복숭아 아이스티,1,1,0,0,맛있다,0,
1052170513,디저트39 신림역점,음료,음료,순수우유 도키,1,1,0,0,맛있다,0,
1052170513,디저트39 신림역점,음료,스무디,슬림 스무디,1,0,0,1,,0,
1052170513,디저트39 신림역점,음료,음료,프로틴,1,0,0,1,,0,
1052170513,디저트39 신림역점,음료,음료,아르기닌,1,0,0,1,,0,
1052170513,디저트39 신림역점,음료,음료,리유저블컵,1,1,0,0,,0,
1052170513,디저트39 신림역점,음료,음료,프로틴쉐이크,1,1,0,0,,0,
1052170513,디저트39 신림역점,음료,음료,슬림 망고 요거트,1,1,0,0,맛있다,0,
1052170513,디저트39 신림역점,음료,음료,디저트 삼구 제로 아이스티,1,1,0,0,,0,
1052170513,디저트39 신림역점,음료,음료,알룰로스 초코음료,1,0,1,0,맛이 아쉽다,0,
1052170513,디저트39 신림역점,음료,음료,라벤더 탄산수,1,1,0,0,,0,
1052170513,디저트39 신림역점,음료,티,제로칼로리 아이스티,1,1,0,0,맛있다,0,
1052170513,디저트39 신림역점,음료,티,파인레몬캐모마일티,1,1,0,0,양이 많다,0,
1052170513,디저트39 신림역점,음료,음료,알로에,1,1,0,0,,0,
1052170513,디저트39 신림역점,디저트,간식,밀크쇼콜라 쿠키슈,1,1,0,0,,0,
1052170513,디저트39 신림역점,음료,음료,복숭아 망고 아이스틴데디저트39,1,1,0,0,,0,
1052170513,디저트39 신림역점,커피,커피,황치즈 돌체 콜드브루,1,1,0,0,,0,
1052170513,디저트39 신림역점,음료,티,파인 레몬 라벤더티,1,0,1,0,,0,
1052170513,디저트39 신림역점,커피,라떼,초당옥수수라떼,1,1,0,0,,0,
1052170513,디저트39 신림역점,커피,라떼,바닐라라떼,1,0,0,1,,0,
1052170513,디저트39 신림역점,커피,라떼,바나나라떼,1,0,0,1,,0,
1052170513,디저트39 신림역점,베이커리,휘낭시에,휘낭시에,1,1,0,0,따뜻하다,0,
1052170513,디저트39 신림역점,디저트,치즈케이크,망고프로마쥬,1,1,0,0,맛있다,0,
1052170513,디저트39 신림역점,커피,라떼,딸기돌체라떼,1,0,0,1,,0,
1052170513,디저트39 신림역점,디저트,간식,황치즈크로칸슈,1,1,0,0,진하다,0,
1052170513,디저트39 신림역점,푸드,간식,치즈맛,1,1,0,0,진하다,0,
1052170513,디저트39 신림역점,디저트,간식,황치즈슈,1,1,0,0,맛있다,0,
1052170513,디저트39 신림역점,커피,라떼,치즈로마쥬망고라떼,1,1,0,0,맛있다,0,
1052170513,디저트39 신림역점,디저트,간식,황치즈 크로칸슈,1,1,0,0,맛있다,0,
1052170513,디저트39 신림역점,음료,음료,슬림타로,1,1,0,0,맛있다,0,
1052170513,디저트39 신림역점,음료,음료,타로,1,1,0,0,깔끔하다,0,
1052170513,디저트39 신림역점,디저트,간식,커스터드 슈,1,1,0,0,맛있다,0,
1052170513,디저트39 신림역점,음료,티,히비스커스티,1,1,0,0,,0,
1052170513,디저트39 신림역점,푸드,간식,다이어트 식품,1,0,1,0,,0,
1052170513,디저트39 신림역점,음료,티,차,1,1,0,0,,0,
1052170513,디저트39 신림역점,음료,음료,딸기 레몬 캐모마일티,1,1,0,0,맛있다,0,
1052170513,디저트39 신림역점,푸드,간식,기본,1,1,0,0,,0,
1052170513,디저트39 신림역점,푸드,과일,양,1,1,0,0,많다,0,
1052170513,디저트39 신림역점,커피,프라푸치노,황치즈크림 프라페,1,1,0,0,맛있다,0,
1052170513,디저트39 신림역점,디저트,간식,숫자초,1,0,1,0,투박하다,0,
1052170513,디저트39 신림역점,음료,밀크커피,로얄밀크티,1,1,0,0,맛있다,0,
1052170513,디저트39 신림역점,음료,음료,마카이,1,1,0,0,맛있다,0,
1052170513,디저트39 신림역점,베이커리,빵,소세지 크로아상,1,1,0,0,맛있다,0,
1056333393,커피 브륄레,디저트,케이크,티라미수,23,23,0,0,맛있다,58.3964,
1056333393,커피 브륄레,디저트,푸딩,크림브륄레,11,9,0,2,맛있다,37.3357,
1056333393,커피 브륄레,디저트,푸딩,크렘브륄레,5,5,0,0,맛있다,22.7694,
1056333393,커피 브륄레,커피,커피,카푸치노,5,5,0,0,맛있다,16.5056,
1056333393,커피 브륄레,디저트,간식,쿠키,10,10,0,0,맛있다,16.3611,
1056333393,커피 브륄레,커피,라떼,플랫화이트,5,4,0,1,맛있다,13.8211,
1056333393,커피 브륄레,디저트,푸딩,커스터드푸딩,2,2,0,0,맛있다,10.494,
1056333393,커피 브륄레,커피,라떼,에놀라톤 라떼,2,2,0,0,맛있다,10.494,
1056333393,커피 브륄레,디저트,케이크,수제 티라미수,2,2,0,0,최고다,10.494,
1056333393,커피 브륄레,음료,밀크티,얼그레이밀크티,2,2,0,0,조화롭다,10.494,
1056333393,커피 브륄레,커피,에스프레소,샤케라또,2,2,0,0,맛있다,10.494,
1056333393,커피 브륄레,커피,라떼,바닐라빈라떼,3,3,0,0,맛있다,9.5027,
1056333393,커피 브륄레,디저트,푸딩,크림뷔릴레,2,2,0,0,부드럽다,9.1078,
1056333393,커피 브륄레,음료,티,루이보스티,2,2,0,0,좋다,8.2968,
1056333393,커피 브륄레,음료,에이드,청귤에이드,2,2,0,0,맛있다,8.2968,
1056333393,커피 브륄레,커피,라떼,시그니처 라떼,2,2,0,0,더 맛있다,8.2968,
1056333393,커피 브륄레,커피,라떼,라떼,13,13,0,0,맛있다,8.2147,
1056333393,커피 브륄레,커피,라떼,시그니처라떼,2,2,0,0,더 맛있다,7.2752,
1056333393,커피 브륄레,음료,티,차,2,2,0,0,맛있다,4.1379,
1056333393,커피 브륄레,음료,에이드,자몽에이드,2,2,0,0,상큼하다,3.9779,
1056333393,커피 브륄레,커피,아메리카노,아이스아메리카노,6,6,0,0,고소하다,3.9723,
1056333393,커피 브륄레,커피,라떼,바닐라라떼,5,3,0,2,맛있다,3.127,
1056333393,커피 브륄레,커피,커피,원두,2,2,0,0,선택할 수 있어서 좋다,3.0669,
1056333393,커피 브륄레,커피,아메리카노,아메리카노,7,7,0,0,맛있다,2.9872,
1056333393,커피 브륄레,푸드,푸드,오트,2,0,0,2,,0,
1056333393,커피 브륄레,커피,샷,에스프레소 샷,2,1,0,1,맛있다,0,
1056333393,커피 브륄레,커피,커피,디카페인 커피,2,0,0,2,,0,
1056333393,커피 브륄레,음료,음료,따뜻한 차,2,0,0,2,,0,
1056333393,커피 브륄레,음료,음료,사카레또,2,0,0,2,,0,
1056333393,커피 브륄레,커피,라떼,플랫 화이트,1,0,0,1,,0,
1056333393,커피 브륄레,디저트,푸딩,크림 브륄레,1,1,0,0,,0,
1056333393,커피 브륄레,음료,밀크커피,아쌈 밀크티,1,1,0,0,만족스럽다,0,
1056333393,커피 브륄레,커피,라떼,따뜻한 라떼,1,1,0,0,최고다,0,
1056333393,커피 브륄레,디저트,푸딩,크렘뷔릴레,1,1,0,0,단맛이 적당하다,0,
1056333393,커피 브륄레,음료,밀크티,아이스밀크티,1,1,0,0,조화롭다,0,
1056333393,커피 브륄레,디저트,푸딩,크렘 브륄레,1,1,0,0,,0,
1056333393,커피 브륄레,커피,에스프레소,에스프레소,1,1,0,0,맛있다,0,
1056333393,커피 브륄레,음료,소스,수제 시럽,1,1,0,0,,0,
1056333393,커피 브륄레,커피,에스프레소,리스트레또,1,1,0,0,맛있다,0,
1056333393,커피 브륄레,커피,라떼,아이스라떼,1,1,0,0,커피향이 풍부하다,0,
1056333393,커피 브륄레,디저트,간식,브라우니,1,1,0,0,,0,
1056333393,커피 브륄레,디저트,푸딩,브륄레,1,1,0,0,맛있다,0,
1056333393,커피 브륄레,음료,밀크커피,아쌈밀크티,1,1,0,0,만족스럽다,0,
1056333393,커피 브륄레,음료,티,에놀라톤차,1,1,0,0,좋다,0,
1056333393,커피 브륄레,커피,에스프레소,샤카레토,1,0,0,1,,0,
1056333393,커피 브륄레,음료,음료,우유,1,0,0,1,,0,
1056333393,커피 브륄레,커피,에스프레소,샤카레또,1,1,0,0,맛있다,0,
1056333393,커피 브륄레,커피,라떼,바닐라빈 라떼,1,1,0,0,맛있다,0,
1056333393,커피 브륄레,커피,라떼,바닐라 라떼,1,0,0,1,,0,
1056333393,커피 브륄레,음료,밀크티,에놀라톤밀크티,1,1,0,0,맛이 잘 어우러진다,0,
1062090384,투달러커피 난곡사거리점,베이커리,와플,와플,10,9,0,1,맛있다,18.6207,
1062090384,투달러커피 난곡사거리점,푸드,간식,로또,2,2,0,0,,10.494,
1062090384,투달러커피 난곡사거리점,커피,라떼,두유라떼,2,2,0,0,맛있다,10.494,
1062090384,투달러커피 난곡사거리점,디저트,간식,떡플,2,2,0,0,맛있다,10.494,
1062090384,투달러커피 난곡사거리점,디저트,케이크,케이크,3,3,0,0,맛있다,3.8302,
1062090384,투달러커피 난곡사거리점,베이커리,크로플,크로플,2,2,0,0,맛있다,3.8296,
1062090384,투달러커피 난곡사거리점,음료,주스,수박주스,2,2,0,0,달고 시원하다,3.4413,
1062090384,투달러커피 난곡사거리점,커피,라떼,바닐라라떼,3,3,0,0,맛있다,3.127,
1062090384,투달러커피 난곡사거리점,커피,아메리카노,아메리카노,8,7,0,1,맛있다,2.9872,
1062090384,투달러커피 난곡사거리점,커피,라떼,라떼,3,3,0,0,맛있다,1.8957,
1062090384,투달러커피 난곡사거리점,커피,라떼,바나나우유라떼,2,1,0,1,맛있다,0,
1062090384,투달러커피 난곡사거리점,디저트,간식,생크림,1,1,0,0,,0,
1062090384,투달러커피 난곡사거리점,커피,아메리카노,헤이즐넛 아메리카노,1,1,0,0,맛있다,0,
1062090384,투달러커피 난곡사거리점,음료,티,아이스티,1,0,1,0,맛이 달라졌다,0,
1062090384,투달러커피 난곡사거리점,커피,라떼,진저라떼,1,1,0,0,달다,0,
1062090384,투달러커피 난곡사거리점,음료,음료,논커피,1,1,0,0,,0,
1062090384,투달러커피 난곡사거리점,음료,티,제로아이스티,1,1,0,0,,0,
1062090384,투달러커피 난곡사거리점,커피,커피,투달러커피,1,1,0,0,맛있다,0,
1062090384,투달러커피 난곡사거리점,음료,티,카모마일티,1,1,0,0,맛있다,0,
1062090384,투달러커피 난곡사거리점,디저트,간식,말렌카,1,1,0,0,맛있다,0,
1062090384,투달러커피 난곡사거리점,음료,음료,헤이즐넛라떼 파우더,1,1,0,0,맛있다,0,
1062090384,투달러커피 난곡사거리점,디저트,케이크,초코케이크,1,1,0,0,꾸덕하다,0,
1062090384,투달러커피 난곡사거리점,음료,에이드,레몬에이드,1,1,0,0,시원하고 맛있다,0,
1062090384,투달러커피 난곡사거리점,음료,음료,스무디 빨대,1,1,0,0,,0,
1062090384,투달러커피 난곡사거리점,음료,음료,아이스샤인머스캣청 제로,1,1,0,0,,0,
1062090384,투달러커피 난곡사거리점,음료,티,티,1,1,0,0,종류가 다양하다,0,
1062090384,투달러커피 난곡사거리점,술,술,하이볼,1,0,0,1,,0,
1062090384,투달러커피 난곡사거리점,커피,아메리카노,디카페인 아메리카노,1,1,0,0,무난하다,0,
1062090384,투달러커피 난곡사거리점,커피,아메리카노,아이스아메리카노,1,1,0,0,향긋하고 맛있다,0,
1062090384,투달러커피 난곡사거리점,커피,라떼,딸기라떼,1,1,0,0,과육이 많다,0,
1062090384,투달러커피 난곡사거리점,커피,라떼,초코라떼,1,1,0,0,초코맛이 진하다,0,
1062090384,투달러커피 난곡사거리점,음료,음료,망고스무디,1,1,0,0,맛있다,0,
1062090384,투달러커피 난곡사거리점,커피,커피,투달러 커피,1,1,0,0,맛있다,0,
1062090384,투달러커피 난곡사거리점,커피,라떼,소이라떼,1,1,0,0,맛있다,0,
1062090384,투달러커피 난곡사거리점,커피,커피,더치커피,1,1,0,0,조화가 좋다,0,
1062090384,투달러커피 난곡사거리점,커피,라떼,라떼류,1,1,0,0,맛있다,0,
1062090384,투달러커피 난곡사거리점,커피,라떼,말차라떼,1,0,0,1,,0,
1068150557,컴포즈커피 신림난곡점,베이커리,와플,와플,3,3,0,0,맛있다,6.2069,
1068150557,컴포즈커피 신림난곡점,커피,아메리카노,아이스아메리카노,3,1,0,2,,0,
1068150557,컴포즈커피 신림난곡점,커피,라떼,디카페인라떼,1,1,0,0,,0,
1068150557,컴포즈커피 신림난곡점,커피,프라푸치노,그린티프라페,1,0,0,1,,0,
1068150557,컴포즈커피 신림난곡점,음료,에이드,망고에이드,1,0,0,1,,0,
1068150557,컴포즈커피 신림난곡점,커피,라떼,컴포즈라떼,1,1,0,0,가격이 좋다,0,
1068150557,컴포즈커피 신림난곡점,커피,아메리카노,아메리카노,1,0,0,1,,0,
1077677949,오스커피하우스,커피,커피,홀빈,4,3,0,1,,15.7411,
1077677949,오스커피하우스,커피,커피,콜드브루 원액,2,2,0,0,맛있다,10.494,
1077677949,오스커피하우스,커피,커피,원두,7,5,0,2,산미가 적당하다,7.6673,
1077677949,오스커피하우스,커피,라떼,라떼,9,6,0,3,맛있다,3.7914,
1077677949,오스커피하우스,커피,커피,콜드브루,3,1,0,2,,0,
1077677949,오스커피하우스,커피,커피,예가체프,2,1,0,1,진하고 깊은 풍미가 있다,0,
1077677949,오스커피하우스,커피,커피,카푸치노,1,1,0,0,거품과 풍미가 좋다,0,
1077677949,오스커피하우스,커피,에스프레소,에스프레소,1,1,0,0,최고다,0,
1077677949,오스커피하우스,커피,커피,블랜딩,1,0,0,1,,0,
1077677949,오스커피하우스,커피,커피,로스팅,1,0,0,1,,0,
1077677949,오스커피하우스,커피,아메리카노,아메리카노,1,1,0,0,,0,
1077677949,오스커피하우스,커피,커피,과테말라,1,0,0,1,,0,
1077677949,오스커피하우스,커피,커피,케냐AA,1,0,0,1,,0,
1077677949,오스커피하우스,커피,커피,시그니처블렌드,1,1,0,0,부드럽고 진한 초콜릿 맛이 난다,0,
1077677949,오스커피하우스,커피,에스프레소,라떼용 에스프레소,1,0,0,1,,0,
1077677949,오스커피하우스,커피,라떼,더치라떼,1,0,0,1,,0,
1077677949,오스커피하우스,커피,커피,더치원액,1,0,0,1,,0,
1077677949,오스커피하우스,커피,커피,콜드브루원액,1,1,0,0,,0,
1084660490,컴포즈커피 신림중앙점,음료,음료,딸기스무디,4,2,1,1,좋아하다,4.1484,
1084660490,컴포즈커피 신림중앙점,커피,아메리카노,아이스아메리카노,9,6,1,2,구수하다,3.3103,
1084660490,컴포즈커피 신림중앙점,커피,아메리카노,아메리카노,4,1,0,3,저렴하다,0,
1084660490,컴포즈커피 신림중앙점,커피,라떼,라떼,2,1,0,1,맛있다,0,
1084660490,컴포즈커피 신림중앙점,커피,라떼,생초콜릿라떼,2,1,0,1,맛있다,0,
1084660490,컴포즈커피 신림중앙점,음료,얼음,얼음,2,1,1,0,얼음이 많다,0,
1084660490,컴포즈커피 신림중앙점,커피,커피,모카자바칩,1,1,0,0,,0,
1084660490,컴포즈커피 신림중앙점,음료,주스,케일주스,1,1,0,0,맛있다,0,
1084660490,컴포즈커피 신림중앙점,커피,커피,디카페인,1,0,1,0,,0,
1084660490,컴포즈커피 신림중앙점,디저트,간식,쫀득쿠키,1,1,0,0,,0,
1084660490,컴포즈커피 신림중앙점,음료,음료,밀크쉐이크,1,1,0,0,맛있다,0,
1084660490,컴포즈커피 신림중앙점,베이커리,빵,감자빵,1,0,0,1,,0,
1084660490,컴포즈커피 신림중앙점,음료,밀크티,팥절미밀크쉐이크,1,0,0,1,,0,
1084660490,컴포즈커피 신림중앙점,디저트,빙수,빙수,1,0,0,1,,0,
1084660490,컴포즈커피 신림중앙점,커피,아메리카노,디카페인 아이스아메리카노,1,1,0,0,맛있다,0,
1084660490,컴포즈커피 신림중앙점,커피,라떼,아인슈페너라떼,1,1,0,0,맛있다,0,
1084660490,컴포즈커피 신림중앙점,커피,라떼,하겐 홀릭 라떼,1,1,0,0,맛있다,0,
1084660490,컴포즈커피 신림중앙점,커피,에스프레소,마키아또,1,1,0,0,맛있다,0,
1084660490,컴포즈커피 신림중앙점,커피,커피,아인슈페너,1,1,0,0,맛있다,0,
1084660490,컴포즈커피 신림중앙점,커피,라떼,바닐라라떼,1,1,0,0,저렴하다,0,
1084660490,컴포즈커피 신림중앙점,음료,티,페퍼민트 티,1,1,0,0,맛있다,0,
1084660490,컴포즈커피 신림중앙점,음료,주스,수박주스,1,0,1,0,맛이 없다,0,
1084660490,컴포즈커피 신림중앙점,음료,에이드,레몬에이드,1,0,0,1,,0,
1084660490,컴포즈커피 신림중앙점,음료,과일,망고,1,0,0,1,,0,
1084660490,컴포즈커피 신림중앙점,디저트,간식,아이스크림,1,0,0,1,,0,
1084660490,컴포즈커피 신림중앙점,음료,티,허니레몬차,1,1,0,0,달고 따뜻하다,0,
1084660490,컴포즈커피 신림중앙점,음료,음료,망고스무디,1,0,0,1,,0,
1084660490,컴포즈커피 신림중앙점,음료,음료,딸기요거트스무디,1,1,0,0,맛있다,0,
1084660490,컴포즈커피 신림중앙점,푸드,간식,팥절미,1,1,0,0,맛있다,0,
1084660490,컴포즈커피 신림중앙점,푸드,간식,팝콘,1,1,0,0,맛있다,0,
1084660490,컴포즈커피 신림중앙점,음료,음료,컴포즈,1,0,0,1,,0,
1084660490,컴포즈커피 신림중앙점,음료,음료,캔디소다,1,1,0,0,달다,0,
1094824071,카페일기,푸드,토스트,토스트,6,6,0,0,맛있다,14.8466,
1094824071,카페일기,디저트,빙수,빙수,5,4,0,1,토핑이 가득하다,8.81,
1094824071,카페일기,푸드,샌드위치,샌드위치,5,5,0,0,맛있다,8.0472,
1094824071,카페일기,베이커리,토스트,카야토스트,2,2,0,0,맛있다,7.7215,
1094824071,카페일기,음료,티,버블티,3,2,0,1,가성비가 좋다,6.9105,
1094824071,카페일기,음료,주스,수박주스,2,2,0,0,시원하다,3.4413,
1094824071,카페일기,커피,아메리카노,아메리카노,3,1,0,2,산미가 있다,0,
1094824071,카페일기,음료,밀크티,타로버블티,1,0,0,1,,0,
1094824071,카페일기,음료,티,아이스티,1,1,0,0,맛있다,0,
1094824071,카페일기,디저트,빙수,1인빙수,1,1,0,0,푸짐하다,0,
1094824071,카페일기,디저트,빙수,컵빙수,1,0,1,0,가격이 올랐다,0,
1094824071,카페일기,음료,음료,홍차버블티,1,1,0,0,맛있다,0,
1094824071,카페일기,음료,음료,버블,1,0,1,0,딱딱하다,0,
1094824071,카페일기,음료,밀크티,홍차밀크티,1,0,0,1,,0,
1094824071,카페일기,디저트,빙수,블루베리딸기치즈조각우유빙수대자,1,1,0,0,크고 맛있다,0,
1094824071,카페일기,음료,음료,연유,1,1,0,0,,0,
1094824071,카페일기,음료,음료,카야잼 무염버터,1,1,0,0,맛있다,0,
1094824071,카페일기,디저트,빙수,초코치즈조각빙수,1,1,0,0,맛있다,0,
1094824071,카페일기,디저트,빙수,인절미빙수,1,1,0,0,맛있다,0,
1094824071,카페일기,음료,주스,수박쥬스,1,0,1,0,신선하지 않다,0,
1094824071,카페일기,디저트,빙수,망고빙수,1,1,0,0,,0,
1094824071,카페일기,푸드,간식,바질향,1,1,0,0,은은하게 난다,0,
1094824071,카페일기,푸드,간식,고구마,1,1,0,0,,0,
1094824071,카페일기,푸드,간식,모짜렐라 치즈,1,1,0,0,,0,
1094824071,카페일기,음료,주스,토마토주스,1,1,0,0,양이 많다,0,
1094824071,카페일기,푸드,샌드위치,먹물치아바타 햄치즈그릴닭가슴살 샌드위치,1,0,0,1,,0,
1094824071,카페일기,음료,주스,생과일주스,1,0,0,1,,0,
1094824071,카페일기,커피,라떼,흑임자라떼,1,1,0,0,맛있다,0,
1094824071,카페일기,베이커리,토스트,카야잼모짜렐라토스트,1,1,0,0,맛있다,0,
1094824071,카페일기,베이커리,치아바타,치아바타,1,1,0,0,쫀득하다,0,
1094824071,카페일기,푸드,소불고기,소불고기,1,1,0,0,양념이 끝내주다,0,
1094824071,카페일기,음료,얼음,얼음,1,0,1,0,양이 적다,0,
1094824071,카페일기,베이커리,치아바타,먹물치아비타,1,1,0,0,,0,
1094824071,카페일기,베이커리,마들렌,마들렌,1,1,0,0,,0,
1094824071,카페일기,푸드,샐러드,샐러드,1,1,0,0,구성이 좋다,0,
1094824071,카페일기,푸드,푸드,훈제연어,1,1,0,0,맛있다,0,
1094824071,카페일기,푸드,간식,새우,1,1,0,0,맛있다,0,
1094824071,카페일기,푸드,소세지,소세지,1,1,0,0,맛있다,0,
1094824071,카페일기,음료,과일,각종과일,1,1,0,0,맛있다,0,
1094824071,카페일기,푸드,간식,리코타치즈,1,1,0,0,맛있다,0,
1094824071,카페일기,푸드,간식,달걀,1,1,0,0,맛있다,0,
1094824071,카페일기,푸드,과일,단호박,1,1,0,0,맛있다,0,
1094824071,카페일기,음료,주스,딸기주스,1,1,0,0,맛있다,0,
1094824071,카페일기,베이커리,치아바타,먹물치아바타,1,0,0,1,,0,
1094824071,카페일기,베이커리,치아바타,감자치아바타,1,0,0,1,,0,
1094824071,카페일기,음료,밀크티,쿠앤크 버블티,1,1,0,0,맛있다,0,
1097023072,백억커피,푸드,간식,팝콘,44,38,3,3,맛있다,127.3155,
1097023072,백억커피,푸드,간식,카라멜 팝콘,8,8,0,0,맛있다,36.431,
1097023072,백억커피,푸드,간식,나쵸,2,2,0,0,맛있다,10.494,
1097023072,백억커피,음료,음료,블루베리 우유,2,2,0,0,맛있다,10.494,
1097023072,백억커피,커피,캔커피,1리터 캔커피,2,2,0,0,가성비가 좋다,10.494,
1097023072,백억커피,디저트,간식,카라멜팝콘,2,2,0,0,맛있다,9.1078,
1097023072,백억커피,디저트,소스,카라멜,2,2,0,0,단 느낌이다,9.1078,
1097023072,백억커피,음료,에이드,자몽에이드,2,2,0,0,맛있다,3.9779,
1097023072,백억커피,커피,라떼,바닐라라떼,2,2,0,0,맛있다,2.0847,
1097023072,백억커피,커피,아메리카노,아메리카노,4,0,0,4,,0,
1097023072,백억커피,커피,라떼,카라멜라떼,2,0,0,2,,0,
1097023072,백억커피,음료,음료,미숫가루스무디,2,0,0,2,,0,
1097023072,백억커피,음료,음료,체리우유,2,0,0,2,,0,
1097023072,백억커피,푸드,간식,펄,2,0,0,2,,0,
1097023072,백억커피,푸드,간식,멕시칸폴드포크,2,0,0,2,,0,
1097023072,백억커피,푸드,간식,나초,2,0,0,2,,0,
1097023072,백억커피,커피,라떼,카페라떼,2,0,2,0,밋밋하다,0,Y
1097023072,백억커피,푸드,튀김,튀김떡,2,0,2,0,,0,Y
1097023072,백억커피,커피,캔커피,맥심커피,2,0,2,0,맛이 밍밍하다,0,Y
1097023072,백억커피,음료,음료,바닐라시럽,2,0,0,2,,0,
1097023072,백억커피,커피,커피,헤즐러커피,2,0,2,0,이상하다,0,Y
1097023072,백억커피,커피,커피,백억커피,2,1,1,0,맛이 밍밍하다,0,
1097023072,백억커피,커피,커피,디카페인,1,0,0,1,,0,
1097023072,백억커피,커피,캔커피,백억커피 캔,1,1,0,0,,0,
1097023072,백억커피,푸드,간식,타코야끼,1,0,1,0,질기고 축축하다,0,
1097023072,백억커피,푸드,간식,문어,1,0,1,0,작다,0,
1097023072,백억커피,푸드,과일,옥수수 알갱이,1,0,1,0,튀겨지지 않았다,0,
1098294111,데이굿(DAY GOOD),베이커리,마들렌,마들렌,15,15,0,0,맛있다,36.2072,
1098294111,데이굿(DAY GOOD),음료,과일,메론,3,3,0,0,많다,15.7411,
1098294111,데이굿(DAY GOOD),디저트,푸딩,두바이초콜릿크럼블푸딩,3,3,0,0,식감이 좋다,15.7411,
1098294111,데이굿(DAY GOOD),음료,과일,멜론,2,2,0,0,신선하고 많다,10.494,
1098294111,데이굿(DAY GOOD),디저트,간식,두바이 초콜릿,2,2,0,0,맛있다,9.1078,
1098294111,데이굿(DAY GOOD),베이커리,마들렌,레몬마들렌,2,2,0,0,맛있다,9.1078,
1098294111,데이굿(DAY GOOD),디저트,간식,두바이초콜릿,3,2,0,1,촉촉하다,8.2968,
1098294111,데이굿(DAY GOOD),베이커리,타르트,에그타르트,3,3,0,0,달고 바삭하다,8.0462,
1098294111,데이굿(DAY GOOD),디저트,케이크,케이크,8,6,0,2,귀엽다,7.6604,
1098294111,데이굿(DAY GOOD),음료,에이드,레몬에이드,3,3,0,0,상큼하다,7.4233,
1098294111,데이굿(DAY GOOD),푸드,간식,바치케,2,2,0,0,맛있다,7.2752,
1098294111,데이굿(DAY GOOD),음료,과일,과일,2,2,0,0,많다,6.6022,
1098294111,데이굿(DAY GOOD),디저트,케이크,케잌,2,2,0,0,맛있다,6.0996,
1098294111,데이굿(DAY GOOD),디저트,간식,쿠키,3,3,0,0,바삭하고 달지 않다,4.9083,
1098294111,데이굿(DAY GOOD),푸드,과일,딸기,3,1,0,2,맛있다,0,
1098294111,데이굿(DAY GOOD),디저트,케이크,우유케이크,1,1,0,0,맛있다,0,
1098294111,데이굿(DAY GOOD),디저트,가나슈,요거트크림,1,1,0,0,상큼하다,0,
1098294111,데이굿(DAY GOOD),음료,과일,귤,1,1,0,0,상큼하다,0,
1098294111,데이굿(DAY GOOD),디저트,케이크,딸기생크림케이크,1,1,0,0,귀엽고 맛있다,0,
1098294111,데이굿(DAY GOOD),디저트,간식,초코볼,1,0,0,1,,0,
1098294111,데이굿(DAY GOOD),디저트,간식,초코칩,1,0,0,1,,0,
1098294111,데이굿(DAY GOOD),디저트,케이크,요거트 귤돌이 케이크,1,1,0,0,귀엽다,0,
1098294111,데이굿(DAY GOOD),디저트,케이크,데이굿 케이크,1,1,0,0,,0,
1098294111,데이굿(DAY GOOD),디저트,케이크,멜론 케이크,1,1,0,0,친절하다,0,
1098294111,데이굿(DAY GOOD),디저트,간식,생크림,1,1,0,0,맛있다,0,
1098294111,데이굿(DAY GOOD),디저트,케이크,조각케이크,1,1,0,0,,0,
1098294111,데이굿(DAY GOOD),푸드,간식,호두,1,0,0,1,,0,
1098294111,데이굿(DAY GOOD),디저트,케이크,보틀 케이크,1,1,0,0,,0,
1098294111,데이굿(DAY GOOD),디저트,간식,곰돌이,1,1,0,0,,0,
1098294111,데이굿(DAY GOOD),음료,음료,네잎클로버,1,1,0,0,,0,
1098294111,데이굿(DAY GOOD),디저트,케이크,딸기케이크,1,1,0,0,맛있고 부드럽다,0,
1098294111,데이굿(DAY GOOD),디저트,간식,동물성 크림,1,1,0,0,맛있고 부드럽다,0,
1098294111,데이굿(DAY GOOD),디저트,케이크,과일 케이크,1,0,0,1,,0,
1098294111,데이굿(DAY GOOD),디저트,치즈케이크,바스크 치즈 케이크,1,1,0,0,맛있다,0,
1098294111,데이굿(DAY GOOD),커피,라떼,단호박라떼,1,1,0,0,맛있다,0,
1098294111,데이굿(DAY GOOD),디저트,케이크,보틀 케이크 시트,1,1,0,0,부드럽다,0,
1098294111,데이굿(DAY GOOD),디저트,푸딩,두바이 초콜릿 푸딩,1,1,0,0,맛있다,0,
1098294111,데이굿(DAY GOOD),베이커리,간식,멜론 쿠키,1,1,0,0,귀엽다,0,
1098294111,데이굿(DAY GOOD),디저트,간식,두바이 대맛도리,1,1,0,0,맛있다,0,
1098294111,데이굿(DAY GOOD),디저트,케이크,무화과 보틀케이크,1,1,0,0,맛있다,0,
1098294111,데이굿(DAY GOOD),음료,과일,복숭아,1,1,0,0,맛있다,0,
1098294111,데이굿(DAY GOOD),디저트,케이크,망고케이크,1,1,0,0,예쁘다,0,
1098294111,데이굿(DAY GOOD),디저트,케이크,시트,1,1,0,0,부드럽다,0,
1098294111,데이굿(DAY GOOD),디저트,치즈케이크,초코치즈케이크,1,1,0,0,맛있다,0,
1098294111,데이굿(DAY GOOD),디저트,케이크,복숭아케이크,1,1,0,0,예쁘다,0,
1098294111,데이굿(DAY GOOD),베이커리,마들렌,말차마들렌,1,1,0,0,맛있다,0,
1098294111,데이굿(DAY GOOD),디저트,푸딩,두바이초콜릿푸딩,1,1,0,0,맛있다,0,
1098294111,데이굿(DAY GOOD),디저트,케이크,럭키비키 케익,1,1,0,0,맛있다,0,
1098294111,데이굿(DAY GOOD),디저트,케이크,케익,1,1,0,0,과일이 많다,0,
1098294111,데이굿(DAY GOOD),푸드,간식,황치즈,1,1,0,0,맛있다,0,
1098294111,데이굿(DAY GOOD),디저트,간식,메론쿠키,1,1,0,0,담백하다,0,
1098294111,데이굿(DAY GOOD),베이커리,빵,레몬 마글렌,1,1,0,0,최고다,0,
1098294111,데이굿(DAY GOOD),디저트,간식,피스타치오,1,1,0,0,식감이 좋다,0,
1098294111,데이굿(DAY GOOD),디저트,간식,카다이프,1,1,0,0,식감이 좋다,0,
1098294111,데이굿(DAY GOOD),디저트,치즈케이크,치즈케이크,1,1,0,0,맛있다,0,
1098294111,데이굿(DAY GOOD),음료,음료,소다,1,1,0,0,맛있다,0,
1098294111,데이굿(DAY GOOD),디저트,간식,꼬부기쿠키,1,1,0,0,귀엽고 맛있다,0,
1098294111,데이굿(DAY GOOD),커피,라떼,크림라떼류 음료,1,1,0,0,,0,
1098294111,데이굿(DAY GOOD),베이커리,타르트,에그 타르트,1,1,0,0,맛있다,0,
1098294111,데이굿(DAY GOOD),디저트,푸딩,황치즈푸딩,1,1,0,0,,0,
1098294111,데이굿(DAY GOOD),커피,아메리카노,아메리카노,1,1,0,0,,0,
1098294111,데이굿(DAY GOOD),베이커리,스콘,플레인스콘,1,1,0,0,부드럽다,0,
1098294111,데이굿(DAY GOOD),디저트,푸딩,망고 치즈 요거트 크럼블 푸딩,1,1,0,0,맛있다,0,
1098294111,데이굿(DAY GOOD),디저트,간식,크럼블,1,1,0,0,맛있다,0,
110671228,이디야 신림미성점,커피,커피,드립백,2,2,0,0,맛이 좋다,8.2968,
110671228,이디야 신림미성점,커피,아메리카노,아이스아메리카노,9,8,0,1,맛있다,5.2965,
110671228,이디야 신림미성점,음료,주스,수박주스,3,2,0,1,맛있다,3.4413,
110671228,이디야 신림미성점,커피,아메리카노,아메리카노,4,4,0,0,시원하다,1.707,
110671228,이디야 신림미성점,디저트,빙수,빙수,3,0,3,0,달다,0,Y
110671228,이디야 신림미성점,커피,커피,카푸치노,2,0,2,0,양이 적다,0,Y
110671228,이디야 신림미성점,음료,주스,살얼음 수박쥬스,1,1,0,0,맛있다,0,
110671228,이디야 신림미성점,푸드,푸드,할인쿠폰,1,0,0,1,,0,
110671228,이디야 신림미성점,커피,라떼,아이스라떼,1,0,0,1,,0,
110671228,이디야 신림미성점,커피,라떼,키퍼라떼,1,0,0,1,,0,
110671228,이디야 신림미성점,커피,라떼,라떼,1,0,0,1,,0,
110671228,이디야 신림미성점,푸드,간식,치즈볼,1,0,1,0,맛이 기대에 못 미치다,0,
110671228,이디야 신림미성점,커피,라떼,딸기라떼,1,1,0,0,맛있다,0,
110671228,이디야 신림미성점,커피,커피,원두,1,1,0,0,맛있다,0,
110671228,이디야 신림미성점,베이커리,와플,생딸기 크림치즈 와플,1,1,0,0,새콤 달콤 촉촉하다,0,
110671228,이디야 신림미성점,디저트,빙수,팥인절미빙수,1,1,0,0,맛있다,0,
110671228,이디야 신림미성점,디저트,간식,아이스크림,1,0,0,1,,0,
110671228,이디야 신림미성점,푸드,간식,토핑,1,1,0,0,토핑이 많다,0,
110671228,이디야 신림미성점,디저트,빙수,딸기피치요거놀라빙수,1,1,0,0,고소하고 잘 어울리다,0,
110671228,이디야 신림미성점,푸드,간식,오거놀라,1,1,0,0,고소하다,0,
110671228,이디야 신림미성점,커피,커피,페르소나드립백,1,1,0,0,,0,
110671228,이디야 신림미성점,디저트,빙수,망고빙수,1,1,0,0,맛있다,0,
110671228,이디야 신림미성점,음료,주스,딸기주스,1,1,0,0,맛있다,0,
110671228,이디야 신림미성점,커피,커피,샤인파인 갤럭시치노,1,1,0,0,색감이 오묘하고 영롱하다,0,
110671228,이디야 신림미성점,커피,라떼,바닐라라떼,1,1,0,0,달다,0,
110671228,이디야 신림미성점,음료,음료,사과리치,1,1,0,0,상큼하다,0,
110671228,이디야 신림미성점,커피,라떼,카페모카,1,1,0,0,,0,
110671228,이디야 신림미성점,음료,음료,쉐이크,1,1,0,0,맛있다,0,
110671228,이디야 신림미성점,음료,주스,키위주스,1,1,0,0,,0,
1109512088,프롬 카페(from. cafe),디저트,케이크,케이크,15,14,0,1,맛있다,17.8743,
1109512088,프롬 카페(from. cafe),베이커리,마들렌,마들렌,4,4,0,0,맛있다,9.6552,
1109512088,프롬 카페(from. cafe),음료,에이드,자몽에이드,3,3,0,0,여름에 제격이다,5.9668,
1109512088,프롬 카페(from. cafe),디저트,간식,쿠키,3,3,0,0,맛있다,4.9083,
1109512088,프롬 카페(from. cafe),커피,커피,아인슈페너,2,2,0,0,맛있다,4.2231,
1109512088,프롬 카페(from. cafe),디저트,치즈케이크,치즈케이크,2,2,0,0,맛있다,3.6917,
1109512088,프롬 카페(from. cafe),커피,아메리카노,아메리카노,7,5,1,1,맛있다,1.707,
1109512088,프롬 카페(from. cafe),커피,라떼,라떼,2,2,0,0,맛있다,1.2638,
1109512088,프롬 카페(from. cafe),디저트,케이크,말차갸또소콜라케이크,1,1,0,0,꾸덕꾸덕하고 말차맛이 가득하다,0,
1109512088,프롬 카페(from. cafe),커피,라떼,바닐라라떼,1,0,0,1,,0,
1109512088,프롬 카페(from. cafe),커피,커피,원두,1,1,0,0,맛있다,0,
1109512088,프롬 카페(from. cafe),디저트,케이크,레몬빅토리아케이크,1,1,0,0,맛있다,0,
1109512088,프롬 카페(from. cafe),디저트,케이크,발로나초코케이크,1,1,0,0,진하고 맛있다,0,
1109512088,프롬 카페(from. cafe),디저트,케이크,초코케이크,1,0,1,0,,0,
1109512088,프롬 카페(from. cafe),음료,티,아이스망고티,1,1,0,0,맛있다,0,
1109512088,프롬 카페(from. cafe),음료,음료,피치 블라썸,1,1,0,0,좋다,0,
1109512088,프롬 카페(from. cafe),커피,라떼,아몬드 라떼,1,1,0,0,맛있다,0,
1109512088,프롬 카페(from. cafe),디저트,케이크,케이크 크기,1,0,1,0,작다,0,
1109512088,프롬 카페(from. cafe),디저트,치즈케이크,밤치즈케이크,1,1,0,0,맛있다,0,
1109512088,프롬 카페(from. cafe),커피,라떼,연유라떼,1,1,0,0,맛있다,0,
1109512088,프롬 카페(from. cafe),커피,라떼,아몬드라떼,1,1,0,0,,0,
1109512088,프롬 카페(from. cafe),커피,라떼,라떼아트,1,1,0,0,이쁘고 맛있다,0,
1109512088,프롬 카페(from. cafe),음료,소스,헤이즐넛 시럽,1,1,0,0,,0,
1109512088,프롬 카페(from. cafe),디저트,치즈케이크,밤 치즈케이크,1,1,0,0,맛있다,0,
1109512088,프롬 카페(from. cafe),커피,라떼,카페라떼,1,0,0,1,,0,
1109512088,프롬 카페(from. cafe),디저트,간식,르뱅쿠키,1,1,0,0,최고다,0,
1109512088,프롬 카페(from. cafe),음료,티,자몽차,1,1,0,0,찐하다,0,
1109512088,프롬 카페(from. cafe),음료,소스,수제자몽청,1,1,0,0,,0,
1109512088,프롬 카페(from. cafe),디저트,케이크,딸기 케이크,1,1,0,0,맛있다,0,
1109512088,프롬 카페(from. cafe),디저트,케이크,티라미수케이크,1,1,0,0,맛있다,0,
1109512088,프롬 카페(from. cafe),디저트,치즈케이크,치즈 케이크,1,1,0,0,맛있다,0,
1109512088,프롬 카페(from. cafe),디저트,케이크,시즌 메뉴 딸기 케이크,1,1,0,0,맛있다,0,
1109512088,프롬 카페(from. cafe),디저트,케이크,티라미수,1,1,0,0,맛있다,0,
1109512088,프롬 카페(from. cafe),디저트,케이크,레몬케이크,1,1,0,0,맛있다,0,
1109512088,프롬 카페(from. cafe),커피,라떼,라떼류,1,1,0,0,맛있다,0,
1109512088,프롬 카페(from. cafe),음료,음료,우유거품,1,0,1,0,별로다,0,
1109512088,프롬 카페(from. cafe),음료,음료,피치블러썸,1,1,0,0,,0,
1109512088,프롬 카페(from. cafe),디저트,케이크,레몬 케이크,1,1,0,0,맛있다,0,
1112345208,슬지로운생활,디저트,케이크,오레오케이크,4,4,0,0,,16.5936,
1112345208,슬지로운생활,음료,에이드,패션후르츠에이드,2,2,0,0,맛있다,8.2968,
1112345208,슬지로운생활,디저트,간식,오레오,2,2,0,0,,8.2968,
1112345208,슬지로운생활,커피,라떼,라떼,19,14,1,4,맛있다,8.2147,
1112345208,슬지로운생활,디저트,케이크,케이크,8,6,0,2,맛있다,7.6604,
1112345208,슬지로운생활,베이커리,스콘,스콘,4,3,0,1,맛이 좋다,6.6075,
1112345208,슬지로운생활,커피,라떼,카페모카,2,2,0,0,맛있다,5.8889,
1112345208,슬지로운생활,커피,아메리카노,아메리카노,14,10,0,4,맛있다,4.2674,
1112345208,슬지로운생활,디저트,케이크,케익,2,2,0,0,맛있다,4.0563,
1112345208,슬지로운생활,커피,라떼,바닐라라떼,6,4,1,1,최고다,3.127,
1112345208,슬지로운생활,커피,커피,원두,2,2,0,0,가성비가 좋다,3.0669,
1112345208,슬지로운생활,커피,아메리카노,아이스아메리카노,4,3,0,1,맛있다,1.9862,
1112345208,슬지로운생활,베이커리,스콘,블루베리스콘,2,1,0,1,맛있다,0,
1112345208,슬지로운생활,커피,라떼,아이스바닐라라떼,2,1,0,1,맛있다,0,
1112345208,슬지로운생활,음료,티,매실차,1,1,0,0,맛있다,0,
1112345208,슬지로운생활,커피,라떼,미숫가루라떼,1,1,0,0,맛있다,0,
1112345208,슬지로운생활,베이커리,스콘,치즈스콘,1,0,0,1,,0,
1112345208,슬지로운생활,베이커리,스콘,로투스스콘,1,0,0,1,,0,
1112345208,슬지로운생활,음료,에이드,블루베리에이드,1,1,0,0,,0,
1112345208,슬지로운생활,음료,에이드,바나나에이드,1,1,0,0,,0,
1112345208,슬지로운생활,음료,과일,블루베리,1,1,0,0,깊은 맛이 나다,0,
1112345208,슬지로운생활,음료,에이드,블루베리청 에이드,1,1,0,0,,0,
1112345208,슬지로운생활,디저트,간식,아이스크림,1,0,1,0,,0,
1112345208,슬지로운생활,음료,에이드,수박에이드,1,1,0,0,맛있다,0,
1112345208,슬지로운생활,디저트,케이크,로터스 케이트,1,1,0,0,맛있다,0,
1112345208,슬지로운생활,음료,에이드,오렌지 자몽청 에이드,1,1,0,0,맛있다,0,
1112345208,슬지로운생활,커피,라떼,카페라떼,1,1,0,0,,0,
1112345208,슬지로운생활,음료,에이드,패션후르청에이드,1,1,0,0,진하다,0,
1112345208,슬지로운생활,음료,음료,레몬청,1,1,0,0,,0,
1112345208,슬지로운생활,디저트,케이크,쿠앤크케이크,1,1,0,0,맛있다,0,
1112345208,슬지로운생활,디저트,치즈케이크,오레오치즈케이크,1,1,0,0,,0,
1112345208,슬지로운생활,디저트,치즈케이크,오레오 치즈 케이크,1,1,0,0,가격이 싸고 양이 많다,0,
1112345208,슬지로운생활,음료,주스,수박쥬스,1,1,0,0,맛있다,0,
1112345208,슬지로운생활,음료,주스,수박주스,1,1,0,0,시원하고 맛있다,0,
1112345208,슬지로운생활,술,술,술지로운생활,1,1,0,0,맛있다,0,
1112345208,슬지로운생활,음료,에이드,수제청 에이드,1,1,0,0,맛있다,0,
1112345208,슬지로운생활,커피,라떼,바나나라떼,1,1,0,0,맛있고 건강해지는 느낌이다,0,
1112345208,슬지로운생활,커피,라떼,딸기라떼,1,1,0,0,맛있고 건강해지는 느낌이다,0,
1112345208,슬지로운생활,커피,라떼,카라멜마끼아또,1,1,0,0,맛있다,0,
1112345208,슬지로운생활,커피,커피,원액,1,1,0,0,많이 들어있다,0,
1112345208,슬지로운생활,음료,음료,개구리알 에이드,1,1,0,0,맛있다,0,
1112345208,슬지로운생활,음료,음료,과일청,1,1,0,0,,0,
1112345208,슬지로운생활,커피,라떼,딸기청라떼,1,1,0,0,,0,
1112345208,슬지로운생활,음료,소스,수제청,1,1,0,0,,0,
1112345208,슬지로운생활,음료,에이드,레몬청 에이드,1,1,0,0,맛있다,0,
1115883740,카페 188,음료,음료,딸기요거트스무디,1,1,0,0,맛있다,0,
1115883740,카페 188,커피,라떼,아이스크림라떼,1,1,0,0,맛있다,0,
1115883740,카페 188,커피,라떼,초코라떼,1,0,1,0,,0,
1115883740,카페 188,커피,라떼,라떼아트,1,1,0,0,예쁘다,0,
1115883740,카페 188,커피,커피,디카페인,1,0,0,1,,0,
1115883740,카페 188,음료,음료,딸기 스무디,1,1,0,0,맛있다,0,
1120003989,읍천리382 신림점,음료,음료,미숫가루,25,21,0,4,맛있다,56.3236,
1120003989,읍천리382 신림점,푸드,샐러드,샐러드,13,9,1,3,맛있다,22.793,
1120003989,읍천리382 신림점,푸드,샌드위치,샌드위치,17,14,0,3,맛있다,22.5321,
1120003989,읍천리382 신림점,푸드,푸드,포케,3,3,0,0,구성이 알차다,15.7411,
1120003989,읍천리382 신림점,음료,음료,식혜,3,3,0,0,달다,10.9128,
1120003989,읍천리382 신림점,커피,라떼,딸기밭라떼,3,2,0,1,맛있다,10.494,
1120003989,읍천리382 신림점,베이커리,빵,구황작물빵,2,2,0,0,겉이 쫄깃하고 속이 부드럽다,10.494,
1120003989,읍천리382 신림점,푸드,샌드위치,닭가슴살 샌드위치,2,2,0,0,맛있다,10.494,
1120003989,읍천리382 신림점,음료,음료,감주,2,2,0,0,맛있다,10.494,
1120003989,읍천리382 신림점,푸드,간식,불고기,2,2,0,0,맛있다,9.1078,
1120003989,읍천리382 신림점,베이커리,와플,와플,11,7,3,1,맛있다,8.2759,
1120003989,읍천리382 신림점,베이커리,토스트,카야토스트,2,2,0,0,맛있다,7.7215,
1120003989,읍천리382 신림점,커피,라떼,쑥라떼,3,2,0,1,맛있다,6.6022,
1120003989,읍천리382 신림점,커피,라떼,바닐라라떼,3,3,0,0,맛있다,3.127,
1120003989,읍천리382 신림점,커피,아메리카노,아메리카노,6,2,0,4,맛있다,0.8535,
1120003989,읍천리382 신림점,커피,라떼,라떼,2,0,0,2,,0,
1120003989,읍천리382 신림점,음료,주스,수박주스,2,1,1,0,맛이 없다,0,
1120003989,읍천리382 신림점,음료,에이드,자몽에이드,2,1,0,1,맛있다,0,
1120003989,읍천리382 신림점,베이커리,빵,슈크림 콩빵,2,1,1,0,실망스럽다,0,
1120003989,읍천리382 신림점,커피,라떼,토피넛라떼,1,1,0,0,맛있다,0,
1120003989,읍천리382 신림점,커피,라떼,팥빙수라테,1,1,0,0,맛있다,0,
1120003989,읍천리382 신림점,푸드,과일,양,1,1,0,0,많다,0,
1120003989,읍천리382 신림점,푸드,간식,랩,1,1,0,0,맛있다,0,
1120003989,읍천리382 신림점,푸드,샌드위치,치킨샌드위치,1,1,0,0,맛있다,0,
1120003989,읍천리382 신림점,푸드,샌드위치,쉬림프샌드위치,1,1,0,0,맛있다,0,
1120003989,읍천리382 신림점,푸드,간식,브런치카페,1,1,0,0,,0,
1120003989,읍천리382 신림점,음료,음료,마스무디,1,1,0,0,맛있다,0,
1120003989,읍천리382 신림점,푸드,간식,쉬림프,1,1,0,0,맛있다,0,
1120003989,읍천리382 신림점,푸드,간식,연어포케,1,0,1,0,맵다,0,
1120003989,읍천리382 신림점,푸드,소스,스리라차소스,1,0,1,0,맵다,0,
1120003989,읍천리382 신림점,푸드,과일,야채,1,1,0,0,싱싱하다,0,
1120003989,읍천리382 신림점,커피,라떼,복숭아라떼,1,1,0,0,과육이 씹힌다,0,
1120003989,읍천리382 신림점,음료,과일,복숭아,1,1,0,0,과육이 씹힌다,0,
1120003989,읍천리382 신림점,푸드,샌드위치,샐러드 샌드위치,1,1,0,0,좋다,0,
1120003989,읍천리382 신림점,푸드,샐러드,연어포케샐러드,1,1,0,0,푸짐하다,0,
1120003989,읍천리382 신림점,베이커리,와플,사과잼 와플,1,1,0,0,바삭하다,0,
1120003989,읍천리382 신림점,커피,라떼,자두라떼,1,0,0,1,,0,
1120003989,읍천리382 신림점,음료,티,애플리치우롱티,1,1,0,0,깔끔하고 시원하다,0,
1120003989,읍천리382 신림점,음료,음료,냉마스무디,1,1,0,0,,0,
1120003989,읍천리382 신림점,베이커리,빵,앙버터,1,0,1,0,양이 적다,0,
1120003989,읍천리382 신림점,베이커리,와플,딸기와플,1,1,0,0,맛있다,0,
1120003989,읍천리382 신림점,음료,음료,미숫가루 스무디,1,1,0,0,진하다,0,
1120003989,읍천리382 신림점,음료,음료,석류디톡스,1,0,0,1,,0,
1120003989,읍천리382 신림점,커피,라떼,초코라떼,1,0,0,1,,0,
1120003989,읍천리382 신림점,음료,보틀,1리터 보틀,1,1,0,0,,0,
1120003989,읍천리382 신림점,푸드,샌드위치,새우샌드위치,1,1,0,0,,0,
1120003989,읍천리382 신림점,베이커리,와플,앙버터와플,1,1,0,0,,0,
1120003989,읍천리382 신림점,푸드,과일,딸기,1,1,0,0,,0,
1120003989,읍천리382 신림점,음료,주스,망고주스,1,1,0,0,,0,
1120003989,읍천리382 신림점,음료,음료,망고스무디,1,1,0,0,,0,
1120003989,읍천리382 신림점,베이커리,와플,누텔라 와플,1,1,0,0,겉은 바삭하고 안은 촉촉하다,0,
1120003989,읍천리382 신림점,푸드,샌드위치,불고기샌드위치,1,1,0,0,맛있다,0,
1120003989,읍천리382 신림점,푸드,푸드,와플피자,1,1,0,0,맛있다,0,
1120003989,읍천리382 신림점,음료,음료,미숫가루스무디,1,1,0,0,맛있다,0,
1120003989,읍천리382 신림점,푸드,과일,채소,1,1,0,0,신선하다,0,
1120003989,읍천리382 신림점,커피,라떼,카페라떼,1,0,0,1,,0,
1120003989,읍천리382 신림점,음료,에이드,자두에이드,1,0,0,1,,0,
1120003989,읍천리382 신림점,커피,라떼,참외밭라떼,1,1,0,0,맛있다,0,
1120003989,읍천리382 신림점,커피,라떼,고구마라떼,1,1,0,0,맛있다,0,
1120003989,읍천리382 신림점,푸드,토스트,토스트,1,1,0,0,,0,
1120003989,읍천리382 신림점,커피,라떼,마라떼,1,1,0,0,,0,
1120003989,읍천리382 신림점,음료,스무디,스무디,1,1,0,0,맛있다,0,
1120003989,읍천리382 신림점,커피,라떼,과일밭라떼,1,1,0,0,맛있다,0,
1120003989,읍천리382 신림점,베이커리,빵,밤빵,1,1,0,0,맛있다,0,
1120003989,읍천리382 신림점,푸드,샌드위치,게살샌드위치,1,1,0,0,신선하다,0,
1120003989,읍천리382 신림점,음료,음료,아이스팩가방,1,1,0,0,,0,
1120003989,읍천리382 신림점,푸드,과일,채소류,1,1,0,0,,0,
1120003989,읍천리382 신림점,푸드,간식,병아리콩,1,1,0,0,,0,
1120003989,읍천리382 신림점,음료,과일,과일류,1,1,0,0,,0,
1120003989,읍천리382 신림점,푸드,간식,샌드위치 야채,1,1,0,0,신선하다,0,
1120003989,읍천리382 신림점,커피,라떼,콜드브루라떼,1,1,0,0,맛있다,0,
1120003989,읍천리382 신림점,음료,음료,단 음료,1,0,0,1,,0,
1120003989,읍천리382 신림점,음료,음료,1리터음료,1,1,0,0,가성비가 좋다,0,
1120003989,읍천리382 신림점,음료,음료,바나나스무디,1,1,0,0,시원하다,0,
1120003989,읍천리382 신림점,푸드,샌드위치,붉닭샌드위치,1,1,0,0,매콤달달하다,0,
1120003989,읍천리382 신림점,베이커리,와플,사과잼와플,1,1,0,0,바삭바삭하다,0,
1120003989,읍천리382 신림점,음료,주스,토마토주스,1,1,0,0,맛있다,0,
1120003989,읍천리382 신림점,음료,주스,사과주스,1,1,0,0,맛있다,0,
1120003989,읍천리382 신림점,푸드,파스타,샐러드파스타,1,0,0,1,,0,
1120003989,읍천리382 신림점,푸드,샌드위치,불고기 샌드위치,1,0,0,1,,0,
1120003989,읍천리382 신림점,커피,라떼,망고라떼,1,1,0,0,진하다,0,
1120003989,읍천리382 신림점,음료,음료,딸기요거트,1,1,0,0,맛있다,0,
1120003989,읍천리382 신림점,푸드,간식,새우,1,1,0,0,맛있다,0,
1132660068,데이지 커피,커피,라떼,바닐라빈라떼,2,2,0,0,맛있다,6.3352,
1132660068,데이지 커피,베이커리,스콘,스콘,3,2,0,1,맛있다,4.405,
1132660068,데이지 커피,커피,라떼,바닐라라떼,5,3,0,2,맛이 무난하다,3.127,
1132660068,데이지 커피,커피,커피,원두,2,2,0,0,마음에 들다,3.0669,
1132660068,데이지 커피,커피,라떼,라떼,2,2,0,0,맛있다,1.2638,
1132660068,데이지 커피,커피,아메리카노,아메리카노,2,1,0,1,맛있다,0,
1132660068,데이지 커피,디저트,케이크,초콜릿케이크,1,1,0,0,맛있다,0,
1132660068,데이지 커피,베이커리,빵,크로와상,1,1,0,0,맛있다,0,
1132660068,데이지 커피,디저트,빙수,딸기빙수,1,1,0,0,맛있다,0,
1132660068,데이지 커피,베이커리,빵,단팥빵,1,1,0,0,맛있다,0,
1132660068,데이지 커피,푸드,소스,라즈베리잼,1,1,0,0,맛있다,0,
1132660068,데이지 커피,음료,스무디,백향과요거트스무디,1,1,0,0,맛있다,0,
1132660068,데이지 커피,베이커리,타르트,에그타르트,1,1,0,0,부드럽고 고소하다,0,
1132660068,데이지 커피,디저트,간식,수제 디저트,1,1,0,0,맛있다,0,
1132660068,데이지 커피,커피,라떼,딸기라떼,1,1,0,0,맛있다,0,
1132660068,데이지 커피,커피,커피,아인슈페너,1,1,0,0,부드럽고 목넘김이 좋다,0,
1132660068,데이지 커피,음료,음료,바닐라빈,1,1,0,0,직접 만든다,0,
1132660068,데이지 커피,푸드,소스,잼,1,1,0,0,,0,
1132660068,데이지 커피,음료,티,수제차,1,1,0,0,종류가 많다,0,
1132660068,데이지 커피,커피,라떼,흑임자 아이스라떼,1,1,0,0,고소하다,0,
1132660068,데이지 커피,음료,음료,오트밀크,1,1,0,0,,0,
1132660068,데이지 커피,커피,커피,아인슈패너,1,1,0,0,맛있다,0,
1132660068,데이지 커피,커피,아메리카노,아이스아메리카노,1,0,0,1,,0,
1132660068,데이지 커피,음료,음료,수제 바닐라빈,1,0,0,1,,0,
1144559476,카페느티나무 동원관점,베이커리,와플,와플,2,2,0,0,맛있다,4.1379,
1144559476,카페느티나무 동원관점,푸드,간식,샌드위치 채소,1,1,0,0,신선하다,0,
1144927419,구동커피,푸드,샐러드,샐러드,14,12,1,1,맛있다,31.3404,
1144927419,구동커피,푸드,샌드위치,샌드위치,12,10,0,2,맛있다,16.0944,
1144927419,구동커피,푸드,간식,과카몰리,3,3,0,0,맛있다,15.7411,
1144927419,구동커피,푸드,간식,루꼴라,3,3,0,0,많이 들어있다,13.6616,
1144927419,구동커피,푸드,푸드,재료,4,4,0,0,신선하고 퀄리티가 좋다,13.2045,
1144927419,구동커피,푸드,간식,리코타,2,2,0,0,양이 많다,10.494,
1144927419,구동커피,베이커리,빵,아보카도 베이글,2,2,0,0,맛있다,10.494,
1144927419,구동커피,푸드,간식,생과일 요거트 그래놀라,2,2,0,0,맛있다,10.494,
1144927419,구동커피,베이커리,빵,곡물빵,2,2,0,0,내용물이 실하다,9.1078,
1144927419,구동커피,음료,티,청귤차,2,2,0,0,상큼하고 시원하다,7.7215,
1144927419,구동커피,음료,과일,과일,2,2,0,0,다양하다,6.6022,
1144927419,구동커피,푸드,간식,치즈,2,2,0,0,듬뿍 준다,5.5242,
1144927419,구동커피,베이커리,빵,베이글,2,2,0,0,맛있다,4.8276,
1144927419,구동커피,커피,아메리카노,아메리카노,2,2,0,0,맛있다,0.8535,
1144927419,구동커피,푸드,간식,모닝세트,2,1,0,1,맛있다,0,
1144927419,구동커피,푸드,샐러드,리코타샐러드,2,1,0,1,맛있다,0,
1144927419,구동커피,푸드,샌드위치,크로와상 샌드위치,2,0,0,2,,0,
1144927419,구동커피,커피,커피,구동커피,2,1,1,0,맛있다,0,
1144927419,구동커피,푸드,샌드위치,스페셜샌드위치,2,1,0,1,맛있다,0,
1144927419,구동커피,푸드,간식,계란후라이,1,1,0,0,두툼하게 들어있다,0,
1144927419,구동커피,푸드,샐러드,닭가슴살 샐러드,1,0,0,1,,0,
1144927419,구동커피,푸드,소스,페스토,1,0,0,1,,0,
1144927419,구동커피,푸드,토스트,토스트,1,1,0,0,맛있다,0,
1144927419,구동커피,음료,주스,사과 케일 주스,1,1,0,0,맛있다,0,
1144927419,구동커피,음료,음료,무기질,1,1,0,0,,0,
1144927419,구동커피,푸드,과일,토마토,1,1,0,0,,0,
1144927419,구동커피,음료,주스,딸기바나나주스,1,1,0,0,추천하다,0,
1144927419,구동커피,디저트,간식,르뱅쿠키,1,1,0,0,맛있다,0,
1144927419,구동커피,음료,주스,토마토주스,1,1,0,0,생과일 같다,0,
1144927419,구동커피,푸드,과일,야채,1,1,0,0,,0,
1144927419,구동커피,음료,주스,수박주스,1,1,0,0,자연스럽게 달고 시원하다,0,
1144927419,구동커피,음료,과일,수박,1,1,0,0,,0,
1144927419,구동커피,푸드,간식,리코타 치즈,1,1,0,0,,0,
1144927419,구동커피,푸드,소스,페스토 소스,1,1,0,0,,0,
1144927419,구동커피,푸드,소스,무화과 잼,1,1,0,0,,0,
1144927419,구동커피,푸드,푸드,점심메뉴,1,1,0,0,오기에 좋다,0,
1144927419,구동커피,푸드,간식,건강식,1,1,0,0,구성이 좋다,0,
1144927419,구동커피,푸드,샐러드,콥샐러드,1,1,0,0,맛있다,0,
1144927419,구동커피,푸드,과일,양상추,1,1,0,0,조합이 좋다,0,
1144927419,구동커피,음료,주스,크렌베리,1,1,0,0,,0,
1144927419,구동커피,푸드,푸드,점심 메뉴,1,0,0,1,,0,
1144927419,구동커피,베이커리,빵,페스토 리코타 베이글,1,1,0,0,맛있다,0,
1144927419,구동커피,푸드,푸드,점심,1,0,0,1,,0,
1144927419,구동커피,푸드,간식,그래놀라,1,1,0,0,맛있다,0,
1144927419,구동커피,베이커리,휘낭시에,휘낭시에,1,0,0,1,,0,
1144927419,구동커피,푸드,간식,오이지,1,1,0,0,새콤하다,0,
1144927419,구동커피,베이커리,휘낭시에,무화과 휘낭시에,1,1,0,0,맛있다,0,
1144927419,구동커피,베이커리,빵,크로아상,1,1,0,0,맛있다,0,
1144927419,구동커피,디저트,간식,쿠키,1,1,0,0,맛있다,0,
1144927419,구동커피,디저트,머랭,머랭쿠키,1,1,0,0,맛있다,0,
1144927419,구동커피,푸드,간식,리코타치즈,1,1,0,0,맛있다,0,
1144927419,구동커피,푸드,간식,닭가슴살,1,0,0,1,,0,
1144927419,구동커피,푸드,샌드위치,감자샌드위치,1,1,0,0,맛있다,0,
1144927419,구동커피,음료,티,레몬생강차,1,1,0,0,맛있다,0,
1144927419,구동커피,푸드,샌드위치,크로와상샌드위치,1,1,0,0,맛있다,0,
1144927419,구동커피,푸드,샐러드,리코타 샐러드,1,1,0,0,가성비가 좋다,0,
1144927419,구동커피,푸드,소스,치즈소스,1,1,0,0,느끼하지 않고 산미가 적다,0,
1144927419,구동커피,푸드,소스,발사믹,1,1,0,0,단맛이 강하다,0,
1144927419,구동커피,푸드,샌드위치,크로아상샌드위치,1,1,0,0,,0,
1144927419,구동커피,디저트,간식,요거트,1,1,0,0,맛있다,0,
1144927419,구동커피,푸드,샌드위치,바질닭가슴샌드위치,1,1,0,0,맛있다,0,
1144927419,구동커피,디저트,마카롱,마카롱,1,1,0,0,맛있다,0,
1144927419,구동커피,푸드,푸드,잡곡,1,1,0,0,중독성 있다,0,
1144927419,구동커피,베이커리,빵,크루아상,1,1,0,0,맛있다,0,
1144927419,구동커피,베이커리,빵,잡곡빵,1,1,0,0,맛있다,0,
1144927419,구동커피,푸드,샐러드,리코타치즈샐러드,1,1,0,0,맛있다,0,
1144927419,구동커피,푸드,간식,토핑,1,1,0,0,풍성하다,0,
1144927419,구동커피,음료,음료,밀크쉐이크,1,1,0,0,맛있다,0,
1144927419,구동커피,디저트,간식,스모어쿠키,1,1,0,0,맛있다,0,
1144927419,구동커피,음료,스무디,스무디,1,1,0,0,맛있다,0,
1144927419,구동커피,디저트,머랭,머랭프레즐,1,0,0,1,,0,
1144927419,구동커피,커피,라떼,라떼,1,1,0,0,맛있다,0,
1144927419,구동커피,푸드,샐러드,리코타샐러드 치즈,1,1,0,0,고소하다,0,
1187532959,더벤티 서울대점,푸드,샌드위치,샌드위치,1,1,0,0,가격대비 괜찮다,0,
1187532959,더벤티 서울대점,커피,프라푸치노,코코넛커피 프라페,1,0,0,1,,0,
1187532959,더벤티 서울대점,음료,주스,수박주스,1,0,1,0,달다,0,
1193669288,이디야,디저트,간식,헤이즐넛 젤라또,2,2,0,0,맛있다,10.494,
1193669288,이디야,디저트,빙수,초당옥수수빙수,2,2,0,0,맛있다,10.494,
1193669288,이디야,음료,음료,살얼음홍시동동수정과,2,2,0,0,맛있다,10.494,
1193669288,이디야,푸드,과일,홍시,2,2,0,0,,10.494,
1193669288,이디야,음료,과일,대추,2,2,0,0,,10.494,
1193669288,이디야,디저트,간식,초코감자쿠키,2,2,0,0,가성비가 괜찮다,10.494,
1193669288,이디야,푸드,간식,주전부리,2,2,0,0,많이 팔아서 좋다,9.1078,
1193669288,이디야,디저트,케이크,고구마 케이크,2,2,0,0,맛있다,8.2968,
1193669288,이디야,음료,티,자몽티,2,2,0,0,적당히 씁쓸하고 달다,7.7215,
1193669288,이디야,디저트,케이크,케잌,2,2,0,0,맛있다,6.0996,
1193669288,이디야,커피,라떼,카페모카,2,2,0,0,맛있다,5.8889,
1193669288,이디야,푸드,샌드위치,샌드위치,2,2,0,0,맛있다,3.2189,
1193669288,이디야,커피,라떼,딸기라떼,2,2,0,0,맛있다,2.9716,
1193669288,이디야,커피,아메리카노,아이스아메리카노,2,2,0,0,맛있다,1.3241,
1193669288,이디야,음료,주스,수박주스,4,0,4,0,,0,Y
1193669288,이디야,커피,라떼,라떼,3,0,1,2,양이 적다,0,
1197052576,카페토리,음료,티,복숭아블랙티,2,2,0,0,맛있다,10.494,
1197052576,카페토리,푸드,과일,야채,2,2,0,0,신선하다,6.6022,
1197052576,카페토리,커피,라떼,단호박라떼,1,1,0,0,건강에 좋다,0,
1197052576,카페토리,음료,음료,대추차,1,1,0,0,건강에 좋다,0,
1197052576,카페토리,커피,라떼,생강라떼,1,1,0,0,건강에 좋다,0,
1197052576,카페토리,푸드,간식,오방떡,1,1,0,0,맛있다,0,
1197052576,카페토리,음료,과일,유자맛,1,1,0,0,새콤하고 부담스럽지 않다,0,
1197052576,카페토리,커피,라떼,오곡라떼,1,1,0,0,달달하고 고소하다,0,
1197052576,카페토리,음료,에이드,오미자에이드,1,1,0,0,상큼하다,0,
1197052576,카페토리,푸드,샐러드,파스타 샐러드,1,1,0,0,상큼하고 감칠맛이 있다,0,
1197052576,카페토리,커피,아메리카노,아이스아메리카노,1,0,0,1,,0,
1197052576,카페토리,푸드,소스,바질소스,1,1,0,0,상큼하고 감칠맛이 있다,0,
1197052576,카페토리,푸드,간식,베이크드빈스,1,1,0,0,,0,
1197052576,카페토리,푸드,샐러드,페타치즈감자샐러드,1,1,0,0,신선하고 맛의 밸런스가 좋다,0,
1197052576,카페토리,푸드,푸드,재료,1,1,0,0,맛의 밸런스가 좋다,0,
1197052576,카페토리,푸드,소스,소스,1,1,0,0,맛의 밸런스가 좋다,0,
1197052576,카페토리,음료,주스,수박주스,1,1,0,0,맛있다,0,
1197052576,카페토리,디저트,빙수,유자사베트,1,1,0,0,상큼하고 시원하다,0,
1197052576,카페토리,베이커리,휘낭시에,피낭시에,1,1,0,0,뻑뻑하지 않고 달달하다,0,
1197052576,카페토리,음료,티,로즈차,1,1,0,0,은은한 향이 있다,0,
1197052576,카페토리,음료,티,장미향,1,1,0,0,향이 좋다,0,
1197052576,카페토리,디저트,간식,노란 사과젤리,1,1,0,0,맛있다,0,
1197052576,카페토리,음료,음료,로즈허브향,1,1,0,0,은은하다,0,
1197052576,카페토리,음료,밀크커피,수제밀크티,1,1,0,0,맛있다,0,
1197052576,카페토리,커피,라떼,생 딸기라떼,1,0,0,1,,0,
1197052576,카페토리,음료,음료,토리,1,1,0,0,,0,
1197052576,카페토리,음료,에이드,청귤에이드,1,1,0,0,,0,
1197052576,카페토리,음료,음료,딸기요거트 스무디,1,0,0,1,,0,
1197052576,카페토리,음료,티,오미자차,1,0,0,1,,0,
1197052576,카페토리,음료,주스,애플쥬스,1,0,0,1,,0,
1197052576,카페토리,푸드,파니니,파니니,1,1,0,0,맛이 좋다,0,
1197052576,카페토리,푸드,샌드위치,토마토파니니,1,1,0,0,맛있다,0,
1197052576,카페토리,음료,티,애플시나몬티,1,1,0,0,특별하고 맛있다,0,
1197052576,카페토리,음료,티,홍차,1,0,0,1,,0,
1197052576,카페토리,커피,아메리카노,아메리카노,1,0,0,1,,0,
1197052576,카페토리,베이커리,스콘,스콘,1,1,0,0,맛있다,0,
1197052576,카페토리,푸드,소스,얼그레이잼,1,1,0,0,맛있다,0,
1197052576,카페토리,커피,라떼,딸기라떼,1,0,0,1,,0,
1197052576,카페토리,디저트,케이크,당근케잌,1,1,0,0,저렴하다,0,
1197052576,카페토리,커피,라떼,아이스라떼,1,0,0,1,,0,
1201828532,별의별카페,푸드,간식,팝콘,2,1,0,1,맛있다,0,
1201828532,별의별카페,커피,아메리카노,아메리카노,1,1,0,0,고소하고 맛있다,0,
1201828532,별의별카페,커피,커피,원두,1,1,0,0,고소하고 맛있다,0,
1201828532,별의별카페,커피,라떼,말차크림라떼,1,1,0,0,부드럽고 맛있다,0,
1201828532,별의별카페,커피,라떼,코코넛라떼,1,1,0,0,부드럽고 맛있다,0,
1201828532,별의별카페,디저트,간식,브라우니,1,0,0,1,,0,
1201828532,별의별카페,커피,라떼,시그니처 별의별라떼,1,0,0,1,,0,
1201828532,별의별카페,커피,라떼,바닐라라떼,1,0,0,1,,0,
1201828532,별의별카페,음료,에이드,체리에이드,1,0,0,1,,0,
12066484,어반커피,커피,라떼,푸딩크림라떼,9,7,1,1,맛있다,31.4821,
12066484,어반커피,베이커리,크로플,크로플,9,7,1,1,맛있다,11.4889,
12066484,어반커피,커피,라떼,아이스푸딩크림라떼,2,2,0,0,맛있다,10.494,
12066484,어반커피,커피,라떼,말차푸딩라떼,2,2,0,0,예술이다,10.494,
12066484,어반커피,커피,라떼,푸딩라떼,4,2,1,1,맛있다,4.5539,
12066484,어반커피,디저트,간식,말렌카,3,2,1,0,약하다,4.1484,
12066484,어반커피,커피,라떼,라떼,4,3,0,1,달달하다,1.8957,
12066484,어반커피,커피,아메리카노,아메리카노,5,3,1,1,맛있다,0.8535,
12066484,어반커피,음료,음료,말차,2,1,1,0,말차 맛이 약하다,0,
12066484,어반커피,베이커리,빵,허니브레드,2,1,1,0,만드는 과정이 미숙하다,0,
12066484,어반커피,디저트,케이크,케이크,2,1,1,0,달다,0,
12066484,어반커피,커피,아메리카노,아이스아메리카노,2,1,0,1,,0,
12066484,어반커피,커피,라떼,말차라떼,2,1,0,1,,0,
12066484,어반커피,베이커리,와플,와플,2,1,1,0,맛이 그냥 그렇다,0,
12066484,어반커피,커피,프라푸치노,쿠키 프라페,1,1,0,0,맛있다,0,
12066484,어반커피,음료,티,체리블라썸,1,0,0,1,,0,
12066484,어반커피,음료,주스,수박주스,1,0,0,1,,0,
12066484,어반커피,디저트,케이크,케잌,1,1,0,0,맛있다,0,
12066484,어반커피,커피,라떼,크림라떼,1,1,0,0,맛있다,0,
12066484,어반커피,디저트,간식,오예스,1,0,1,0,맛없다,0,
12066484,어반커피,베이커리,빵,소금빵,1,0,1,0,딱딱하다,0,
12066484,어반커피,베이커리,크로플,푸딩크림크로플,1,1,0,0,맛있다,0,
12066484,어반커피,음료,에이드,레몬에이드,1,1,0,0,맛있다,0,
12066484,어반커피,커피,커피,아인슈페너,1,0,0,1,,0,
12066484,어반커피,음료,스무디,플레인스무디,1,1,0,0,달콤하고 새콤하다,0,
12066484,어반커피,커피,라떼,아이스푸딩라떼,1,1,0,0,달고 맛있다,0,
12066484,어반커피,디저트,간식,말렌칸,1,1,0,0,맛있다,0,
12066484,어반커피,음료,음료,오레오쿠키쉐이크,1,1,0,0,달콤하다,0,
12066484,어반커피,음료,음료,말렌카 코코아,1,1,0,0,맛있다,0,
12066484,어반커피,커피,라떼,돌체라떼,1,0,1,0,덜 달다,0,
12066484,어반커피,음료,음료,바닐라쉐이크,1,0,0,1,,0,
12066484,어반커피,커피,에스프레소,아포카토,1,1,0,0,맛있다,0,
12066484,어반커피,디저트,간식,말렌카월넛,1,1,0,0,달지 않고 쫀득하고 촉촉하다,0,
12066484,어반커피,음료,에이드,자두에이드,1,1,0,0,,0,
12066484,어반커피,음료,티,루이보스티,1,1,0,0,,0,
12066484,어반커피,음료,티,아이스티,1,0,1,0,,0,
12066484,어반커피,커피,커피,콜드브루,1,0,1,0,,0,
12066484,어반커피,음료,티,보리차,1,0,1,0,,0,
12066484,어반커피,베이커리,와플,하겐다즈 와플,1,1,0,0,맛있다,0,
12066484,어반커피,음료,음료,로투스쉐이크,1,1,0,0,꾸덕하다,0,
12066484,어반커피,디저트,간식,아이스크림,1,1,0,0,맛있다,0,
12066484,어반커피,커피,라떼,바닐라라떼,1,0,1,0,,0,
12066484,어반커피,푸드,과일,딸기,1,0,1,0,,0,
12066484,어반커피,디저트,간식,녹차 아이스크림,1,1,0,0,맛있다,0,
12066484,어반커피,음료,음료,바닐라크림,1,1,0,0,맛있다,0,
1207357437,데니스커피 신림점,커피,커피,콜드브루,2,2,0,0,맛있다,5.3641,
1207357437,데니스커피 신림점,음료,주스,수박주스,2,2,0,0,천연의 맛이다,3.4413,
1207357437,데니스커피 신림점,커피,아메리카노,아메리카노,1,1,0,0,정이 있다,0,
1207357437,데니스커피 신림점,음료,티,쌍화차,1,1,0,0,맛있다,0,
1207357437,데니스커피 신림점,음료,주스,토마토주스,1,1,0,0,달지 않다,0,
1207357437,데니스커피 신림점,음료,에이드,에이드청포도,1,0,0,1,,0,
1207357437,데니스커피 신림점,푸드,과일,포도 알갱이,1,0,0,1,,0,
1208615576,플러스82 관악남부점,베이커리,빵,미니붕어빵,1,1,0,0,,0,
1208615576,플러스82 관악남부점,베이커리,빵,페퍼로니 계란빵,1,1,0,0,,0,
1212964012,김빙수,디저트,빙수,오리지널 팥빙수,2,1,1,0,맛있다,0,
1212964012,김빙수,디저트,빙수,빙수,1,1,0,0,양이 많다,0,
1212964012,김빙수,디저트,얼음,우유얼음,1,1,0,0,부드럽다,0,
1212964012,김빙수,푸드,간식,견과류,1,1,0,0,넉넉하다,0,
1212964012,김빙수,디저트,간식,떡 토핑,1,1,0,0,넉넉하다,0,
1212964012,김빙수,푸드,간식,토핑,1,1,0,0,,0,
1212964012,김빙수,푸드,간식,팥,1,0,1,0,재료가 부족하다,0,
1212964012,김빙수,음료,음료,콩고물,1,0,1,0,재료가 부족하다,0,
1212964012,김빙수,푸드,간식,콘프레이크,1,0,1,0,재료가 부족하다,0,
1212964012,김빙수,디저트,빙수,오리지널 옛날빙수,1,1,0,0,맛있다,0,
1214692158,매머드익스프레스 신림역점,커피,라떼,꿀라떼,6,5,0,1,맛있다,22.7694,
1214692158,매머드익스프레스 신림역점,커피,커피,매머드커피,3,3,0,0,맛있다,13.6616,
1214692158,매머드익스프레스 신림역점,베이커리,빵,매머드,5,3,1,1,맛있다,10.494,
1214692158,매머드익스프레스 신림역점,음료,음료,우유,2,2,0,0,종류가 많다,5.8889,
1214692158,매머드익스프레스 신림역점,커피,아메리카노,아이스아메리카노,7,4,0,3,가성비가 좋다,2.6482,
1214692158,매머드익스프레스 신림역점,커피,아메리카노,아메리카노,8,6,0,2,저렴하다,2.5605,
1214692158,매머드익스프레스 신림역점,커피,샷,숏사이즈,2,1,0,1,,0,
1214692158,매머드익스프레스 신림역점,커피,라떼,라떼,2,1,1,0,,0,
1214692158,매머드익스프레스 신림역점,커피,커피,디카페인,2,1,0,1,강하지 않다,0,
1214692158,매머드익스프레스 신림역점,커피,라떼,딸기라떼,2,1,0,1,,0,
1214692158,매머드익스프레스 신림역점,커피,샷,2샷,1,1,0,0,,0,
1214692158,매머드익스프레스 신림역점,푸드,간식,쉬림프,1,0,0,1,,0,
1214692158,매머드익스프레스 신림역점,푸드,간식,에그마요,1,0,0,1,,0,
1214692158,매머드익스프레스 신림역점,디저트,케이크,치즈스틱케이크쿠키앤크림맛,1,1,0,0,맛있다,0,
1214692158,매머드익스프레스 신림역점,음료,음료,커스터드 푸딩 쉐이크,1,1,0,0,맛있다,0,
1214692158,매머드익스프레스 신림역점,커피,샷,샷추가,1,0,0,1,,0,
1214692158,매머드익스프레스 신림역점,커피,커피,매머드커피 베트남 연유 커피,1,1,0,0,맛있다,0,
1214692158,매머드익스프레스 신림역점,커피,샷,숏 사이즈,1,1,0,0,,0,
1214692158,매머드익스프레스 신림역점,커피,아메리카노,디카페인 아메리카노 시럽 추가,1,0,0,1,,0,
1214692158,매머드익스프레스 신림역점,음료,음료,스몰 사이즈,1,1,0,0,,0,
1214692158,매머드익스프레스 신림역점,커피,라떼,라떼 우유,1,0,1,0,미지근하다,0,
1214692158,매머드익스프레스 신림역점,음료,밀크커피,로얄밀크티 아이스,1,1,0,0,,0,
1214692158,매머드익스프레스 신림역점,음료,티,청귤차,1,0,1,0,맛이 없다,0,
1214692158,매머드익스프레스 신림역점,커피,라떼,녹차라떼,1,0,1,0,맛없다,0,
1214692158,매머드익스프레스 신림역점,디저트,간식,바나나쿠키,1,1,0,0,맛있다,0,
1214692158,매머드익스프레스 신림역점,디저트,간식,초코쿠키,1,1,0,0,맛있다,0,
1214692158,매머드익스프레스 신림역점,커피,라떼,연유라떼,1,1,0,0,맛있다,0,
1214692158,매머드익스프레스 신림역점,음료,음료,아이스샤인머스캣청,1,1,0,0,맛있다,0,
1214692158,매머드익스프레스 신림역점,음료,에이드,청포도 에이드,1,0,1,0,맛없다,0,
1214692158,매머드익스프레스 신림역점,음료,에이드,청포도에이드,1,1,0,0,가볍게 포장해서 먹기 좋다,0,
1214692158,매머드익스프레스 신림역점,커피,라떼,디카페인 카페라떼,1,1,0,0,맛있다,0,
1214692158,매머드익스프레스 신림역점,음료,음료,우유옵션,1,1,0,0,많다,0,
1214692158,매머드익스프레스 신림역점,커피,라떼,아몬드아떼,1,1,0,0,,0,
1214692158,매머드익스프레스 신림역점,음료,음료,우유추가,1,0,0,1,,0,
1214692158,매머드익스프레스 신림역점,커피,아메리카노,매머드커피아이스아메리카노,1,1,0,0,,0,
1214692158,매머드익스프레스 신림역점,음료,음료,텀블러,1,1,0,0,,0,
1214692158,매머드익스프레스 신림역점,커피,라떼,아이스라떼,1,1,0,0,맛있다,0,
1214692158,매머드익스프레스 신림역점,음료,에이드,메머드에이드,1,1,0,0,양이 많다,0,
1214692158,매머드익스프레스 신림역점,음료,에이드,매머드에이드,1,0,0,1,,0,
1217995767,투썸플레이스 신림녹두거리점,음료,음료,아이스박스,3,3,0,0,좋다,15.7411,
1217995767,투썸플레이스 신림녹두거리점,디저트,케이크,케이크,19,13,3,3,맛있다,12.7673,
1217995767,투썸플레이스 신림녹두거리점,디저트,빙수,오리지널 팥빙수,2,2,0,0,시원하고 맛있다,9.1078,
1217995767,투썸플레이스 신림녹두거리점,디저트,케이크,케잌,2,2,0,0,맛있다,6.0996,
1217995767,투썸플레이스 신림녹두거리점,커피,아메리카노,아메리카노,2,0,0,2,,0,
1217995767,투썸플레이스 신림녹두거리점,디저트,케이크,티라미수,2,1,0,1,맛있다,0,
1217995767,투썸플레이스 신림녹두거리점,디저트,치즈케이크,치즈케이크,2,1,0,1,맛있다,0,
1217995767,투썸플레이스 신림녹두거리점,음료,음료,윈터뱅쇼,2,0,0,2,,0,
1217995767,투썸플레이스 신림녹두거리점,푸드,과일,딸기,2,1,0,1,달다,0,
1217995767,투썸플레이스 신림녹두거리점,디저트,케이크,생일케익,2,0,0,2,,0,
1217995767,투썸플레이스 신림녹두거리점,음료,음료,로얄밀크티쉐이크,2,1,0,1,,0,
1217995767,투썸플레이스 신림녹두거리점,디저트,케이크,케익,2,1,0,1,맛있다,0,
1217995767,투썸플레이스 신림녹두거리점,디저트,간식,아이스크림,2,0,2,0,맛없다,0,Y
1217995767,투썸플레이스 신림녹두거리점,푸드,간식,견과류,1,1,0,0,맛있다,0,
1217995767,투썸플레이스 신림녹두거리점,푸드,샌드위치,에그샌드위치,1,0,1,0,맛이 없다,0,
1217995767,투썸플레이스 신림녹두거리점,커피,라떼,말차크림라떼,1,0,1,0,신뢰할 수 없다,0,
1217995767,투썸플레이스 신림녹두거리점,음료,주스,수박쥬스,1,1,0,0,달다,0,
1217995767,투썸플레이스 신림녹두거리점,디저트,케이크,조각케이크,1,0,0,1,,0,
1217995767,투썸플레이스 신림녹두거리점,커피,커피,디카페인 콜드브루,1,0,0,1,,0,
1217995767,투썸플레이스 신림녹두거리점,디저트,케이크,귤케이크,1,0,0,1,,0,
1217995767,투썸플레이스 신림녹두거리점,커피,라떼,헤이즐넛라떼,1,1,0,0,맛있다,0,
1217995767,투썸플레이스 신림녹두거리점,푸드,샌드위치,샌드위치,1,0,0,1,,0,
1217995767,투썸플레이스 신림녹두거리점,커피,라떼,카페라떼,1,1,0,0,맛있다,0,
1217995767,투썸플레이스 신림녹두거리점,푸드,간식,스초생,1,0,0,1,,0,
1217995767,투썸플레이스 신림녹두거리점,베이커리,빵,소금프레첼 베이글,1,0,1,0,짜다,0,
1217995767,투썸플레이스 신림녹두거리점,디저트,간식,떠먹는베리초콜릿생크림,1,1,0,0,크기가 적당하다,0,
1217995767,투썸플레이스 신림녹두거리점,커피,라떼,라떼,1,1,0,0,맛있다,0,
1217995767,투썸플레이스 신림녹두거리점,디저트,간식,베리생크림,1,0,1,0,,0,
1217995767,투썸플레이스 신림녹두거리점,디저트,케이크,레드벨벳,1,0,1,0,,0,
1217995767,투썸플레이스 신림녹두거리점,디저트,케이크,로투스 케이크,1,1,0,0,맛있다,0,
1217995767,투썸플레이스 신림녹두거리점,푸드,푸드,크로크무슈,1,1,0,0,앙증맞다,0,
1217995767,투썸플레이스 신림녹두거리점,음료,스무디,빈대떡쉐이크,1,1,0,0,,0,
1217995767,투썸플레이스 신림녹두거리점,음료,주스,애플망고주스,1,1,0,0,맛있다,0,
1217995767,투썸플레이스 신림녹두거리점,음료,프라푸치노,스트로베리피치프라페,1,1,0,0,맛있다,0,
1217995767,투썸플레이스 신림녹두거리점,디저트,케이크,딸기생크림 케이크,1,0,0,1,,0,
1217995767,투썸플레이스 신림녹두거리점,디저트,간식,아이스크림류,1,1,0,0,맛있다,0,
1217995767,투썸플레이스 신림녹두거리점,디저트,케이크,조각케익,1,0,0,1,,0,
1217995767,투썸플레이스 신림녹두거리점,커피,프라푸치노,요거트 프라페,1,1,0,0,맛있다,0,
1217995767,투썸플레이스 신림녹두거리점,음료,음료,로얄 밀크티 쉐이크,1,0,0,1,,0,
1217995767,투썸플레이스 신림녹두거리점,술,술,뱅쇼,1,1,0,0,좋다,0,
1217995767,투썸플레이스 신림녹두거리점,디저트,케이크,초콜릿생크림케이크,1,1,0,0,좋다,0,
1217995767,투썸플레이스 신림녹두거리점,음료,티,임페리얼우롱티,1,0,0,1,,0,
1217995767,투썸플레이스 신림녹두거리점,디저트,빙수,빙수,1,1,0,0,맛있다,0,
1217995767,투썸플레이스 신림녹두거리점,커피,프라푸치노,민트프라푸치노,1,1,0,0,,0,
1217995767,투썸플레이스 신림녹두거리점,커피,프라푸치노,민트초코프라페,1,1,0,0,맛있다,0,
1217995767,투썸플레이스 신림녹두거리점,디저트,케이크,마스카포네 케익,1,0,1,0,,0,
1217995767,투썸플레이스 신림녹두거리점,커피,라떼,바닐라라떼,1,1,0,0,달다,0,
1217995767,투썸플레이스 신림녹두거리점,디저트,케이크,초콜릿 케이크,1,0,1,0,달다,0,
1217995767,투썸플레이스 신림녹두거리점,푸드,샌드위치,바베큐치킨파니니,1,0,1,0,짜다,0,
1217995767,투썸플레이스 신림녹두거리점,디저트,간식,스트로베리 초콜릿,1,1,0,0,맛있다,0,
1217995767,투썸플레이스 신림녹두거리점,커피,프라푸치노,망고프라페,1,1,0,0,맛있다,0,
1217995767,투썸플레이스 신림녹두거리점,음료,티,캐모마일 티,1,1,0,0,따뜻하고 맛있다,0,
1217995767,투썸플레이스 신림녹두거리점,커피,라떼,스트로베리라떼,1,1,0,0,맛있다,0,
1217995767,투썸플레이스 신림녹두거리점,커피,프라푸치노,딸기밀키웨이프라페,1,0,1,0,맛있지 않다,0,
1217995767,투썸플레이스 신림녹두거리점,커피,프라푸치노,프라페,1,0,1,0,,0,
1217995767,투썸플레이스 신림녹두거리점,디저트,케이크,투썸케이크,1,0,1,0,퍼석거리다,0,
1217995767,투썸플레이스 신림녹두거리점,디저트,케이크,레드벨벳 케이크,1,0,1,0,퍼석거리다,0,
1217995767,투썸플레이스 신림녹두거리점,음료,과일,오렌지 비앙코,1,0,0,1,,0,
1217995767,투썸플레이스 신림녹두거리점,음료,티,카모마일 티,1,1,0,0,향이 좋다,0,
1218777832,텐퍼센트커피 신림역점,커피,라떼,텐라떼,3,3,0,0,맛있다,15.7411,
1218777832,텐퍼센트커피 신림역점,커피,커피,원두,3,3,0,0,맛있다,4.6004,
1218777832,텐퍼센트커피 신림역점,커피,라떼,라떼,2,2,0,0,맛있다,1.2638,
1218777832,텐퍼센트커피 신림역점,커피,라떼,리얼초코라떼,1,1,0,0,맛있다,0,
1218777832,텐퍼센트커피 신림역점,베이커리,스콘,초코스콘,1,1,0,0,좋다,0,
1218777832,텐퍼센트커피 신림역점,커피,라떼,논산설향딸기라떼,1,1,0,0,맛있다,0,
1218777832,텐퍼센트커피 신림역점,커피,라떼,시그니처라떼,1,1,0,0,맛있다,0,
1218777832,텐퍼센트커피 신림역점,커피,프라푸치노,말차 치즈폼 프레치노,1,1,0,0,맛있다,0,
1218777832,텐퍼센트커피 신림역점,커피,아메리카노,다크 아메리카노,1,0,0,1,,0,
1218777832,텐퍼센트커피 신림역점,커피,라떼,바닐라빈라떼,1,0,0,1,,0,
1218777832,텐퍼센트커피 신림역점,커피,아메리카노,아메리카노,1,0,1,0,,0,
1218777832,텐퍼센트커피 신림역점,커피,라떼,돌체라떼콜드브루,1,0,1,0,,0,
1218777832,텐퍼센트커피 신림역점,푸드,푸드,오트변경,1,0,0,1,,0,
1218777832,텐퍼센트커피 신림역점,커피,라떼,초코라떼,1,0,1,0,맛이 연하다,0,
1218777832,텐퍼센트커피 신림역점,커피,아메리카노,아이스아메리카노,1,1,0,0,가격이 착하다,0,
1218777832,텐퍼센트커피 신림역점,커피,라떼,카페라떼,1,1,0,0,맛있다,0,
1218777832,텐퍼센트커피 신림역점,커피,라떼,곡물라떼,1,1,0,0,진하고 맛있다,0,
1218777832,텐퍼센트커피 신림역점,음료,음료,미숫가루,1,0,0,1,,0,
1218777832,텐퍼센트커피 신림역점,커피,라떼,바닐라라떼,1,1,0,0,달달하고 맛있다,0,
1218777832,텐퍼센트커피 신림역점,커피,라떼,텐라테,1,1,0,0,맛이 일품이다,0,
1218777832,텐퍼센트커피 신림역점,커피,라떼,말차라떼,1,1,0,0,진하고 맛있다,0,
1218777832,텐퍼센트커피 신림역점,음료,음료,말차,1,1,0,0,,0,
1218777832,텐퍼센트커피 신림역점,푸드,과일,딸기,1,1,0,0,,0,
1218777832,텐퍼센트커피 신림역점,커피,커피,아인슈패너,1,1,0,0,,0,
1220614748,후후라운지,디저트,케이크,당근 케이크,4,4,0,0,맛있고 건강한 맛이다,20.9881,
1220614748,후후라운지,디저트,케이크,초코 케이크,2,2,0,0,꾸덕하다,10.494,
1220614748,후후라운지,술,술,뱅쇼,5,4,1,0,맛있다,7.8239,
1220614748,후후라운지,디저트,빙수,컵빙수,2,2,0,0,맛있다,7.7215,
1220614748,후후라운지,디저트,케이크,티라미수,3,2,0,1,맛있다,5.0779,
1220614748,후후라운지,커피,라떼,바닐라라떼,2,2,0,0,운치있다,2.0847,
1220614748,후후라운지,디저트,케이크,케이크,4,2,1,1,맛있다,1.2767,
1220614748,후후라운지,디저트,케이크,말차케이크,2,1,0,1,맛있다,0,
1220614748,후후라운지,음료,티,쌍화탕,1,1,0,0,몸에 좋고 온기가 돈다,0,
1220614748,후후라운지,베이커리,빵,미니약과,1,1,0,0,,0,
1220614748,후후라운지,푸드,샌드위치,샌드위치,1,1,0,0,맛있다,0,
1220614748,후후라운지,디저트,간식,튀밥 아이스크림,1,1,0,0,,0,
1220614748,후후라운지,디저트,케이크,고구마 토르테 케이크,1,1,0,0,맛있다,0,
1220614748,후후라운지,커피,아메리카노,산미 아메리카노,1,1,0,0,맛이 좋다,0,
1220614748,후후라운지,음료,주스,수박쥬스,1,0,0,1,,0,
1220614748,후후라운지,음료,소스,수박시럽,1,0,1,0,,0,
1220614748,후후라운지,음료,주스,피치오렌지주스,1,0,0,1,,0,
1220614748,후후라운지,디저트,케이크,초코케이크,1,0,0,1,,0,
1220614748,후후라운지,디저트,치즈케이크,치즈케이크,1,0,0,1,,0,
1220614748,후후라운지,음료,음료,스파클링한라봉음료,1,1,0,0,,0,
1220614748,후후라운지,술,술,논알콜와인,1,0,0,1,,0,
1220614748,후후라운지,디저트,케이크,수제케익,1,1,0,0,,0,
1220614748,후후라운지,커피,라떼,카페라테,1,1,0,0,맛있다,0,
1220614748,후후라운지,커피,커피,원두,1,1,0,0,,0,
1220614748,후후라운지,베이커리,스콘,레몬스콘,1,0,0,1,,0,
1220614748,후후라운지,디저트,케이크,발로나초코케잌,1,1,0,0,달콤하다,0,
1220614748,후후라운지,디저트,치즈케이크,레몬 크림치즈 케이크,1,1,0,0,훌륭하다,0,
1220614748,후후라운지,음료,음료,비타민C,1,0,0,1,,0,
1220614748,후후라운지,음료,과일,레몬,1,1,0,0,좋다,0,
1220614748,후후라운지,베이커리,소스,크림치즈,1,1,0,0,진하고 부드럽다,0,
1220614748,후후라운지,디저트,케이크,말차갸또쇼콜라,1,1,0,0,꾸덕하다,0,
1220614748,후후라운지,디저트,케이크,케익,1,0,0,1,,0,
1220614748,후후라운지,커피,아메리카노,아메리카노,1,0,0,1,,0,
1220614748,후후라운지,커피,라떼,녹차라떼,1,0,0,1,,0,
1220614748,후후라운지,디저트,케이크,딸기케이크,1,1,0,0,,0,
1220614748,후후라운지,디저트,간식,초콜렛,1,1,0,0,,0,
1220614748,후후라운지,커피,라떼,딸기라떼,1,0,0,1,,0,
1220614748,후후라운지,음료,음료,윈터드림,1,0,1,0,,0,
1220614748,후후라운지,음료,티,로네펠트 티,1,0,1,0,,0,
1220614748,후후라운지,푸드,간식,견과류,1,1,0,0,,0,
1225546918,하삼동커피 신림난곡점,커피,아메리카노,아메리카노,3,1,0,2,저렴하다,0,
1225546918,하삼동커피 신림난곡점,베이커리,빵,마늘빵,1,1,0,0,,0,
1225546918,하삼동커피 신림난곡점,커피,라떼,구름라떼,1,1,0,0,,0,
1225546918,하삼동커피 신림난곡점,커피,커피,콜드브루 디카페인,1,1,0,0,맛있다,0,
1225546918,하삼동커피 신림난곡점,커피,커피,아인슈페너,1,1,0,0,맛있다,0,
1231065108,키키's 버터,베이커리,파이,미트파이,3,3,0,0,부드럽고 촉촉하다,12.4452,
1231065108,키키's 버터,베이커리,스콘,스콘,2,2,0,0,좋다,4.405,
1231065108,키키's 버터,디저트,케이크,케이크,3,3,0,0,맛있다,3.8302,
1231065108,키키's 버터,커피,라떼,라떼,2,1,0,1,맛있다,0,
1231065108,키키's 버터,커피,아메리카노,아메리카노,2,1,0,1,무난하다,0,
1231065108,키키's 버터,디저트,빙수,옛날빙수,1,1,0,0,맛있다,0,
1231065108,키키's 버터,디저트,케이크,말렌카케이크,1,0,0,1,,0,
1231065108,키키's 버터,커피,커피,아몬드크림커피,1,0,0,1,,0,
1231065108,키키's 버터,음료,티,아이스티향,1,1,0,0,향이 좋다,0,
1231065108,키키's 버터,베이커리,와플,와플,1,1,0,0,맛있다,0,
1231065108,키키's 버터,푸드,파스타,바질파스타,1,1,0,0,,0,
1231065108,키키's 버터,푸드,과일,토마토,1,1,0,0,,0,
1231065108,키키's 버터,푸드,과일,당근,1,1,0,0,촉촉하다,0,
1231065108,키키's 버터,푸드,감자,감자,1,1,0,0,부드럽다,0,
1231065108,키키's 버터,음료,주스,캐모마일 애플쥬스,1,1,0,0,상큼달달하다,0,
1231065108,키키's 버터,푸드,소스,미트소스,1,1,0,0,진한 맛과 잘 섞여 있다,0,
1231065108,키키's 버터,음료,음료,아이스샤인머스캣청,1,1,0,0,,0,
1231065108,키키's 버터,음료,티,허니자몽블랙티,1,1,0,0,맛있다,0,
1231065108,키키's 버터,디저트,간식,크리스마스쿠키,1,1,0,0,맛있다,0,
1231065108,키키's 버터,베이커리,빵,구겔호프,1,1,0,0,,0,
1231065108,키키's 버터,베이커리,파이,소고기파이,1,1,0,0,맛있다,0,
1231065108,키키's 버터,베이커리,마들렌,마들렌,1,1,0,0,,0,
1231065108,키키's 버터,베이커리,스콘,초코스콘,1,1,0,0,,0,
1231065108,키키's 버터,베이커리,스콘,클래식스콘,1,1,0,0,,0,
1231065108,키키's 버터,커피,라떼,아몬드크림라떼,1,1,0,0,맛있다,0,
1231065108,키키's 버터,디저트,치즈케이크,치즈케이크,1,1,0,0,맛있다,0,
1231065108,키키's 버터,커피,아메리카노,아이스아메리카노,1,1,0,0,맛있다,0,
1231065108,키키's 버터,디저트,케이크,컵케잌,1,1,0,0,맛있다,0,
1236503485,빽다방 신림대학점,커피,프라푸치노,딸기빽스치노소프트,3,3,0,0,맛있다,12.4452,
1236503485,빽다방 신림대학점,커피,프라푸치노,딸기빽스치노 소프트,2,2,0,0,맛있다,9.1078,
1236503485,빽다방 신림대학점,베이커리,빵,사라다빵,3,2,0,1,맛있다,7.7215,
1236503485,빽다방 신림대학점,디저트,간식,아이스크림,5,4,0,1,맛있다,6.654,
1236503485,빽다방 신림대학점,커피,라떼,라떼,3,2,0,1,가성비가 좋다,1.2638,
1236503485,빽다방 신림대학점,커피,아메리카노,아메리카노,6,2,1,3,연하다,0.4267,
1236503485,빽다방 신림대학점,커피,라떼,아이스카페라떼,2,1,1,0,양이 적다,0,
1236503485,빽다방 신림대학점,베이커리,빵,소세지빵,2,1,0,1,,0,
1236503485,빽다방 신림대학점,커피,라떼,녹차라떼,1,1,0,0,진하다,0,
1236503485,빽다방 신림대학점,음료,티,피치우롱티,1,1,0,0,,0,
1236503485,빽다방 신림대학점,음료,음료,아이스미초,1,1,0,0,맛있다,0,
1236503485,빽다방 신림대학점,음료,소스,헤이즐넛시럽,1,0,0,1,,0,
1236503485,빽다방 신림대학점,커피,커피,헤이즐넛커피,1,0,0,1,,0,
1236503485,빽다방 신림대학점,커피,라떼,헤이즐넛라떼,1,0,0,1,,0,
1236503485,빽다방 신림대학점,커피,라떼,카라멜마키아또,1,1,0,0,좋다,0,
1236503485,빽다방 신림대학점,음료,티,트로피칼후르츠티짱,1,1,0,0,맛있다,0,
1236503485,빽다방 신림대학점,술,술,뱅쇼,1,1,0,0,저렴하다,0,
1236503485,빽다방 신림대학점,푸드,간식,토핑추가,1,1,0,0,자유롭다,0,
1236503485,빽다방 신림대학점,커피,아메리카노,아이스아메리카노,1,1,0,0,양이 많다,0,
1236503485,빽다방 신림대학점,커피,라떼,카페라떼,1,0,0,1,,0,
1236503485,빽다방 신림대학점,음료,음료,식혜,1,0,0,1,,0,
1236503485,빽다방 신림대학점,음료,에이드,쿨라임에이드,1,1,0,0,시원하고 상큼하다,0,
1236503485,빽다방 신림대학점,음료,음료,달콤아이스티,1,1,0,0,달달하다,0,
1236503485,빽다방 신림대학점,음료,음료,제로슈거,1,1,0,0,깔끔하다,0,
1236503485,빽다방 신림대학점,음료,음료,제로,1,1,0,0,,0,
1236503485,빽다방 신림대학점,음료,주스,딸기쥬스,1,0,0,1,,0,
1236503485,빽다방 신림대학점,커피,프라푸치노,딸기빽스치노소프트 아이스크림,1,1,0,0,맛있다,0,
1236503485,빽다방 신림대학점,커피,라떼,꿀밤라떼,1,0,0,1,,0,
1236503485,빽다방 신림대학점,음료,티,티,1,1,0,0,저렴하다,0,
1236503485,빽다방 신림대학점,음료,티,아이스자몽티,1,1,0,0,맛있다,0,
1236503485,빽다방 신림대학점,커피,라떼,민초라떼,1,1,0,0,맛있다,0,
1236503485,빽다방 신림대학점,베이커리,간식,크룽지,1,1,0,0,맛있다,0,
1236503485,빽다방 신림대학점,음료,주스,포도쥬스,1,1,0,0,진하다,0,
1236503485,빽다방 신림대학점,음료,음료,미숫가루,1,1,0,0,맛있다,0,
1236503485,빽다방 신림대학점,커피,프라푸치노,빽스치노,1,1,0,0,양이 많다,0,
1236503485,빽다방 신림대학점,베이커리,간식,크룽지 신제품,1,1,0,0,맛있다,0,
1236503485,빽다방 신림대학점,커피,프라푸치노,빽스치노 소프트,1,1,0,0,맛있다,0,
1236503485,빽다방 신림대학점,커피,라떼,아이스크림라떼,1,0,0,1,,0,
1236503485,빽다방 신림대학점,커피,프라푸치노,빽스치노 소프트 아스크림,1,1,0,0,맛있다,0,
1236503485,빽다방 신림대학점,커피,라떼,바나나카페라떼,1,0,1,0,달다,0,
1236503485,빽다방 신림대학점,음료,음료,아이스샤인머스캣청,1,1,0,0,최고다,0,
1241186754,디저트문,디저트,케이크,수제케이크,17,17,0,0,맛있다,70.523,
1241186754,디저트문,디저트,치즈케이크,바스크치즈케이크,17,17,0,0,맛있다,48.4352,
1241186754,디저트문,디저트,케이크,크럼블케이크,8,6,0,2,맛있다,31.4821,
1241186754,디저트문,디저트,케이크,당근케이크,7,7,0,0,맛있다,29.0389,
1241186754,디저트문,디저트,케이크,케이크,30,25,4,1,맛있다,26.8114,
1241186754,디저트문,디저트,치즈케이크,치즈케이크,9,8,0,1,맛있다,14.7666,
1241186754,디저트문,디저트,케이크,브라우니케이크,3,3,0,0,맛있고 양이 많다,13.6616,
1241186754,디저트문,음료,음료,딸기스무디,3,3,0,0,맛있다,12.4452,
1241186754,디저트문,디저트,간식,크럼블,3,3,0,0,맛있다,11.5822,
1241186754,디저트문,디저트,케이크,크럼블 케이크,2,2,0,0,맛있다,10.494,
1241186754,디저트문,디저트,케이크,수제 케이크,2,2,0,0,좋다,10.494,
1241186754,디저트문,디저트,간식,브라우니,5,4,0,1,꾸덕하다,9.8977,
1241186754,디저트문,디저트,케이크,뉴욕치즈케이크,3,2,0,1,맛있다,9.1078,
1241186754,디저트문,음료,스무디,블루베리요거트스무디,3,2,0,1,진하다,8.2968,
1241186754,디저트문,음료,스무디,요거트 스무디,2,2,0,0,과일이 듬뿍 들어있다,8.2968,
1241186754,디저트문,음료,스무디,스무디,4,3,0,1,맛있다,8.2864,
1241186754,디저트문,디저트,간식,쿠키,5,5,0,0,맛있다,8.1805,
1241186754,디저트문,푸드,간식,바치케,2,2,0,0,맛있다,7.2752,
1241186754,디저트문,디저트,마카롱,마카롱,3,3,0,0,맛있다,6.9078,
1241186754,디저트문,디저트,간식,아이스크림,4,4,0,0,,6.654,
1241186754,디저트문,베이커리,빵,크로와상,2,2,0,0,,6.0996,
1241186754,디저트문,음료,주스,수박주스,3,3,0,0,시원하고 달다,5.162,
1241186754,디저트문,푸드,샌드위치,샌드위치,3,3,0,0,맛있다,4.8283,
1241186754,디저트문,커피,아메리카노,아이스아메리카노,5,4,0,1,맛있다,2.6482,
1241186754,디저트문,커피,아메리카노,아메리카노,5,5,0,0,맛있다,2.1337,
1241186754,디저트문,디저트,간식,생크림,2,1,1,0,신선하다,0,
1241186754,디저트문,음료,에이드,블루레몬에이드,2,1,1,0,시럽맛이 강하다,0,
1241186754,디저트문,커피,프라푸치노,그린티프라페,2,1,0,1,깊은 맛이 나다,0,
1241186754,디저트문,디저트,케이크,당근수제케이크,2,1,0,1,달달하다,0,
1241186754,디저트문,베이커리,빵,말차크루아상,1,0,0,1,,0,
1241186754,디저트문,디저트,케이크,쉬폰케이크,1,1,0,0,맛있다,0,
1241186754,디저트문,디저트,케이크,샌드위치 케이크,1,0,0,1,,0,
1241186754,디저트문,디저트,간식,수제디저트,1,0,0,1,,0,
1241186754,디저트문,음료,에이드,자몽에이드,1,1,0,0,맛있고 양이 많다,0,
1241186754,디저트문,커피,커피,원두,1,1,0,0,신선하고 고소하다,0,
1241186754,디저트문,커피,라떼,밀크티라떼,1,1,0,0,진하고 맛있다,0,
1241186754,디저트문,음료,티,차,1,0,1,0,불친절하다,0,
1241186754,디저트문,디저트,간식,황치즈크럼블,1,1,0,0,꾸덕하다,0,
1241186754,디저트문,커피,라떼,녹차라떼,1,1,0,0,달달하다,0,
1241186754,디저트문,커피,라떼,라떼,1,1,0,0,고소하다,0,
1241186754,디저트문,디저트,케이크,생크림케이크,1,1,0,0,맛있다,0,
1241186754,디저트문,디저트,케이크,황치즈크럼블케이크,1,1,0,0,,0,
1241186754,디저트문,음료,프라푸치노,허니멜론프라페,1,1,0,0,,0,
1241186754,디저트문,디저트,케이크,인절미케이크,1,1,0,0,,0,
1241186754,디저트문,음료,주스,생과일쥬스,1,1,0,0,,0,
1241186754,디저트문,음료,티,유기농 티,1,1,0,0,,0,
1241186754,디저트문,음료,주스,쥬스,1,0,0,1,,0,
1241186754,디저트문,디저트,케이크,얼그레이케이크,1,0,1,0,스펀지 같다,0,
1241186754,디저트문,음료,음료,딸기요거트,1,1,0,0,상큼하다,0,
1241186754,디저트문,디저트,간식,요거트,1,0,0,1,,0,
1241186754,디저트문,음료,주스,오렌지주스,1,1,0,0,,0,
1241186754,디저트문,디저트,간식,초코류,1,1,0,0,진하다,0,
1241186754,디저트문,디저트,간식,초코,1,1,0,0,진하다,0,
1241186754,디저트문,음료,음료,딸기 요거트 스무디,1,1,0,0,맛있다,0,
1241186754,디저트문,베이커리,소스,크림치즈,1,1,0,0,,0,
1241186754,디저트문,디저트,치즈케이크,치즈케익,1,1,0,0,,0,
1241186754,디저트문,음료,음료,시나몬,1,1,0,0,,0,
1241186754,디저트문,푸드,과일,당근,1,1,0,0,,0,
1241186754,디저트문,디저트,케이크,황치즈크럼블케익,1,1,0,0,꾸덕하다,0,
1241186754,디저트문,푸드,간식,황치즈,1,1,0,0,,0,
1241186754,디저트문,음료,주스,골드키위주스,1,1,0,0,맛있다,0,
1241186754,디저트문,커피,라떼,오곡라떼,1,1,0,0,맛있다,0,
1241186754,디저트문,음료,주스,골드키위생과일주스,1,1,0,0,키위가 많이 들어가 있다,0,
1241186754,디저트문,커피,커피,아인슈페너,1,1,0,0,,0,
1241186754,디저트문,커피,프라푸치노,민트초코프라페,1,1,0,0,맛있다,0,
1241186754,디저트문,커피,라떼,바닐라라떼,1,1,0,0,맛있다,0,
1241186754,디저트문,디저트,치즈케이크,바스크 치즈케이크,1,1,0,0,맛있다,0,
1241186754,디저트문,음료,티,루이보스차,1,1,0,0,잘 어울리다,0,
1241186754,디저트문,음료,티,허니레몬블랙티,1,1,0,0,상큼하다,0,
1241186754,디저트문,음료,주스,생과일주스,1,1,0,0,맛있다,0,
1241186754,디저트문,푸드,간식,치즈,1,1,0,0,취향저격이다,0,
1241186754,디저트문,디저트,케이크,초코케이크,1,1,0,0,꾸덕하다,0,
1241186754,디저트문,푸드,샌드위치,참치샌드위치,1,1,0,0,양이 많고 맛있다,0,
1241186754,디저트문,디저트,케이크,크럼블 수제케이크,1,1,0,0,맛있다,0,
1241186754,디저트문,디저트,간식,빨미까레,1,1,0,0,맛있다,0,
1241186754,디저트문,커피,프라푸치노,녹차프라페,1,1,0,0,양이 넉넉하다,0,
1241186754,디저트문,디저트,간식,소프트 아이스크림,1,1,0,0,,0,
1241186754,디저트문,음료,에이드,레몬에이드,1,0,0,1,,0,
1241186754,디저트문,푸드,소스,딸기쨈,1,1,0,0,달다,0,
1241186754,디저트문,디저트,치즈케이크,일반 치즈케이크,1,1,0,0,진하다,0,
1241186754,디저트문,디저트,케이크,까망베르무스케이크,1,0,0,1,,0,
1241186754,디저트문,디저트,푸딩,커스터드,1,0,1,0,,0,
1241186754,디저트문,푸드,소스,딸기잼,1,0,0,1,,0,
1241186754,디저트문,커피,프라푸치노,쿠앤크오레오프라페,1,1,0,0,,0,
1241186754,디저트문,디저트,치즈케이크,바스크치즈,1,1,0,0,맛있다,0,
1241186754,디저트문,디저트,케이크,딸기초코 케이크,1,1,0,0,맛있다,0,
1241186754,디저트문,디저트,케이크,딸기케이크,1,1,0,0,신선하다,0,
1241186754,디저트문,푸드,과일,딸기,1,1,0,0,신선하다,0,
1241186754,디저트문,음료,주스,과일쥬스,1,1,0,0,맛있다,0,
1241186754,디저트문,음료,주스,골든키위쥬스,1,1,0,0,새콤달콤하다,0,
1241186754,디저트문,커피,커피,디카페인,1,0,1,0,밍밍하다,0,
1241186754,디저트문,커피,라떼,돌체라떼,1,1,0,0,맛있다,0,
1241186754,디저트문,음료,음료,딸기바나나,1,1,0,0,시원하다,0,
1241186754,디저트문,커피,라떼,아이스라떼,1,1,0,0,,0,
1241186754,디저트문,디저트,케이크,조각케이크,1,1,0,0,,0,
1241186754,디저트문,디저트,케이크,딸기 초코생크림 케이크,1,1,0,0,부드럽고 촉촉하다,0,
1241186754,디저트문,디저트,간식,수제 디저트,1,1,0,0,맛있다,0,
1241186754,디저트문,디저트,케이크,케익,1,1,0,0,,0,
1241186754,디저트문,디저트,케이크,순우유생크림케이크,1,1,0,0,맛있다,0,
1241186754,디저트문,커피,라떼,카페라떼,1,0,0,1,,0,
1247006312,카페라움(CAFE RAUM),디저트,빙수,팥빙수,2,2,0,0,맛있다,5.6983,
1247006312,카페라움(CAFE RAUM),음료,티,차,2,2,0,0,훌륭하다,4.1379,
1247006312,카페라움(CAFE RAUM),푸드,간식,팥,1,1,0,0,달지 않다,0,
1247006312,카페라움(CAFE RAUM),디저트,케이크,딸기케이크,1,1,0,0,맛있다,0,
1247006312,카페라움(CAFE RAUM),커피,아메리카노,아메리카노,1,1,0,0,진하지 않다,0,
1247006312,카페라움(CAFE RAUM),푸드,간식,에페타이저,1,1,0,0,훌륭하다,0,
1247006312,카페라움(CAFE RAUM),음료,음료,생강대추,1,1,0,0,,0,
1247006312,카페라움(CAFE RAUM),음료,음료,자몽청,1,1,0,0,,0,
1247006312,카페라움(CAFE RAUM),커피,라떼,커피라떼,1,1,0,0,맛있다,0,
1247006312,카페라움(CAFE RAUM),음료,티,쌍화차,1,1,0,0,,0,
1247006312,카페라움(CAFE RAUM),디저트,빙수,망고 빙수,1,1,0,0,예쁘고 맛있다,0,
1247006312,카페라움(CAFE RAUM),음료,음료,그린 버블티,1,1,0,0,맛있다,0,
1247006312,카페라움(CAFE RAUM),베이커리,와플,와플,1,1,0,0,맛있다,0,
1247006312,카페라움(CAFE RAUM),커피,라떼,녹차라떼,1,1,0,0,맛있다,0,
1247006312,카페라움(CAFE RAUM),음료,티,자몽티,1,1,0,0,맛있다,0,
1247006312,카페라움(CAFE RAUM),커피,아메리카노,아이스아메리카노,1,0,0,1,,0,
1247006312,카페라움(CAFE RAUM),푸드,샐러드,리코타치즈&넛츠랩,1,0,0,1,,0,
1247006312,카페라움(CAFE RAUM),음료,티,수제차,1,1,0,0,맛있다,0,
1247006312,카페라움(CAFE RAUM),푸드,간식,브런치세트,1,1,0,0,건강한 맛이다,0,
1247006312,카페라움(CAFE RAUM),커피,라떼,라떼,1,1,0,0,맛있다,0,
1247006312,카페라움(CAFE RAUM),푸드,샌드위치,샌드위치,1,1,0,0,퀄리티가 좋다,0,
1247006312,카페라움(CAFE RAUM),푸드,샐러드,리코타치즈샐러드,1,1,0,0,건강한 맛이다,0,
1247006312,카페라움(CAFE RAUM),푸드,샐러드,샐러드,1,1,0,0,신선하다,0,
1247006312,카페라움(CAFE RAUM),음료,주스,키위주스,1,1,0,0,맛있다,0,
1254208217,커피마마,커피,아메리카노,아메리카노,1,1,0,0,맛있다,0,
1278233184,카페사계,음료,음료,가을,4,3,0,1,입맛에 맞다,15.7411,
1278233184,카페사계,커피,커피,원두,9,6,0,3,다양하다,9.2007,
1278233184,카페사계,커피,라떼,바닐라라떼,5,5,0,0,맛있다,5.2117,
1278233184,카페사계,커피,아메리카노,아메리카노,8,8,0,0,맛있다,3.4139,
1278233184,카페사계,커피,커피,디카페인,2,2,0,0,,2.7938,
1278233184,카페사계,커피,라떼,라떼,2,2,0,0,맛있다,1.2638,
1278233184,카페사계,베이커리,휘낭시에,휘낭시에,2,1,0,1,맛있다,0,
1278233184,카페사계,음료,음료,여름,2,0,1,1,입맛에 맞지 않다,0,
1278233184,카페사계,커피,라떼,아이스라떼,1,0,0,1,,0,
1278233184,카페사계,푸드,간식,팥,1,1,0,0,양이 많다,0,
1278233184,카페사계,베이커리,빵,붕어빵,1,1,0,0,,0,
1278233184,카페사계,커피,아메리카노,산미 아메리카노,1,0,1,0,,0,
1278233184,카페사계,커피,라떼,아이스크림 라떼,1,1,0,0,맛있다,0,
1278233184,카페사계,음료,스무디,코코넛 스무디,1,1,0,0,맛이 괜찮다,0,
1278233184,카페사계,푸드,과일,포도,1,1,0,0,포도 맛이 난다,0,
1278233184,카페사계,커피,아메리카노,꿀 아메리카노,1,1,0,0,,0,
1278233184,카페사계,커피,아메리카노,아이스아메리카노,1,0,0,1,,0,
1278233184,카페사계,커피,커피,집커피,1,1,0,0,맛있다,0,
1278233184,카페사계,커피,라떼,헤이즐넛라떼,1,1,0,0,맛있다,0,
1278233184,카페사계,음료,소스,시럽,1,0,0,1,,0,
1278233184,카페사계,음료,음료,봄,1,0,0,1,,0,
1278233184,카페사계,음료,음료,겨울,1,0,0,1,,0,
1278233184,카페사계,베이커리,마들렌,밤마들렌,1,0,0,1,,0,
1278233184,카페사계,음료,음료,미숫가루,1,1,0,0,맛있다,0,
1278233184,카페사계,커피,커피,아인슈페너,1,1,0,0,맛있다,0,
1278233184,카페사계,커피,라떼,바닐라 아이스크림 라떼,1,0,0,1,,0,
1278233184,카페사계,디저트,치즈케이크,바스크치즈케익,1,1,0,0,,0,
1278233184,카페사계,베이커리,크로플,크로플,1,1,0,0,맛있다,0,
1278233184,카페사계,커피,커피,원두종류,1,1,0,0,종류가 많다,0,
1278233184,카페사계,디저트,간식,쿠키,1,1,0,0,맛있다,0,
1278233184,카페사계,커피,라떼,바닐라빈라떼,1,1,0,0,맛있다,0,
1278233184,카페사계,커피,커피,겨울커피,1,1,0,0,진하다,0,
1278233184,카페사계,커피,라떼,녹차라떼,1,1,0,0,맛있다,0,
1285653511,소소한행복,푸드,튀김,새우튀김,5,2,3,0,맛있다,0,
1285653511,소소한행복,음료,티,차,1,1,0,0,맛있다,0,
1285653511,소소한행복,음료,주스,수박쥬스,1,1,0,0,시원하다,0,
1285653511,소소한행복,푸드,간식,땡비면,1,0,1,0,맛이 변했다,0,
1285653511,소소한행복,푸드,간식,새우소바,1,1,0,0,괜찮다,0,
1285653511,소소한행복,푸드,소바면,소바면,1,0,1,0,질기다,0,
1285653511,소소한행복,커피,라떼,아이스라떼,1,1,0,0,부드럽고 맛있다,0,
1290096961,빽다방 신림난곡점,커피,커피,원조 커피,2,2,0,0,맛있다,10.494,
1290096961,빽다방 신림난곡점,커피,라떼,연유라떼,3,3,0,0,맛있다,8.8333,
1290096961,빽다방 신림난곡점,베이커리,빵,사라다빵,2,2,0,0,맛있다,7.7215,
1290096961,빽다방 신림난곡점,음료,음료,두유,2,2,0,0,,6.3352,
1290096961,빽다방 신림난곡점,음료,음료,아이스샤인머스캣청,4,3,1,0,맛있다,4.9489,
1290096961,빽다방 신림난곡점,커피,아메리카노,아메리카노,3,3,0,0,저렴하다,1.2802,
1290096961,빽다방 신림난곡점,커피,라떼,라떼,2,2,0,0,맛있다,1.2638,
1290096961,빽다방 신림난곡점,커피,라떼,카페라떼,2,1,1,0,고소하다,0,
1290096961,빽다방 신림난곡점,커피,아메리카노,아이스아메리카노,2,1,0,1,,0,
1290096961,빽다방 신림난곡점,음료,음료,미숫가루,2,1,1,0,맛있다,0,
1290096961,빽다방 신림난곡점,음료,주스,수박주스,2,1,0,1,맛있다,0,
1290096961,빽다방 신림난곡점,음료,음료,딸기복숭아화채스무디,1,1,0,0,달달하지만 먹기 힘들다,0,
1290096961,빽다방 신림난곡점,디저트,간식,아이스크림,1,1,0,0,맛있다,0,
1290096961,빽다방 신림난곡점,커피,아메리카노,핫아메리카노,1,1,0,0,좋다,0,
1290096961,빽다방 신림난곡점,베이커리,빵,밤페스츄리,1,1,0,0,맛있다,0,
1290096961,빽다방 신림난곡점,커피,에스프레소,아망추,1,1,0,0,,0,
1290096961,빽다방 신림난곡점,음료,과일,망고,1,1,0,0,,0,
1290096961,빽다방 신림난곡점,음료,음료,딸기요거트스무디,1,1,0,0,맛있다,0,
1290096961,빽다방 신림난곡점,푸드,샌드위치,샌드위치,1,0,0,1,,0,
1290096961,빽다방 신림난곡점,음료,음료,두유옵션,1,1,0,0,,0,
1290096961,빽다방 신림난곡점,음료,에이드,유자에이드,1,1,0,0,맛있다,0,
1290096961,빽다방 신림난곡점,음료,주스,쥬스,1,0,0,1,,0,
1290096961,빽다방 신림난곡점,커피,라떼,대용량 라떼,1,1,0,0,,0,
1290096961,빽다방 신림난곡점,음료,음료,망고패션스무디,1,1,0,0,새콤달달하다,0,
1290096961,빽다방 신림난곡점,음료,주스,완전수박주스,1,1,0,0,,0,
1290096961,빽다방 신림난곡점,커피,라떼,바나나카페라떼,1,1,0,0,달다,0,
1290096961,빽다방 신림난곡점,음료,주스,예천사과주스,1,0,0,1,,0,
1290096961,빽다방 신림난곡점,커피,프라푸치노,빽스치노,1,1,0,0,,0,
1290096961,빽다방 신림난곡점,커피,커피,원조커피 얼음,1,1,0,0,양이 많다,0,
1290096961,빽다방 신림난곡점,커피,라떼,오트라떼,1,1,0,0,,0,
1290096961,빽다방 신림난곡점,커피,라떼,바닐라라떼,1,1,0,0,맛있다,0,
1290096961,빽다방 신림난곡점,음료,음료,펄음료,1,1,0,0,,0,
1290096961,빽다방 신림난곡점,커피,프라푸치노,쿠키크런치빼스치노,1,1,0,0,맛있다,0,
1290096961,빽다방 신림난곡점,음료,얼음,간얼음,1,0,0,1,,0,
1290096961,빽다방 신림난곡점,음료,티,자몽차,1,0,1,0,맛없다,0,
1290096961,빽다방 신림난곡점,커피,라떼,크리미모카,1,1,0,0,맛있다,0,
1290096961,빽다방 신림난곡점,커피,커피,원조믹스커피,1,1,0,0,맛있다,0,
1290096961,빽다방 신림난곡점,베이커리,빵,소세지빵,1,1,0,0,,0,
1290096961,빽다방 신림난곡점,음료,과일,베리,1,1,0,0,,0,
1294072724,엄마 커피,푸드,샌드위치,샌드위치,3,3,0,0,차원이 다르다,4.8283,
1294072724,엄마 커피,베이커리,빵,붕어빵,1,1,0,0,맛있다,0,
1294072724,엄마 커피,음료,과일,사과,1,1,0,0,식감이 좋다,0,
1294072724,엄마 커피,푸드,과일,오이,1,1,0,0,조화롭다,0,
1294072724,엄마 커피,푸드,간식,계란,1,1,0,0,조화롭다,0,
1294072724,엄마 커피,푸드,푸드,햄,1,1,0,0,조화롭다,0,
1294072724,엄마 커피,푸드,소스,딸기쨈,1,1,0,0,조화롭다,0,
1294072724,엄마 커피,음료,스무디,플레인 요거트 스무디,1,1,0,0,달달하다,0,
1294072724,엄마 커피,디저트,마카롱,마카롱 꼬끄,1,1,0,0,쫀쫀하다,0,
1301136974,백억커피(서원역점),푸드,간식,팝콘,9,7,1,1,맛있다,21.8255,
1301136974,백억커피(서원역점),디저트,빙수,빙수,2,2,0,0,맛있다,4.405,
1301136974,백억커피(서원역점),커피,아메리카노,아메리카노,2,1,1,0,쓰다,0,
1301136974,백억커피(서원역점),커피,아메리카노,아이스아메리카노,1,0,0,1,,0,
1301136974,백억커피(서원역점),베이커리,빵,찰깨빵,1,1,0,0,맛있다,0,
1301136974,백억커피(서원역점),음료,음료,녹차버블티,1,1,0,0,시원하다,0,
1301136974,백억커피(서원역점),음료,티,매실차,1,1,0,0,시원하다,0,
1301136974,백억커피(서원역점),음료,주스,수박착즙주스,1,1,0,0,맛있다,0,
1301136974,백억커피(서원역점),푸드,간식,간식거리,1,0,0,1,,0,
1301136974,백억커피(서원역점),베이커리,빵,베이글,1,0,0,1,,0,
1301136974,백억커피(서원역점),베이커리,소스,크림치즈,1,0,0,1,,0,
1301136974,백억커피(서원역점),디저트,빙수,팥빙수,1,0,0,1,,0,
1301136974,백억커피(서원역점),커피,커피,원두,1,1,0,0,맛있다,0,
1301136974,백억커피(서원역점),커피,라떼,리치라떼,1,1,0,0,맛있다,0,
1301136974,백억커피(서원역점),음료,음료,아이스샤인머스캣청,1,1,0,0,맛있다,0,
1305054894,마마메이드,커피,라떼,콜드브루연유라떼,4,4,0,0,부드럽고 적당히 달다,18.2155,
1305054894,마마메이드,음료,음료,죠리퐁쉐이크,3,1,2,0,,0,Y
1305054894,마마메이드,음료,소스,수제청,1,1,0,0,,0,
1305603845,앙니드 베이커리카페,베이커리,빵,식빵,16,14,2,0,맛있다,41.4632,
1305603845,앙니드 베이커리카페,베이커리,빵,소금빵,13,10,3,0,맛있다,16.4966,
1305603845,앙니드 베이커리카페,베이커리,타르트,에그타르트,5,5,0,0,맛있다,13.4104,
1305603845,앙니드 베이커리카페,푸드,간식,버터바,4,4,0,0,맛있다,13.2045,
1305603845,앙니드 베이커리카페,베이커리,스콘,스콘,5,5,0,0,무난하다,11.0125,
1305603845,앙니드 베이커리카페,푸드,치아바타,시금치치아바타,2,2,0,0,담백하고 맛있다,10.494,
1305603845,앙니드 베이커리카페,베이커리,빵,피자빵,2,2,0,0,맛있다,10.494,
1305603845,앙니드 베이커리카페,베이커리,빵,연유빵,2,2,0,0,맛있다,10.494,
1305603845,앙니드 베이커리카페,베이커리,빵,밤식빵,2,2,0,0,맛있다,7.2752,
1305603845,앙니드 베이커리카페,커피,아메리카노,아이스아메리카노,3,2,0,1,맛있다,1.3241,
1305603845,앙니드 베이커리카페,베이커리,빵,페퍼로니식빵,3,1,0,2,피자 같다,0,
1305603845,앙니드 베이커리카페,베이커리,빵,통밀빵,2,0,0,2,,0,
1305603845,앙니드 베이커리카페,베이커리,빵,밀크촉촉빵,2,1,0,1,맛있다,0,
1305603845,앙니드 베이커리카페,베이커리,빵,호밀빵,2,1,0,1,,0,
1305603845,앙니드 베이커리카페,디저트,타르트,타르트,1,1,0,0,,0,
1305603845,앙니드 베이커리카페,베이커리,빵,메론빵,1,0,0,1,,0,
1305603845,앙니드 베이커리카페,베이커리,빵,단팥빵,1,0,1,0,평범하다,0,
1305603845,앙니드 베이커리카페,베이커리,빵,앙버터빵,1,0,0,1,,0,
1305603845,앙니드 베이커리카페,베이커리,빵,식빵류,1,1,0,0,신선하다,0,
1305603845,앙니드 베이커리카페,푸드,간식,버터,1,1,0,0,재료가 훌륭하다,0,
1305603845,앙니드 베이커리카페,푸드,간식,팥,1,1,0,0,재료가 훌륭하다,0,
1305603845,앙니드 베이커리카페,베이커리,빵,모닝빵,1,1,0,0,맛있다,0,
1305603845,앙니드 베이커리카페,베이커리,빵,페퍼로니 식빵,1,1,0,0,맛있다,0,
1305603845,앙니드 베이커리카페,베이커리,소스,크림치즈,1,1,0,0,맛있다,0,
1305603845,앙니드 베이커리카페,푸드,소스,잼,1,1,0,0,맛있다,0,
1305603845,앙니드 베이커리카페,베이커리,빵,야끼소바빵,1,1,0,0,맛있다,0,
1305603845,앙니드 베이커리카페,베이커리,빵,모카탕종번,1,0,0,1,,0,
1305603845,앙니드 베이커리카페,베이커리,빵,탕종모카번,1,1,0,0,,0,
1305603845,앙니드 베이커리카페,베이커리,빵,동네빵,1,1,0,0,,0,
1305603845,앙니드 베이커리카페,베이커리,빵,탕종무화과식빵,1,1,0,0,,0,
1305603845,앙니드 베이커리카페,베이커리,빵,소보루식빵,1,1,0,0,,0,
1305603845,앙니드 베이커리카페,베이커리,빵,찹살바게트빵,1,1,0,0,,0,
1305603845,앙니드 베이커리카페,커피,라떼,바닐라라떼,1,0,0,1,,0,
1305603845,앙니드 베이커리카페,베이커리,빵,버터빵,1,1,0,0,맛있다,0,
1305603845,앙니드 베이커리카페,베이커리,빵,올리브빵,1,1,0,0,향이 좋다,0,
1305603845,앙니드 베이커리카페,베이커리,빵,탕종소브루빵,1,0,0,1,,0,
1305603845,앙니드 베이커리카페,푸드,치아바타,시금치 치아바타,1,1,0,0,담백하고 맛있다,0,
1305603845,앙니드 베이커리카페,베이커리,빵,시금치치아바타빵,1,1,0,0,담백하고 맛있다,0,
1305603845,앙니드 베이커리카페,베이커리,간식,발효탕종,1,0,0,1,,0,
1305603845,앙니드 베이커리카페,베이커리,빵,마늘소금빵,1,1,0,0,맛있다,0,
1305603845,앙니드 베이커리카페,베이커리,빵,앙버터 브레드,1,1,0,0,맛있다,0,
1305603845,앙니드 베이커리카페,베이커리,빵,고메식빵,1,1,0,0,맛있다,0,
1305603845,앙니드 베이커리카페,베이커리,빵,버터 식빵,1,1,0,0,맛있다,0,
1305603845,앙니드 베이커리카페,디저트,간식,요거트,1,0,0,1,,0,
1305603845,앙니드 베이커리카페,디저트,케이크,레몬케이크,1,1,0,0,최고다,0,
1305603845,앙니드 베이커리카페,디저트,소스,카라멜,1,1,0,0,촉촉하다,0,
1305603845,앙니드 베이커리카페,디저트,케이크,레몬 케이크,1,1,0,0,,0,
1305603845,앙니드 베이커리카페,베이커리,빵,모카크림빵,1,1,0,0,부드럽다,0,
1305603845,앙니드 베이커리카페,커피,아메리카노,아메리카노,1,1,0,0,맛있다,0,
1305603845,앙니드 베이커리카페,베이커리,빵,찰떡품은 단팥빵,1,0,0,1,,0,
1305603845,앙니드 베이커리카페,푸드,소스,식빵 잼,1,0,0,1,,0,
1305603845,앙니드 베이커리카페,베이커리,빵,옥수수빵,1,0,0,1,,0,
1305603845,앙니드 베이커리카페,푸드,소스,파프리카 가루,1,0,0,1,,0,
1305603845,앙니드 베이커리카페,베이커리,치아바타,치아바타,1,0,0,1,,0,
1305603845,앙니드 베이커리카페,베이커리,빵,찹쌀 단팥빵,1,1,0,0,,0,
1305603845,앙니드 베이커리카페,디저트,케이크,딸기생크림케이크,1,1,0,0,맛있다,0,
1305603845,앙니드 베이커리카페,베이커리,빵,곰돌이 커스터드빵,1,1,0,0,크림이 예술이다,0,
1305603845,앙니드 베이커리카페,베이커리,빵,기본식빵,1,1,0,0,맛있다,0,
1305603845,앙니드 베이커리카페,베이커리,빵,치즈식빵,1,1,0,0,,0,
1305603845,앙니드 베이커리카페,베이커리,빵,무화과식빵,1,1,0,0,맛있다,0,
1305603845,앙니드 베이커리카페,베이커리,스콘,바질스콘,1,1,0,0,맛있다,0,
1305603845,앙니드 베이커리카페,베이커리,빵,무화과큐브식빵,1,0,1,0,,0,
13096769,스타벅스 신림점,푸드,푸드,특별한메뉴,2,2,0,0,,10.494,
13096769,스타벅스 신림점,커피,라떼,돌체라떼,2,2,0,0,맛있다,6.9105,
13096769,스타벅스 신림점,푸드,샌드위치,샌드위치,4,3,1,0,좋다,3.2189,
13096769,스타벅스 신림점,커피,아메리카노,아메리카노,3,2,0,1,,0.8535,
13096769,스타벅스 신림점,커피,아메리카노,아이스아메리카노,3,0,0,3,,0,
13096769,스타벅스 신림점,커피,라떼,말차라떼,2,1,0,1,맛있다,0,
13096769,스타벅스 신림점,음료,음료,호그와트,2,1,1,0,맛있다,0,
13096769,스타벅스 신림점,음료,음료,말차,2,1,0,1,맛있다,0,
13096769,스타벅스 신림점,디저트,간식,젤라또,2,1,1,0,맛있다,0,
13096769,스타벅스 신림점,디저트,케이크,가나슈 케이크,1,1,0,0,맛있다,0,
13096769,스타벅스 신림점,푸드,샌드위치,햄&루꼴라 치아바타 샌드위치,1,0,0,1,,0,
13096769,스타벅스 신림점,커피,라떼,카페모카,1,0,0,1,,0,
13096769,스타벅스 신림점,음료,티,블랙티,1,0,0,1,,0,
13096769,스타벅스 신림점,디저트,간식,말차 글레이즈드,1,1,0,0,좋다,0,
13096769,스타벅스 신림점,음료,주스,클랜저 주스,1,0,1,0,,0,
13096769,스타벅스 신림점,음료,음료,블루베리 요거트,1,1,0,0,맛있다,0,
13096769,스타벅스 신림점,커피,커피,블랙GL,1,1,0,0,맛있다,0,
13096769,스타벅스 신림점,푸드,샌드위치,치킨베이컨랩,1,0,0,1,,0,
13096769,스타벅스 신림점,커피,라떼,말차 글레이즈 라떼,1,1,0,0,달다,0,
13096769,스타벅스 신림점,커피,라떼,프렌치바닐라라떼,1,1,0,0,맛있다,0,
13096769,스타벅스 신림점,푸드,샌드위치,도시인에그클럽샌드위치,1,1,0,0,든든하다,0,
13096769,스타벅스 신림점,커피,프라푸치노,자몽망고 코코 프라푸치노,1,1,0,0,,0,
13096769,스타벅스 신림점,디저트,마카롱,마카롱,1,1,0,0,,0,
13096769,스타벅스 신림점,음료,음료,아몬드오트L,1,1,0,0,달다,0,
13096769,스타벅스 신림점,커피,라떼,라떼,1,1,0,0,맛있다,0,
13096769,스타벅스 신림점,커피,라떼,토피넛라떼,1,1,0,0,맛있다,0,
13096769,스타벅스 신림점,커피,라떼,더블 에스프레소크림라떼,1,1,0,0,맛있다,0,
13096769,스타벅스 신림점,디저트,케이크,밀레앙 플랑,1,1,0,0,부드럽다,0,
13096769,스타벅스 신림점,푸드,간식,계란찜,1,0,0,1,,0,
13096769,스타벅스 신림점,디저트,치즈케이크,치즈케이크,1,1,0,0,말캉하고 부드럽다,0,
13096769,스타벅스 신림점,커피,프라푸치노,자바칩 프라푸치노,1,1,0,0,,0,
13096769,스타벅스 신림점,푸드,간식,치즈,1,1,0,0,맛있다,0,
13096769,스타벅스 신림점,디저트,케이크,블루베리 케익,1,1,0,0,,0,
13096769,스타벅스 신림점,음료,음료,딸기요거트,1,0,1,0,,0,
13096769,스타벅스 신림점,푸드,간식,버터바,1,0,0,1,,0,
13096769,스타벅스 신림점,커피,라떼,화이트초콜릿모카,1,1,0,0,맛있다,0,
13096769,스타벅스 신림점,커피,라떼,블랙글레이즈라떼,1,0,1,0,,0,
13096769,스타벅스 신림점,커피,라떼,블랙 글레이즈드 라떼,1,1,0,0,맛있다,0,
13096769,스타벅스 신림점,음료,과일,자몽망고,1,1,0,0,맛있다,0,
13096769,스타벅스 신림점,디저트,간식,크레이프,1,1,0,0,촉촉하다,0,
13096769,스타벅스 신림점,커피,에스프레소,올레아토,1,1,0,0,맛있다,0,
13096769,스타벅스 신림점,커피,라떼,카라멜마끼아또,1,1,0,0,맛있다,0,
13096769,스타벅스 신림점,커피,커피,디카페인,1,1,0,0,,0,
13096769,스타벅스 신림점,푸드,간식,베치토,1,1,0,0,맛있다,0,
13096769,스타벅스 신림점,커피,프라푸치노,말차프라프치노,1,0,0,1,,0,
13096769,스타벅스 신림점,디저트,케이크,케이크,1,1,0,0,맛있다,0,
13096769,스타벅스 신림점,커피,커피,콜드브루,1,0,0,1,,0,
13096769,스타벅스 신림점,음료,음료,딸기 아사히 리프래셔,1,1,0,0,맛있다,0,
13096769,스타벅스 신림점,커피,라떼,얼그레이 바닐라 티 라떼,1,1,0,0,잘 만들다,0,
13096769,스타벅스 신림점,베이커리,빵,베이글,1,1,0,0,맛있다,0,
13096769,스타벅스 신림점,커피,라떼,차이티라떼,1,1,0,0,힐링이다,0,
13096769,스타벅스 신림점,디저트,케이크,스노우딸기케이크,1,1,0,0,먹을만하다,0,
13096769,스타벅스 신림점,디저트,케이크,생크림 딸기 케이크,1,1,0,0,맛있다,0,
13096769,스타벅스 신림점,음료,음료,쿨라임피지오,1,1,0,0,맛있다,0,
1309705877,세상의 모든 디저트,음료,주스,수박주스,8,8,0,0,맛있다,13.7653,
1309705877,세상의 모든 디저트,베이커리,와플,와플,5,5,0,0,맛있다,10.3449,
1309705877,세상의 모든 디저트,음료,주스,생과일주스,2,2,0,0,신선하다,7.2752,
1309705877,세상의 모든 디저트,음료,과일,수박,2,2,0,0,맛있다,6.9105,
1309705877,세상의 모든 디저트,디저트,간식,생크림,2,2,0,0,많다,4.8276,
1309705877,세상의 모든 디저트,푸드,간식,떡볶이,3,2,1,0,기대된다,3.4553,
1309705877,세상의 모든 디저트,디저트,케이크,케이크,2,2,0,0,다양하다,2.5535,
1309705877,세상의 모든 디저트,커피,아메리카노,아메리카노,3,3,0,0,고소하고 맛있다,1.2802,
1309705877,세상의 모든 디저트,음료,주스,수박쥬스,2,1,1,0,맛이 기대 이하이다,0,
1309705877,세상의 모든 디저트,푸드,감자,회오리감자,1,1,0,0,감동스럽다,0,
1309705877,세상의 모든 디저트,푸드,간식,닭꼬치,1,1,0,0,맛있다,0,
1309705877,세상의 모든 디저트,디저트,빙수,빙수,1,0,0,1,,0,
1309705877,세상의 모든 디저트,푸드,핫도그,마약핫도그,1,1,0,0,따뜻하다,0,
1309705877,세상의 모든 디저트,푸드,소세지,소세지,1,1,0,0,퀄리티가 최상이다,0,
1309705877,세상의 모든 디저트,푸드,튀김,팝콘치킨,1,1,0,0,가성비가 좋고 양이 푸짐하다,0,
1309705877,세상의 모든 디저트,음료,음료,딸기 스무디,1,1,0,0,맛과 양이 좋다,0,
1309705877,세상의 모든 디저트,음료,음료,미숫가루,1,1,0,0,맛과 양이 좋다,0,
1309705877,세상의 모든 디저트,커피,라떼,고구마라떼,1,1,0,0,달고 부드럽다,0,
1309705877,세상의 모든 디저트,음료,주스,토마토 생과일주스,1,1,0,0,상큼하다,0,
1309705877,세상의 모든 디저트,푸드,푸드,파전,1,1,0,0,맛있다,0,
1309705877,세상의 모든 디저트,푸드,과일,찰옥수수,1,1,0,0,쫄깃하다,0,
1309705877,세상의 모든 디저트,커피,라떼,라떼,1,1,0,0,진하다,0,
1309705877,세상의 모든 디저트,디저트,케이크,밀크크레이프,1,1,0,0,맛있다,0,
1309705877,세상의 모든 디저트,디저트,간식,카라멜팝콘,1,1,0,0,가성비가 좋다,0,
1309705877,세상의 모든 디저트,베이커리,와플,오레오누텔라 와플,1,1,0,0,느끼하지 않다,0,
1309705877,세상의 모든 디저트,디저트,치즈케이크,치즈케이크,1,1,0,0,꾸덕하다,0,
1309705877,세상의 모든 디저트,커피,라떼,말차라떼,1,1,0,0,맛있다,0,
1309705877,세상의 모든 디저트,커피,프라푸치노,프라페,1,1,0,0,맛있다,0,
1309705877,세상의 모든 디저트,디저트,빙수,컵빙수,1,0,0,1,,0,
1309705877,세상의 모든 디저트,커피,라떼,딸기라떼,1,1,0,0,맛있다,0,
1309705877,세상의 모든 디저트,디저트,간식,스위트 팝콘,1,1,0,0,푸짐하다,0,
1309705877,세상의 모든 디저트,커피,프라푸치노,코코넛커피스무디,1,1,0,0,맛있다,0,
1309705877,세상의 모든 디저트,음료,음료,슬러시,1,0,0,1,,0,
1309705877,세상의 모든 디저트,음료,스무디,스무디,1,1,0,0,,0,
1309705877,세상의 모든 디저트,커피,아메리카노,아이스아메리카노,1,0,0,1,,0,
1309705877,세상의 모든 디저트,푸드,간식,카라멜 팝콘,1,1,0,0,카라멜이 많다,0,
1309705877,세상의 모든 디저트,음료,에이드,자몽에이드,1,1,0,0,진하다,0,
1312025848,백억커피 신림점,푸드,간식,팝콘,7,3,2,2,기분 좋다,3.6376,
1312025848,백억커피 신림점,커피,아메리카노,아이스아메리카노,2,1,0,1,,0,
1312025848,백억커피 신림점,푸드,간식,김치볶음밥,1,0,0,1,,0,
1312025848,백억커피 신림점,커피,라떼,카라멜마끼아또,1,1,0,0,맛있다,0,
1312025848,백억커피 신림점,커피,커피,백억커피,1,1,0,0,맛있다,0,
1312025848,백억커피 신림점,커피,아메리카노,아메리카노,1,0,0,1,,0,
1312025848,백억커피 신림점,커피,라떼,라떼,1,1,0,0,진하고 고소하다,0,
1312025848,백억커피 신림점,커피,커피,원두,1,0,1,0,맛이 별로다,0,
1312025848,백억커피 신림점,음료,음료,딸기우유,1,1,0,0,,0,
1312025848,백억커피 신림점,베이커리,빵,어니언베이글,1,1,0,0,,0,
1312025848,백억커피 신림점,푸드,간식,대파크림치즈,1,1,0,0,,0,
1312025848,백억커피 신림점,음료,스무디,배스무디,1,0,0,1,,0,
13154932,카페여기,베이커리,와플,와플,4,4,0,0,맛있다,8.2759,
13154932,카페여기,음료,주스,생과일주스,2,2,0,0,맛있다,7.2752,
13154932,카페여기,커피,라떼,바닐라라떼,4,3,1,0,맛있다,2.0847,
13154932,카페여기,푸드,샌드위치,샌드위치,2,1,0,1,맛있다,0,
13154932,카페여기,디저트,마카롱,마카롱,2,1,0,1,맛있다,0,
13154932,카페여기,음료,티,허브차,1,1,0,0,최고다,0,
13154932,카페여기,푸드,샌드위치,클래식 샌드위치,1,1,0,0,소스가 많다,0,
13154932,카페여기,푸드,소스,소스,1,0,1,0,많다,0,
13154932,카페여기,음료,주스,생과일쥬스,1,0,0,1,,0,
13154932,카페여기,음료,음료,바닐라 시럽,1,1,0,0,,0,
13154932,카페여기,음료,음료,바닐라빈,1,1,0,0,,0,
13154932,카페여기,디저트,케이크,크레이프 케이크,1,0,1,0,,0,
13154932,카페여기,커피,아메리카노,아메리카노,1,1,0,0,가격이 괜찮다,0,
13154932,카페여기,푸드,스프,감자스프,1,0,1,0,맛이 없다,0,
13154932,카페여기,음료,밀크티,애플망고 밀크티,1,0,0,1,,0,
13154932,카페여기,푸드,푸드,피자,1,0,0,1,,0,
13154932,카페여기,디저트,케이크,케익,1,1,0,0,맛있다,0,
13154932,카페여기,베이커리,스콘,얼그레이 스콘,1,1,0,0,향이 좋고 맛있다,0,
13154932,카페여기,음료,음료,라즈베리 밀크티,1,0,1,0,달다,0,
13154932,카페여기,베이커리,빵,커피콩빵,1,1,0,0,맛있다,0,
13154932,카페여기,음료,음료,음료수,1,1,0,0,맛있다,0,
13154932,카페여기,푸드,샌드위치,생크림샌드위치,1,1,0,0,맛있다,0,
13154932,카페여기,푸드,토스트,생크림토스트,1,1,0,0,맛있다,0,
1342727521,시티스트릿츠,커피,에스프레소,에스프레소,10,8,0,2,맛이 다양하다,20.3118,
1342727521,시티스트릿츠,커피,커피,원두,12,11,0,1,신선하다,16.868,
1342727521,시티스트릿츠,음료,음료,오렌지 하프앤하프,3,3,0,0,특색있다,15.7411,
1342727521,시티스트릿츠,커피,라떼,라떼,20,19,0,1,맛있다,12.0062,
1342727521,시티스트릿츠,디저트,파이,바노피파이,3,2,0,1,맛있다,10.494,
1342727521,시티스트릿츠,커피,커피,에어로프레스,2,2,0,0,깔끔하다,10.494,
1342727521,시티스트릿츠,커피,커피,디카페인,5,5,0,0,맛있다,6.9844,
1342727521,시티스트릿츠,커피,라떼,플랫화이트,3,2,0,1,맛있다,6.9105,
1342727521,시티스트릿츠,디저트,치즈케이크,치즈케이크,3,3,0,0,맛있다,5.5375,
1342727521,시티스트릿츠,디저트,케이크,케이크,2,2,0,0,맛있다,2.5535,
1342727521,시티스트릿츠,커피,아메리카노,아메리카노,4,3,0,1,맛있다,1.2802,
1342727521,시티스트릿츠,커피,커피,핸드드립,1,0,0,1,,0,
1342727521,시티스트릿츠,커피,커피,로스팅,1,1,0,0,기가막히다,0,
1342727521,시티스트릿츠,커피,커피,드립커피,1,1,0,0,,0,
1342727521,시티스트릿츠,커피,커피,우유폼,1,1,0,0,곱게 올라가 있다,0,
1342727521,시티스트릿츠,커피,라떼,산미원두라떼,1,1,0,0,맛있다,0,
1342727521,시티스트릿츠,커피,라떼,고소한원두라떼,1,1,0,0,맛있다,0,
1342727521,시티스트릿츠,커피,커피,시그니쳐 메뉴,1,1,0,0,고소하고 단맛이 적당하다,0,
1342727521,시티스트릿츠,커피,라떼,소이라떼,1,1,0,0,맛있다,0,
1342727521,시티스트릿츠,커피,라떼,아이스두유라떼,1,1,0,0,맛있다,0,
1342727521,시티스트릿츠,커피,라떼,아이스라떼,1,1,0,0,맛있다,0,
1342727521,시티스트릿츠,음료,음료,수제청사과드링크요거트,1,1,0,0,맛있다,0,
1342727521,시티스트릿츠,음료,음료,딸기요거트,1,1,0,0,,0,
1342727521,시티스트릿츠,커피,라떼,시티스트릿츠커피라떼,1,1,0,0,맛있다,0,
1342727521,시티스트릿츠,커피,커피,시티스트릿츠커피,1,1,0,0,그립다,0,
1342727521,시티스트릿츠,커피,커피,시그니처 오렌지커피,1,1,0,0,맛이 좋다,0,
1342727521,시티스트릿츠,커피,라떼,카페라떼,1,1,0,0,고소하다,0,
1342727521,시티스트릿츠,음료,밀크티,오트 밀크티,1,1,0,0,맛있다,0,
1342727521,시티스트릿츠,커피,커피,블랙커피,1,1,0,0,,0,
1342727521,시티스트릿츠,커피,캔커피,병 커피,1,1,0,0,,0,
1342727521,시티스트릿츠,커피,커피,필터커피,1,1,0,0,,0,
1342727521,시티스트릿츠,디저트,간식,버터쿠키,1,1,0,0,,0,
1342727521,시티스트릿츠,커피,라떼,아메리카노라떼,1,1,0,0,맛있다,0,
1342727521,시티스트릿츠,음료,티,티,1,1,0,0,따뜻하다,0,
1342727521,시티스트릿츠,베이커리,간식,코코넛 쿠키,1,1,0,0,맛있다,0,
1342727521,시티스트릿츠,베이커리,스콘,피넛버터스콘,1,1,0,0,맛있다,0,
1342727521,시티스트릿츠,커피,아메리카노,아이스아메리카노,1,1,0,0,괜찮다,0,
1342727521,시티스트릿츠,커피,라떼,인생라떼,1,1,0,0,맛이 비슷하고 재밌다,0,
1342727521,시티스트릿츠,음료,음료,빨대,1,1,0,0,환경을 생각한다,0,
1342727521,시티스트릿츠,음료,음료,일회용컵,1,1,0,0,환경을 생각한다,0,
1342727521,시티스트릿츠,음료,음료,두유,1,1,0,0,,0,
1342727521,시티스트릿츠,커피,라떼,따뜻한라떼,1,0,0,1,,0,
1344329132,별별카롱,디저트,마카롱,마카롱,108,102,2,4,맛있다,230.2585,
1344329132,별별카롱,베이커리,빵,꼬끄,12,11,1,0,맛있다,52.4702,
1344329132,별별카롱,디저트,머랭,머랭쿠키,10,10,0,0,맛있다,38.6073,
1344329132,별별카롱,푸드,소스,필링,8,8,0,0,맛있다,36.431,
1344329132,별별카롱,디저트,머랭,머랭,5,4,1,0,맛있고 부드럽다,15.7411,
1344329132,별별카롱,디저트,간식,흑임자,2,2,0,0,고소하다,8.2968,
1344329132,별별카롱,디저트,간식,브라우니,3,3,0,0,맛있다,7.4233,
1344329132,별별카롱,음료,티,얼그레이,2,1,0,1,찐하다,0,
1344329132,별별카롱,디저트,마카롱,유자맛 마카롱,1,1,0,0,맛있다,0,
1344329132,별별카롱,디저트,마카롱,인절미맛 마카롱,1,1,0,0,맛있다,0,
1344329132,별별카롱,푸드,간식,수능세트,1,1,0,0,,0,
1344329132,별별카롱,디저트,마카롱,마카롱 꼬끄,1,1,0,0,쫀득하다,0,
1344329132,별별카롱,푸드,간식,색조합,1,1,0,0,귀엽다,0,
1344329132,별별카롱,커피,커피,스페셜,1,1,0,0,,0,
1344329132,별별카롱,디저트,마카롱,스페셜 마카롱,1,1,0,0,,0,
1344329132,별별카롱,푸드,간식,피칸바,1,1,0,0,,0,
1344329132,별별카롱,디저트,마카롱,찐 마카롱,1,1,0,0,,0,
1344329132,별별카롱,디저트,간식,오란다,1,1,0,0,,0,
1344329132,별별카롱,푸드,간식,더블황치즈,1,1,0,0,맛있다,0,
1344329132,별별카롱,커피,커피,솔티카라멜,1,1,0,0,취향저격이다,0,
1344329132,별별카롱,푸드,간식,선물 세트,1,1,0,0,구성이 센스 있다,0,
1344329132,별별카롱,디저트,푸딩,바닐라크림브륄레,1,1,0,0,,0,
1344329132,별별카롱,디저트,마카롱,유자마카롱,1,1,0,0,,0,
1344329132,별별카롱,디저트,간식,로투스,1,1,0,0,,0,
1344329132,별별카롱,디저트,간식,오레오 브라우니,1,0,1,0,달다,0,
1344329132,별별카롱,디저트,마카롱,별별카롱,1,1,0,0,친절하다,0,
1344329132,별별카롱,디저트,푸딩,크림브륄레,1,1,0,0,맛있다,0,
1344329132,별별카롱,푸드,간식,황치즈,1,0,0,1,,0,
1344329132,별별카롱,음료,과일,유자,1,0,0,1,,0,
1344329132,별별카롱,디저트,간식,꼬끄 머랭,1,1,0,0,맛있다,0,
1344329132,별별카롱,음료,티,아이스티,1,1,0,0,맛있다,0,
1344329132,별별카롱,디저트,마카롱,뚱카롱,1,1,0,0,크고 두껍다,0,
1344329132,별별카롱,디저트,가나슈,상큼유자 가나슈,1,1,0,0,,0,
1344329132,별별카롱,디저트,간식,젤리,1,1,0,0,,0,
1344329132,별별카롱,음료,음료,말차,1,1,0,0,,0,
1344329132,별별카롱,푸드,토스트,이삭토스트,1,0,0,1,,0,
1344329132,별별카롱,음료,음료,블루베리 필링,1,1,0,0,맛있다,0,
1344329132,별별카롱,디저트,마카롱,미니 마카롱,1,1,0,0,,0,
1344329132,별별카롱,디저트,소스,초코필링,1,1,0,0,적당히 달다,0,
1344329132,별별카롱,디저트,간식,오레오,1,0,0,1,,0,
1344329132,별별카롱,디저트,간식,꼬끄후레이크,1,1,0,0,맛있다,0,
1344329132,별별카롱,디저트,마카롱,크리스마스 마카롱,1,1,0,0,,0,
1344329132,별별카롱,디저트,마카롱,돼지바마카롱,1,1,0,0,훌륭하다,0,
1344329132,별별카롱,푸드,과일,패션후르츠,1,1,0,0,맛있다,0,
13474262,세미온,디저트,케이크,케이크,4,3,0,1,맛있다,3.8302,
13474262,세미온,베이커리,타르트,에그타르트,1,0,0,1,,0,
13474262,세미온,베이커리,빵,페이스트리빵,1,1,0,0,부드럽고 촉촉하다,0,
13474262,세미온,음료,음료,시나몬파우더,1,1,0,0,,0,
13474262,세미온,디저트,타르트,딸기타르트,1,1,0,0,맛있다,0,
13474262,세미온,디저트,치즈케이크,초코치즈케이크,1,1,0,0,맛있다,0,
13474262,세미온,음료,주스,자몽주스,1,1,0,0,안 달다,0,
13474262,세미온,디저트,타르트,타르트류,1,0,0,1,,0,
13474262,세미온,디저트,치즈케이크,레몬치즈,1,0,0,1,,0,
13474262,세미온,푸드,간식,에그,1,0,0,1,,0,
13474262,세미온,음료,과일,오렌지,1,0,0,1,,0,
13474262,세미온,푸드,과일,당근,1,0,0,1,,0,
13474262,세미온,디저트,케이크,레드벨벳,1,0,0,1,,0,
13474262,세미온,베이커리,빵,슈톨렌,1,0,0,1,,0,
13474262,세미온,디저트,케이크,케익,1,1,0,0,,0,
13474262,세미온,디저트,간식,브라우니,1,1,0,0,맛있다,0,
13474262,세미온,디저트,치즈케이크,초코치즈케익,1,1,0,0,진하다,0,
1349981277,카페in하루,디저트,치즈케이크,치즈케이크,3,3,0,0,꾸덕하다,5.5375,
1349981277,카페in하루,디저트,케이크,케이크,6,5,1,0,맛있다,5.1069,
1349981277,카페in하루,베이커리,빵,커피콩빵,2,1,0,1,가성비가 좋다,0,
1349981277,카페in하루,베이커리,빵,붕어빵,2,1,0,1,,0,
1349981277,카페in하루,디저트,케이크,곰돌이케이크,1,0,1,0,,0,
1349981277,카페in하루,디저트,케이크,쇼콜라크레이프케이크,1,0,1,0,촉촉하지 않다,0,
1349981277,카페in하루,음료,에이드,레몬에이드,1,1,0,0,상큼하다,0,
1349981277,카페in하루,베이커리,빵,오리지날번,1,1,0,0,바삭하다,0,
1349981277,카페in하루,디저트,간식,뽑기,1,1,0,0,,0,
1349981277,카페in하루,커피,커피,원두,1,1,0,0,풍미가 살아 있다,0,
1349981277,카페in하루,커피,라떼,쏠티드 크림 라떼,1,1,0,0,맛있다,0,
1349981277,카페in하루,음료,주스,수박주스,1,1,0,0,리얼 수박을 사용한다,0,
1349981277,카페in하루,베이커리,빵,미니 붕어빵 세트,1,1,0,0,맛있다,0,
1349981277,카페in하루,베이커리,빵,먹물 소금빵,1,1,0,0,맛있다,0,
1349981277,카페in하루,음료,티,자몽티,1,1,0,0,맛있다,0,
1349981277,카페in하루,디저트,케이크,초코무스케이크,1,1,0,0,맛있다,0,
1349981277,카페in하루,디저트,케이크,순수우유케익,1,1,0,0,부드럽다,0,
1349981277,카페in하루,베이커리,크로플,크로플,1,1,0,0,맛있다,0,
1349981277,카페in하루,음료,음료,식혜,1,1,0,0,,0,
1349981277,카페in하루,음료,티,얼그레이,1,1,0,0,향이 좋다,0,
1349981277,카페in하루,커피,아메리카노,아이스아메리카노,1,1,0,0,,0,
1349981277,카페in하루,베이커리,빵,커피번,1,1,0,0,따뜻하다,0,
1349981277,카페in하루,커피,아메리카노,아메리카노,1,1,0,0,맛있다,0,
1359237619,네이밍카페커피GO!#1,커피,라떼,딸기라떼,7,7,0,0,맛있다,10.4008,
1359237619,네이밍카페커피GO!#1,술,술,뱅쇼,3,3,0,0,맛있다,7.8239,
1359237619,네이밍카페커피GO!#1,푸드,간식,떡볶이,2,2,0,0,맛있다,6.9105,
1359237619,네이밍카페커피GO!#1,음료,티,아이스티,2,2,0,0,맛있다,4.8276,
1359237619,네이밍카페커피GO!#1,디저트,마카롱,마카롱,2,2,0,0,맛있다,4.6052,
1359237619,네이밍카페커피GO!#1,커피,아메리카노,아이스아메리카노,4,3,0,1,맛있다,1.9862,
1359237619,네이밍카페커피GO!#1,커피,아메리카노,아메리카노,3,3,0,0,맛있다,1.2802,
1359237619,네이밍카페커피GO!#1,커피,라떼,라떼,2,2,0,0,맛있다,1.2638,
1359237619,네이밍카페커피GO!#1,디저트,케이크,케이크,2,1,0,1,맛있다,0,
1359237619,네이밍카페커피GO!#1,음료,티,오미자차,1,1,0,0,신맛이 강하다,0,
1359237619,네이밍카페커피GO!#1,음료,밀크티,타로버블티,1,0,1,0,밍밍하다,0,
1359237619,네이밍카페커피GO!#1,음료,음료,타로맛,1,0,1,0,약하다,0,
1359237619,네이밍카페커피GO!#1,디저트,빙수,팥빙수,1,1,0,0,재료가 가득하다,0,
1359237619,네이밍카페커피GO!#1,푸드,간식,팥,1,1,0,0,가득하다,0,
1359237619,네이밍카페커피GO!#1,디저트,빙수,블루베리빙수,1,1,0,0,가득하다,0,
1359237619,네이밍카페커피GO!#1,음료,과일,블루베리,1,1,0,0,끝없이 나오다,0,
1359237619,네이밍카페커피GO!#1,디저트,빙수,오리지널빙수,1,0,0,1,,0,
1359237619,네이밍카페커피GO!#1,디저트,빙수,인절미빙수,1,0,0,1,,0,
1359237619,네이밍카페커피GO!#1,음료,과일,망고,1,1,0,0,양이 많다,0,
1359237619,네이밍카페커피GO!#1,베이커리,빵,허니브레드,1,0,0,1,눅진하다,0,
1359237619,네이밍카페커피GO!#1,음료,음료,뱅쇼 무알콜,1,1,0,0,맛있다,0,
1359237619,네이밍카페커피GO!#1,음료,과일,복숭아,1,1,0,0,,0,
1359237619,네이밍카페커피GO!#1,디저트,케이크,오레오조각케이크,1,1,0,0,맛있다,0,
1359237619,네이밍카페커피GO!#1,디저트,빙수,블루베리 눈꽃빙수,1,1,0,0,블루베리가 듬뿍 들어있다,0,
1359237619,네이밍카페커피GO!#1,음료,주스,감귤천혜향주스,1,1,0,0,싱그럽다,0,
1359237619,네이밍카페커피GO!#1,음료,음료,아몬드크림,1,1,0,0,,0,
1359237619,네이밍카페커피GO!#1,디저트,간식,초콜릿,1,1,0,0,맛있다,0,
1359237619,네이밍카페커피GO!#1,푸드,과일,양상추,1,0,0,1,,0,
1359237619,네이밍카페커피GO!#1,커피,라떼,말차라떼,1,1,0,0,맛있다,0,
1359237619,네이밍카페커피GO!#1,커피,커피,아이스커피,1,1,0,0,부드럽고 맛있다,0,
1359237619,네이밍카페커피GO!#1,커피,라떼,카페라떼,1,1,0,0,기본 맛이다,0,
1359237619,네이밍카페커피GO!#1,커피,아메리카노,디카페인 아메리카노,1,0,0,1,,0,
1359237619,네이밍카페커피GO!#1,커피,에스프레소,바닐라 마끼아또,1,0,0,1,,0,
1359237619,네이밍카페커피GO!#1,커피,라떼,토피넛라떼,1,1,0,0,맛있다,0,
1359237619,네이밍카페커피GO!#1,커피,커피,디카페인,1,1,0,0,맛있다,0,
1359237619,네이밍카페커피GO!#1,커피,커피,달고나커피,1,1,0,0,맛있다,0,
1359237619,네이밍카페커피GO!#1,커피,라떼,쑥라떼,1,1,0,0,좋다,0,
1359237619,네이밍카페커피GO!#1,커피,커피,콜드브루,1,1,0,0,맛있다,0,
1359237619,네이밍카페커피GO!#1,디저트,케이크,돌체,1,1,0,0,부드럽다,0,
1359237619,네이밍카페커피GO!#1,음료,음료,음료수,1,1,0,0,맛있다,0,
1359237619,네이밍카페커피GO!#1,음료,에이드,레몬에이드,1,1,0,0,맛있다,0,
1359237619,네이밍카페커피GO!#1,커피,라떼,흑당카페라떼,1,1,0,0,맛있다,0,
1359237619,네이밍카페커피GO!#1,커피,라떼,흑당라떼,1,1,0,0,맛있다,0,
1359237619,네이밍카페커피GO!#1,디저트,간식,인절미,1,1,0,0,고소하고 달지 않다,0,
1359237619,네이밍카페커피GO!#1,커피,라떼,화이트카페모카,1,1,0,0,맛있다,0,
1359237619,네이밍카페커피GO!#1,음료,티,버블티,1,1,0,0,끝내주다,0,
1359237619,네이밍카페커피GO!#1,음료,음료,미숫가루,1,0,0,1,,0,
1359237619,네이밍카페커피GO!#1,디저트,간식,땅콩,1,1,0,0,,0,
1359237619,네이밍카페커피GO!#1,푸드,간식,호두,1,1,0,0,,0,
1359237619,네이밍카페커피GO!#1,음료,음료,깔라만시에이드,1,0,0,1,,0,
1360941313,빵장수단팥빵cafe 신림점,베이커리,빵,단팥빵,25,17,3,5,맛있다,48.3737,
1360941313,빵장수단팥빵cafe 신림점,베이커리,빵,무설탕단팥빵,7,5,0,2,맛있다,26.2351,
1360941313,빵장수단팥빵cafe 신림점,베이커리,빵,무설탕 단팥빵,3,3,0,0,최고다,15.7411,
1360941313,빵장수단팥빵cafe 신림점,베이커리,빵,생크림단팥빵,3,3,0,0,촉촉하고 조화롭게 맛있다,13.6616,
1360941313,빵장수단팥빵cafe 신림점,베이커리,빵,팥빵,2,2,0,0,맛있다,9.1078,
1360941313,빵장수단팥빵cafe 신림점,푸드,간식,팥,5,4,1,0,잘 어울리다,8.5474,
1360941313,빵장수단팥빵cafe 신림점,디저트,케이크,고구마케이크,2,2,0,0,부드럽다,7.7215,
1360941313,빵장수단팥빵cafe 신림점,디저트,간식,생크림,4,3,0,1,맛있다,7.2414,
1360941313,빵장수단팥빵cafe 신림점,베이커리,빵,소금빵,2,2,0,0,맛있다,4.7133,
1360941313,빵장수단팥빵cafe 신림점,디저트,케이크,케이크,3,1,0,2,,0,
1360941313,빵장수단팥빵cafe 신림점,디저트,간식,고구마야끼모찌,2,0,0,2,,0,
1360941313,빵장수단팥빵cafe 신림점,베이커리,빵,통단팥빵,2,1,0,1,맛있다,0,
1360941313,빵장수단팥빵cafe 신림점,베이커리,빵,단팥크림빵,2,1,0,1,맛있다,0,
1360941313,빵장수단팥빵cafe 신림점,베이커리,빵,녹차크림치즈빵,2,1,0,1,맛있다,0,
1360941313,빵장수단팥빵cafe 신림점,디저트,간식,메이플찰떡,1,1,0,0,크고 맛있다,0,
1360941313,빵장수단팥빵cafe 신림점,베이커리,빵,대왕 찰떡파이,1,1,0,0,맛있다,0,
1360941313,빵장수단팥빵cafe 신림점,음료,소스,메이플시럽,1,1,0,0,,0,
1360941313,빵장수단팥빵cafe 신림점,베이커리,빵,앙버터,1,1,0,0,맛있다,0,
1360941313,빵장수단팥빵cafe 신림점,베이커리,소보로,소보루,1,1,0,0,맛있다,0,
1360941313,빵장수단팥빵cafe 신림점,푸드,간식,팥순,1,1,0,0,맛있다,0,
1360941313,빵장수단팥빵cafe 신림점,푸드,간식,기본,1,1,0,0,맛있다,0,
1360941313,빵장수단팥빵cafe 신림점,베이커리,빵,맘모스빵,1,1,0,0,맛있다,0,
1360941313,빵장수단팥빵cafe 신림점,베이커리,빵,소보루 단팥빵,1,0,0,1,,0,
1360941313,빵장수단팥빵cafe 신림점,베이커리,빵,찰떡꽈배기,1,0,0,1,,0,
1360941313,빵장수단팥빵cafe 신림점,베이커리,빵,맘모스,1,0,0,1,,0,
1360941313,빵장수단팥빵cafe 신림점,베이커리,빵,꽈배기,1,1,0,0,예술이다,0,
1360941313,빵장수단팥빵cafe 신림점,베이커리,빵,앙버터단팥빵,1,0,1,0,청결하지 않다,0,
1360941313,빵장수단팥빵cafe 신림점,푸드,간식,단팥소,1,1,0,0,고소하고 맛있다,0,
1360941313,빵장수단팥빵cafe 신림점,베이커리,빵,생크림빵,1,1,0,0,촉촉하다,0,
1360941313,빵장수단팥빵cafe 신림점,디저트,타르트,타르트,1,0,0,1,,0,
1360941313,빵장수단팥빵cafe 신림점,베이커리,빵,호밀코요타,1,0,0,1,,0,
1360941313,빵장수단팥빵cafe 신림점,음료,음료,고구마맛,1,1,0,0,은은하다,0,
1360941313,빵장수단팥빵cafe 신림점,디저트,타르트,타르트류,1,0,0,1,보통이다,0,
1360941313,빵장수단팥빵cafe 신림점,베이커리,빵,크림들빵,1,1,0,0,맛있다,0,
1360941313,빵장수단팥빵cafe 신림점,디저트,간식,만쥬,1,1,0,0,맛있다,0,
1360941313,빵장수단팥빵cafe 신림점,음료,스무디,팥스무디,1,0,0,1,,0,
1360941313,빵장수단팥빵cafe 신림점,푸드,소스,팥토핑,1,0,1,0,,0,
1360941313,빵장수단팥빵cafe 신림점,베이커리,빵,단팥빵 4종,1,0,0,1,,0,
1360941313,빵장수단팥빵cafe 신림점,푸드,간식,찹쌀류 제품,1,1,0,0,쫄깃하다,0,
1360941313,빵장수단팥빵cafe 신림점,베이커리,빵,부세,1,0,0,1,,0,
1360941313,빵장수단팥빵cafe 신림점,푸드,샌드위치,미니햄치즈,1,0,0,1,,0,
1360941313,빵장수단팥빵cafe 신림점,베이커리,빵,크림있는 빵,1,0,0,1,,0,
1360941313,빵장수단팥빵cafe 신림점,베이커리,빵,빵피,1,1,0,0,신경쓴 느낌이 있다,0,
1360941313,빵장수단팥빵cafe 신림점,디저트,간식,누네띠네,1,1,0,0,,0,
1360941313,빵장수단팥빵cafe 신림점,베이커리,빵,단팥빵 팥,1,1,0,0,많이 들어있다,0,
1360941313,빵장수단팥빵cafe 신림점,푸드,간식,단팥,1,0,0,1,,0,
1360941313,빵장수단팥빵cafe 신림점,디저트,간식,슈크림,1,0,0,1,,0,
1360941313,빵장수단팥빵cafe 신림점,음료,음료,망고요거트,1,0,0,1,,0,
1360941313,빵장수단팥빵cafe 신림점,디저트,간식,녹차티라미수,1,0,0,1,,0,
1360941313,빵장수단팥빵cafe 신림점,베이커리,빵,옛날빵,1,0,0,1,,0,
1360941313,빵장수단팥빵cafe 신림점,베이커리,빵,전일빵,1,0,0,1,,0,
1360941313,빵장수단팥빵cafe 신림점,베이커리,빵,지난빵,1,0,0,1,,0,
1360941313,빵장수단팥빵cafe 신림점,푸드,간식,견과류,1,0,0,1,,0,
1360941313,빵장수단팥빵cafe 신림점,베이커리,빵,소보루단팥빵,1,1,0,0,맛있다,0,
1360941313,빵장수단팥빵cafe 신림점,디저트,간식,야끼모찌,1,1,0,0,식감이 좋다,0,
1360941313,빵장수단팥빵cafe 신림점,디저트,간식,고구마 모찌,1,0,1,0,맛이 부족하다,0,
1360941313,빵장수단팥빵cafe 신림점,베이커리,빵,빵장수단팥빵,1,0,0,1,,0,
1360941313,빵장수단팥빵cafe 신림점,디저트,간식,초당옥수수크림,1,1,0,0,느끼하지 않다,0,
1360941313,빵장수단팥빵cafe 신림점,디저트,간식,녹차크림치즈,1,1,0,0,쫄깃하다,0,
1360941313,빵장수단팥빵cafe 신림점,베이커리,빵,모카크림빵,1,1,0,0,맛있다,0,
1360941313,빵장수단팥빵cafe 신림점,베이커리,빵,말차맛크림빵,1,0,0,1,,0,
1360941313,빵장수단팥빵cafe 신림점,푸드,간식,호두알,1,1,0,0,큼지막하다,0,
1360941313,빵장수단팥빵cafe 신림점,베이커리,빵,저당단팥빵,1,0,0,1,,0,
1360941313,빵장수단팥빵cafe 신림점,디저트,간식,초당옥수수생크림,1,1,0,0,맛있다,0,
1360941313,빵장수단팥빵cafe 신림점,디저트,간식,녹차 크림치즈,1,1,0,0,맛있다,0,
1360941313,빵장수단팥빵cafe 신림점,베이커리,빵,생크림 단팥빵,1,1,0,0,맛있다,0,
1360941313,빵장수단팥빵cafe 신림점,디저트,간식,녹차크림치즈야끼모찌,1,0,1,0,맛이 잘 느껴지지 않는다,0,
1360941313,빵장수단팥빵cafe 신림점,디저트,간식,생쑥찰떡,1,1,0,0,식감이 좋고 맛있다,0,
1360941313,빵장수단팥빵cafe 신림점,디저트,간식,꾸덕쇼콜라,1,0,0,1,,0,
1364105775,FOAM & normal (폼앤노말),디저트,푸딩,바나나푸딩,12,11,0,1,맛있다,36.3123,
1364105775,FOAM & normal (폼앤노말),베이커리,파이,애플파이,3,3,0,0,맛있다,13.6616,
1364105775,FOAM & normal (폼앤노말),커피,커피,아인슈페너,7,5,1,1,맛있다,8.4461,
1364105775,FOAM & normal (폼앤노말),커피,커피,모카,2,2,0,0,맛있다,8.2968,
1364105775,FOAM & normal (폼앤노말),커피,커피,아인슈패너,2,2,0,0,맛있다,6.9105,
1364105775,FOAM & normal (폼앤노말),디저트,치즈케이크,바스크치즈케이크,2,2,0,0,맛있다,5.6983,
1364105775,FOAM & normal (폼앤노말),음료,음료,말차,2,2,0,0,맛있다,5.5242,
1364105775,FOAM & normal (폼앤노말),디저트,케이크,케이크,4,3,0,1,맛있다,3.8302,
1364105775,FOAM & normal (폼앤노말),디저트,치즈케이크,치즈케이크,3,2,0,1,평범하다,3.6917,
1364105775,FOAM & normal (폼앤노말),커피,라떼,바닐라라떼,3,3,0,0,맛있다,3.127,
1364105775,FOAM & normal (폼앤노말),커피,아메리카노,아이스아메리카노,3,3,0,0,맛있다,1.9862,
1364105775,FOAM & normal (폼앤노말),커피,라떼,라떼,3,3,0,0,맛이 좋다,1.8957,
1364105775,FOAM & normal (폼앤노말),커피,아메리카노,아메리카노,5,2,1,2,맛있다,0.4267,
1364105775,FOAM & normal (폼앤노말),커피,라떼,크림모카,2,0,1,1,맛이 약하다,0,
1364105775,FOAM & normal (폼앤노말),커피,에스프레소,크림에스프레소,2,1,0,1,맛있다,0,
1364105775,FOAM & normal (폼앤노말),디저트,간식,아이스크림,2,1,0,1,,0,
1364105775,FOAM & normal (폼앤노말),디저트,간식,블론디,2,1,0,1,,0,
1364105775,FOAM & normal (폼앤노말),술,술,하이볼,1,1,0,0,,0,
1364105775,FOAM & normal (폼앤노말),음료,음료,따뜻한 티,1,1,0,0,,0,
1364105775,FOAM & normal (폼앤노말),디저트,간식,스트로베리필드,1,1,0,0,,0,
1364105775,FOAM & normal (폼앤노말),디저트,간식,딸기크림,1,1,0,0,,0,
1364105775,FOAM & normal (폼앤노말),음료,음료,스트로베리 머시기,1,1,0,0,상큼하다,0,
1364105775,FOAM & normal (폼앤노말),디저트,케이크,딸기무스,1,1,0,0,,0,
1364105775,FOAM & normal (폼앤노말),커피,커피,딥 카라멜,1,1,0,0,별미이다,0,
1364105775,FOAM & normal (폼앤노말),음료,음료,카라멜맛,1,1,0,0,진하다,0,
1364105775,FOAM & normal (폼앤노말),커피,에스프레소,에스프레소,1,0,0,1,,0,
1364105775,FOAM & normal (폼앤노말),커피,라떼,플랫화이트,1,0,0,1,,0,
1364105775,FOAM & normal (폼앤노말),음료,음료,시나몬너티,1,0,1,0,진하지 않다,0,
1364105775,FOAM & normal (폼앤노말),디저트,간식,블론디브라우니,1,1,0,0,매력적이다,0,
1364105775,FOAM & normal (폼앤노말),디저트,케이크,바스크,1,1,0,0,맛있다,0,
1364105775,FOAM & normal (폼앤노말),커피,커피,슈페너,1,1,0,0,맛있다,0,
1364105775,FOAM & normal (폼앤노말),디저트,치즈케이크,치즈케잌,1,1,0,0,좋다,0,
1364105775,FOAM & normal (폼앤노말),푸드,간식,모카크림,1,0,0,1,,0,
1364105775,FOAM & normal (폼앤노말),커피,라떼,아이스라떼,1,0,1,0,양이 적다,0,
1364105775,FOAM & normal (폼앤노말),술,술,아이리쉬,1,1,0,0,맛이 조화롭다,0,
1364105775,FOAM & normal (폼앤노말),디저트,간식,초코,1,1,0,0,,0,
1364105775,FOAM & normal (폼앤노말),디저트,간식,초코 씨리얼 토핑,1,1,0,0,,0,
1364105775,FOAM & normal (폼앤노말),디저트,치즈케이크,바스크치즈케잌,1,1,0,0,맛있다,0,
1364105775,FOAM & normal (폼앤노말),커피,커피,디카페인,1,1,0,0,,0,
1364105775,FOAM & normal (폼앤노말),디저트,케이크,굿케이크,1,1,0,0,,0,
1364105775,FOAM & normal (폼앤노말),커피,라떼,말차라떼,1,1,0,0,맛있다,0,
1364105775,FOAM & normal (폼앤노말),커피,에스프레소,크림에쏘,1,1,0,0,맛있다,0,
1364105775,FOAM & normal (폼앤노말),커피,에스프레소,크림 에스프레소,1,1,0,0,맛있다,0,
1367259067,데이즈 라이크 디스,디저트,파이,파이,13,12,0,1,맛있다,49.7809,
1367259067,데이즈 라이크 디스,커피,에스프레소,에스프레소,25,19,0,6,맛있다,48.2405,
1367259067,데이즈 라이크 디스,커피,에스프레소,에스프레소바,7,5,0,2,,22.7694,
1367259067,데이즈 라이크 디스,음료,에이드,리모네,4,4,0,0,맛있다,20.9881,
1367259067,데이즈 라이크 디스,디저트,케이크,라즈베리 파이,3,3,0,0,맛있다,15.7411,
1367259067,데이즈 라이크 디스,베이커리,빵,크루아상,4,3,0,1,바삭하다,12.4452,
1367259067,데이즈 라이크 디스,술,술,오네로소,2,2,0,0,입에 잘 맞다,10.494,
1367259067,데이즈 라이크 디스,커피,커피,코르타도,2,2,0,0,진하다,10.494,
1367259067,데이즈 라이크 디스,베이커리,빵,뺑오쇼콜라,2,2,0,0,크고 맛있다,10.494,
1367259067,데이즈 라이크 디스,베이커리,빵,소금페스츄리,2,2,0,0,맛있다,10.494,
1367259067,데이즈 라이크 디스,음료,빙수,그라니따,2,2,0,0,최고다,9.1078,
1367259067,데이즈 라이크 디스,베이커리,빵,소금빵,3,3,0,0,맛있다,7.07,
1367259067,데이즈 라이크 디스,푸드,샌드위치,샌드위치,5,3,0,2,맛있다,4.8283,
1367259067,데이즈 라이크 디스,커피,라떼,라떼,8,6,0,2,맛있다,3.7914,
1367259067,데이즈 라이크 디스,커피,커피,원두,2,2,0,0,맛있다,3.0669,
1367259067,데이즈 라이크 디스,커피,아메리카노,아메리카노,2,1,0,1,맛있다,0,
1367259067,데이즈 라이크 디스,베이커리,빵,시나몬롤,1,1,0,0,,0,
1367259067,데이즈 라이크 디스,커피,커피,콘파냐,1,1,0,0,,0,
1367259067,데이즈 라이크 디스,디저트,케이크,티라미수,1,1,0,0,맛있다,0,
1367259067,데이즈 라이크 디스,디저트,간식,레몬필,1,0,0,1,,0,
1367259067,데이즈 라이크 디스,음료,음료,설탕,1,0,0,1,,0,
1367259067,데이즈 라이크 디스,디저트,타르트,레몬타르트,1,1,0,0,최고다,0,
1367259067,데이즈 라이크 디스,음료,음료,두유,1,1,0,0,,0,
1367259067,데이즈 라이크 디스,음료,음료,오트우유,1,1,0,0,,0,
1367259067,데이즈 라이크 디스,베이커리,빵,빵오쇼콜라,1,1,0,0,따뜻하다,0,
1367259067,데이즈 라이크 디스,베이커리,빵,소금 크루아상,1,0,0,1,,0,
1367259067,데이즈 라이크 디스,커피,커피,카푸치노,1,1,0,0,부드럽다,0,
1367259067,데이즈 라이크 디스,푸드,샌드위치,크루아상샌드위치,1,1,0,0,루꼴라가 좋다,0,
1367259067,데이즈 라이크 디스,푸드,간식,루꼴라,1,1,0,0,좋다,0,
1367259067,데이즈 라이크 디스,푸드,푸드,햄,1,0,1,0,양이 적다,0,
1367259067,데이즈 라이크 디스,디저트,파이,레몬 파이,1,1,0,0,향긋하고 맛있다,0,
1367259067,데이즈 라이크 디스,디저트,파이,레몬파이,1,1,0,0,맛있다,0,
1367259067,데이즈 라이크 디스,디저트,파이,무화과파이,1,1,0,0,맛있다,0,
1367259067,데이즈 라이크 디스,디저트,케이크,라즈베리파이,1,1,0,0,맛있다,0,
1367259067,데이즈 라이크 디스,음료,음료,과일단맛,1,1,0,0,,0,
1367259067,데이즈 라이크 디스,음료,음료,찬물,1,1,0,0,,0,
1367259067,데이즈 라이크 디스,음료,음료,따뜻한물,1,1,0,0,,0,
1367259067,데이즈 라이크 디스,음료,음료,탄산수,1,1,0,0,,0,
1367259067,데이즈 라이크 디스,디저트,간식,노치올라,1,1,0,0,,0,
1367259067,데이즈 라이크 디스,음료,음료,오르떼,1,1,0,0,,0,
1367259067,데이즈 라이크 디스,술,술,샴페인 블랜드,1,1,0,0,,0,
1367259067,데이즈 라이크 디스,디저트,간식,초콜렛,1,1,0,0,,0,
1367259067,데이즈 라이크 디스,커피,에스프레소,노치올라 에스프레소,1,1,0,0,맛있다,0,
1367259067,데이즈 라이크 디스,커피,라떼,아이스라떼,1,1,0,0,사랑스럽다,0,
1367259067,데이즈 라이크 디스,디저트,파이,무화과 파이,1,1,0,0,맛이 좋다,0,
1367259067,데이즈 라이크 디스,커피,에스프레소,에스프레소 스핀 오프,1,1,0,0,특이하고 맛있다,0,
1367259067,데이즈 라이크 디스,커피,에스프레소,에스프레소 스핀오프,1,1,0,0,맛있다,0,
1367259067,데이즈 라이크 디스,푸드,소스,레몬 껍질,1,1,0,0,인상적이다,0,
1367259067,데이즈 라이크 디스,음료,음료,로즈마리 향,1,1,0,0,향이 상큼하고 시원하다,0,
1367259067,데이즈 라이크 디스,커피,커피,프레치아,1,0,0,1,,0,
1367259067,데이즈 라이크 디스,커피,에스프레소,아포가토더블,1,1,0,0,,0,
1367259067,데이즈 라이크 디스,음료,에이드,레몬에이드,1,1,0,0,이쁘다,0,
1367259067,데이즈 라이크 디스,커피,커피,디카페인,1,1,0,0,,0,
1367259067,데이즈 라이크 디스,푸드,샌드위치,크로와상샌드위치,1,1,0,0,맛있다,0,
1367259067,데이즈 라이크 디스,음료,과일,라즈베리,1,1,0,0,상큼하다,0,
1367259067,데이즈 라이크 디스,베이커리,빵,소금크루와상,1,1,0,0,바삭하고 쫄깃하다,0,
1367259067,데이즈 라이크 디스,디저트,간식,초코,1,1,0,0,,0,
1367259067,데이즈 라이크 디스,푸드,샌드위치,루꼴라샌드위치,1,1,0,0,맛있다,0,
1367259067,데이즈 라이크 디스,디저트,파이,레몬커드파이,1,1,0,0,상큼하고 바삭하다,0,
1367259067,데이즈 라이크 디스,커피,에스프레소,에스프레소 마끼야또,1,1,0,0,,0,
1371289444,이디야커피(신림패션문화점),음료,주스,수박주스,7,7,0,0,맛있다,12.0446,
1371289444,이디야커피(신림패션문화점),음료,음료,콤부차,2,2,0,0,맛있다,10.494,
1371289444,이디야커피(신림패션문화점),음료,주스,수박쥬스,3,3,0,0,,7.4233,
1371289444,이디야커피(신림패션문화점),커피,커피,콜드브루,2,2,0,0,맛있다,5.3641,
1371289444,이디야커피(신림패션문화점),디저트,빙수,빙수,2,2,0,0,맛있다,4.405,
1371289444,이디야커피(신림패션문화점),커피,아메리카노,아메리카노,2,0,0,2,,0,
1371289444,이디야커피(신림패션문화점),디저트,간식,휘핑크림,2,0,0,2,,0,
1371289444,이디야커피(신림패션문화점),음료,음료,식혜,1,1,0,0,,0,
1371289444,이디야커피(신림패션문화점),커피,아메리카노,아이스아메리카노,1,1,0,0,깔끔하고 진하다,0,
1371289444,이디야커피(신림패션문화점),커피,라떼,딸기라떼,1,1,0,0,진한 맛에 과육이 살아 있다,0,
1371289444,이디야커피(신림패션문화점),디저트,케이크,케이크,1,1,0,0,맛있다,0,
1371289444,이디야커피(신림패션문화점),음료,음료,딸기망고,1,1,0,0,맛있다,0,
1371289444,이디야커피(신림패션문화점),커피,라떼,HOT토피넛라떼,1,0,0,1,,0,
1371289444,이디야커피(신림패션문화점),디저트,간식,초코,1,1,0,0,좋아하다,0,
1371289444,이디야커피(신림패션문화점),커피,라떼,카라멜마끼아또,1,0,1,0,,0,
1371289444,이디야커피(신림패션문화점),커피,라떼,바닐라라떼,1,1,0,0,,0,
1371289444,이디야커피(신림패션문화점),푸드,푸드,크로크무슈,1,1,0,0,,0,
1371289444,이디야커피(신림패션문화점),커피,라떼,흑당라떼,1,1,0,0,,0,
1371289444,이디야커피(신림패션문화점),음료,음료,버블,1,1,0,0,,0,
1371289444,이디야커피(신림패션문화점),베이커리,스콘,스콘,1,0,0,1,,0,
1371289444,이디야커피(신림패션문화점),베이커리,빵,베이글,1,1,0,0,맛있다,0,
1371289444,이디야커피(신림패션문화점),베이커리,소스,크림치즈,1,1,0,0,맛있다,0,
1371289444,이디야커피(신림패션문화점),디저트,빙수,흑임자 빙수,1,1,0,0,맛있다,0,
1371289444,이디야커피(신림패션문화점),디저트,빙수,망고빙수,1,0,0,1,,0,
1371289444,이디야커피(신림패션문화점),커피,라떼,달고나라떼,1,1,0,0,달달하다,0,
1371289444,이디야커피(신림패션문화점),베이커리,빵,허니브레드,1,1,0,0,맛있다,0,
1371289444,이디야커피(신림패션문화점),커피,라떼,녹차라떼,1,1,0,0,맛있다,0,
1371289444,이디야커피(신림패션문화점),음료,티,생딸기애플라임티,1,1,0,0,맛있다,0,
1371289444,이디야커피(신림패션문화점),음료,티,캐모마일,1,1,0,0,,0,
1371289444,이디야커피(신림패션문화점),푸드,과일,생딸기,1,1,0,0,맛있다,0,
1371289444,이디야커피(신림패션문화점),음료,음료,딸기우유,1,1,0,0,맛있다,0,
1371289444,이디야커피(신림패션문화점),커피,라떼,토피넛라떼,1,1,0,0,맛있다,0,
1371289444,이디야커피(신림패션문화점),디저트,소스,초코소스,1,0,0,1,,0,
1371289444,이디야커피(신림패션문화점),디저트,간식,초코칩,1,0,0,1,,0,
1371289444,이디야커피(신림패션문화점),커피,라떼,흑임자크림라떼,1,1,0,0,따뜻하고 고소하다,0,
1371289444,이디야커피(신림패션문화점),음료,음료,우유,1,0,1,0,,0,
1371289444,이디야커피(신림패션문화점),베이커리,빵,미니 붕어빵,1,1,0,0,맛있다,0,
1371289444,이디야커피(신림패션문화점),푸드,푸드,주먹밥,1,1,0,0,맛있다,0,
1371289444,이디야커피(신림패션문화점),음료,음료,밀크쉐이크,1,0,0,1,,0,
1371289444,이디야커피(신림패션문화점),디저트,소스,카라멜 시럽,1,0,0,1,,0,
1371289444,이디야커피(신림패션문화점),음료,소스,헤이즐넛 시럽,1,0,0,1,,0,
1371289444,이디야커피(신림패션문화점),디저트,간식,붕어싸만코,1,0,0,1,,0,
1371289444,이디야커피(신림패션문화점),음료,티,복숭아 아이스티,1,1,0,0,맛있다,0,
1371289444,이디야커피(신림패션문화점),커피,샷,샷추가,1,0,0,1,,0,
1371289444,이디야커피(신림패션문화점),베이커리,빵,어니언베이글,1,1,0,0,맛있다,0,
1379626153,윈썸,베이커리,마들렌,마들렌,2,2,0,0,맛있다,4.8276,
1379626153,윈썸,커피,라떼,바닐라라떼,2,2,0,0,맛있다,2.0847,
1379626153,윈썸,커피,아메리카노,아이스아메리카노,2,2,0,0,커피맛이 좋다,1.3241,
1379626153,윈썸,커피,라떼,라떼,3,2,0,1,찐하다,1.2638,
1379626153,윈썸,커피,아메리카노,아메리카노,1,1,0,0,진하다,0,
1379626153,윈썸,베이커리,마들렌,유자마들렌,1,1,0,0,맛있다,0,
1379626153,윈썸,커피,라떼,수제바닐라라떼,1,1,0,0,,0,
1379626153,윈썸,베이커리,빵,베이글,1,1,0,0,쫄깃하고 바삭하다,0,
1379626153,윈썸,커피,라떼,수제 딸기라떼,1,1,0,0,맛있다,0,
1379626153,윈썸,푸드,과일,딸기,1,1,0,0,씹히는 맛이 있다,0,
1379626153,윈썸,음료,에이드,자몽에이드,1,1,0,0,알갱이가 많다,0,
1379944822,카페 플롬,베이커리,빵,카다몸번,3,3,0,0,잘 어울리다,15.7411,
1379944822,카페 플롬,베이커리,빵,카다멈번,2,2,0,0,,10.494,
1379944822,카페 플롬,베이커리,빵,바나나브레드,2,2,0,0,맛있다,10.494,
1379944822,카페 플롬,커피,라떼,플랫화이트,3,3,0,0,향과 맛이 연하다,10.3658,
1379944822,카페 플롬,커피,커피,드립커피,3,3,0,0,맛과 향이 근사하다,9.5027,
1379944822,카페 플롬,커피,커피,핸드드립 커피,2,2,0,0,향이 좋다,7.7215,
1379944822,카페 플롬,커피,커피,원두,3,3,0,0,독특한 매력이 있다,4.6004,
1379944822,카페 플롬,커피,라떼,바닐라라떼,2,2,0,0,진하다,2.0847,
1379944822,카페 플롬,커피,아메리카노,아메리카노,4,4,0,0,산미가 있다,1.707,
1379944822,카페 플롬,커피,아메리카노,롱블랙,2,1,1,0,맛있다,0,
1379944822,카페 플롬,커피,라떼,라떼,2,1,0,1,맛있다,0,
1379944822,카페 플롬,음료,티,차,1,1,0,0,매력적이다,0,
1379944822,카페 플롬,커피,커피,드립커피 페루,1,1,0,0,무난하다,0,
1379944822,카페 플롬,디저트,간식,플럼코트,1,1,0,0,상큼하고 맛있다,0,
1379944822,카페 플롬,커피,커피,핸드드립커피,1,1,0,0,깊고 풍부한 향미가 있다,0,
1379944822,카페 플롬,음료,티,레몬머틀티,1,1,0,0,상큼하고 은은한 향이 있다,0,
1379944822,카페 플롬,음료,음료,여름복숭아,1,1,0,0,신선하고 달콤하다,0,
1379944822,카페 플롬,커피,에스프레소,에쏘,1,1,0,0,질감이 좋다,0,
1379944822,카페 플롬,커피,커피,플롬 블랜드,1,1,0,0,,0,
1379944822,카페 플롬,커피,라떼,플렛화이트,1,1,0,0,,0,
1379944822,카페 플롬,푸드,푸드,오트밀,1,1,0,0,,0,
1379944822,카페 플롬,베이커리,빵,마약빵,1,1,0,0,,0,
1379944822,카페 플롬,음료,음료,노르딕,1,0,0,1,,0,
1379944822,카페 플롬,음료,음료,북유럽,1,0,0,1,,0,
1379944822,카페 플롬,커피,커피,필터커피,1,1,0,0,,0,
1379944822,카페 플롬,커피,커피,에디오피아,1,1,0,0,,0,
1379944822,카페 플롬,커피,커피,에티오피아커피,1,1,0,0,맛이 좋다,0,
1379944822,카페 플롬,음료,티,얼그레이티,1,1,0,0,맛이 좋다,0,
1379944822,카페 플롬,푸드,푸드,오트,1,1,0,0,,0,
1379944822,카페 플롬,음료,음료,음료수,1,1,0,0,맛있다,0,
1379944822,카페 플롬,디저트,치즈케이크,치즈케이크,1,1,0,0,풍미와 맛이 훌륭하다,0,
1379944822,카페 플롬,디저트,치즈케이크,카페치즈,1,0,0,1,,0,
1379944822,카페 플롬,푸드,간식,그레놀라,1,0,0,1,,0,
1379944822,카페 플롬,음료,과일,말린 복숭아,1,0,0,1,,0,
1379944822,카페 플롬,커피,라떼,화이트플랫,1,1,0,0,괜찮다,0,
1379944822,카페 플롬,커피,샷,샷추가,1,0,0,1,,0,
1379944822,카페 플롬,커피,커피,핸드드립,1,1,0,0,맛있다,0,
1379944822,카페 플롬,베이커리,빵,카디멈번,1,1,0,0,맛있다,0,
1379944822,카페 플롬,베이커리,빵,카다멈 번,1,1,0,0,맛있다,0,
1379944822,카페 플롬,음료,음료,멜론 쉐이크,1,1,0,0,맛있다,0,
1379944822,카페 플롬,커피,에스프레소,게이샤 드립커피,1,1,0,0,향이 좋다,0,
1379944822,카페 플롬,음료,음료,쉐이크,1,0,0,1,,0,
1379944822,카페 플롬,베이커리,빵,시나몬롤,1,1,0,0,,0,
1379944822,카페 플롬,음료,스무디,스무디,1,1,0,0,맛있다,0,
1379944822,카페 플롬,베이커리,빵,바나나브래드,1,0,0,1,,0,
1379944822,카페 플롬,베이커리,빵,카다몸,1,1,0,0,,0,
1380422398,카페디딤,베이커리,토스트,프렌치토스트,8,7,1,0,맛있다,27.3233,
1380422398,카페디딤,커피,커피,아인슈페너,9,8,1,0,맛있다,14.7807,
1380422398,카페디딤,푸드,샐러드,샐러드,5,5,0,0,맛있다,14.2456,
1380422398,카페디딤,베이커리,빵,계란빵,3,3,0,0,맛있다,13.6616,
1380422398,카페디딤,베이커리,와플,사과잼 와플,2,2,0,0,맛있다,9.1078,
1380422398,카페디딤,푸드,샐러드,리코타치즈샐러드,2,2,0,0,야채가 싱싱하고 치즈가 꾸덕하다,8.2968,
1380422398,카페디딤,베이커리,와플,와플,4,4,0,0,맛있다,8.2759,
1380422398,카페디딤,베이커리,마들렌,마들렌,3,3,0,0,맛있다,7.2414,
1380422398,카페디딤,푸드,간식,버터바,2,2,0,0,맛있다,6.6022,
1380422398,카페디딤,커피,라떼,딸기라떼,3,3,0,0,맛있다,4.4575,
1380422398,카페디딤,커피,커피,원두,2,2,0,0,최고급이다,3.0669,
1380422398,카페디딤,커피,라떼,바닐라라떼,2,2,0,0,맛있다,2.0847,
1380422398,카페디딤,커피,아메리카노,아메리카노,4,3,0,1,산미 없이 고소하다,1.2802,
1380422398,카페디딤,커피,라떼,라떼,3,1,1,1,맛이 담백하다,0,
1380422398,카페디딤,베이커리,간식,계란와플,1,1,0,0,마음에 들다,0,
1380422398,카페디딤,음료,음료,미숫가루,1,1,0,0,고소하다,0,
1380422398,카페디딤,음료,티,청귤차,1,1,0,0,맛있다,0,
1380422398,카페디딤,음료,티,유자차,1,1,0,0,맛있다,0,
1380422398,카페디딤,음료,티,민트티,1,1,0,0,맛있다,0,
1380422398,카페디딤,디저트,케이크,초코케익,1,1,0,0,진하다,0,
1380422398,카페디딤,커피,라떼,일본식 말차라떼,1,1,0,0,고소하다,0,
1380422398,카페디딤,베이커리,빵,계란와플빵,1,1,0,0,맛있다,0,
1380422398,카페디딤,디저트,케이크,호두당근케익,1,1,0,0,맛있다,0,
1380422398,카페디딤,푸드,감자,알감자,1,1,0,0,예쁘게 깎였다,0,
1380422398,카페디딤,음료,과일,자몽,1,1,0,0,맛있다,0,
1380422398,카페디딤,디저트,케이크,케이크,1,1,0,0,맛있다,0,
1380422398,카페디딤,베이커리,와플,외플,1,1,0,0,맛있다,0,
1380422398,카페디딤,커피,라떼,피스타치오라떼,1,1,0,0,고소하다,0,
1380422398,카페디딤,디저트,간식,올리브아이스크림,1,1,0,0,고소하다,0,
1380422398,카페디딤,디저트,간식,아이스크림,1,1,0,0,조합이 좋다,0,
1380422398,카페디딤,푸드,간식,누텔라,1,1,0,0,조합이 좋다,0,
1380422398,카페디딤,음료,라떼,티나라떼,1,0,1,0,맛이 다르다,0,
1380422398,카페디딤,커피,커피,아인슈페너 크림,1,1,0,0,꾸덕하다,0,
1380422398,카페디딤,푸드,샐러드,리코타치즈 샐러드,1,1,0,0,맛있다,0,
1380422398,카페디딤,푸드,간식,그릭요거트,1,1,0,0,,0,
1380422398,카페디딤,베이커리,와플,초코볼생크림와플,1,1,0,0,달다,0,
1380422398,카페디딤,커피,커피,디카페인,1,1,0,0,,0,
1380422398,카페디딤,푸드,샐러드,그릭요거트 닭가슴살샐러드,1,1,0,0,맛있다,0,
1380422398,카페디딤,푸드,토스트,토스트,1,1,0,0,달달하다,0,
1380422398,카페디딤,커피,라떼,치즈 감자라떼,1,1,0,0,,0,
1380422398,카페디딤,베이커리,간식,활치즈버터바,1,1,0,0,맛있다,0,
1380422398,카페디딤,푸드,샐러드,프렌치샐러드,1,1,0,0,맛있다,0,
1380422398,카페디딤,푸드,소세지,존슨빌소시지,1,1,0,0,맛있다,0,
1380422398,카페디딤,베이커리,와플,에그 와플,1,1,0,0,푸짐하다,0,
1380422398,카페디딤,커피,에스프레소,에스프레소,1,1,0,0,고소함이 특별하고 마우스필이 깔끔하다,0,
1380422398,카페디딤,베이커리,간식,호떡,1,1,0,0,맛있다,0,
1380422398,카페디딤,음료,티,아이스티,1,1,0,0,정성가득하다,0,
1380422398,카페디딤,디저트,간식,말렌카,1,1,0,0,쫀득하고 달달하다,0,
1380422398,카페디딤,음료,티,바이올렛 아이스티,1,1,0,0,맛있다,0,
1380422398,카페디딤,음료,에이드,청포도에이드,1,1,0,0,맛있다,0,
1380422398,카페디딤,음료,티,차,1,1,0,0,맛이 좋다,0,
1380422398,카페디딤,커피,아메리카노,아이스아메리카노,1,1,0,0,만족스럽다,0,
1380422398,카페디딤,커피,샷,샷추가,1,1,0,0,,0,
1380422398,카페디딤,베이커리,마들렌,버터마들렌,1,1,0,0,쫀득하고 포송하다,0,
1380422398,카페디딤,베이커리,휘낭시에,휘낭시에,1,1,0,0,촉촉하고 포송하다,0,
1380422398,카페디딤,디저트,간식,쑥쿠키,1,1,0,0,맛있다,0,
1380422398,카페디딤,커피,라떼,말차라떼,1,1,0,0,맛있다,0,
1380422398,카페디딤,디저트,케이크,케익,1,1,0,0,맛있다,0,
1380422398,카페디딤,커피,커피,아이슈페너,1,1,0,0,맛있다,0,
1381884935,카페오트르,푸드,간식,떡볶이,5,5,0,0,맛있다,17.2763,
1381884935,카페오트르,베이커리,크로플,크로플,9,7,1,1,맛있다,11.4889,
1381884935,카페오트르,푸드,감자,버터갈릭감자,2,2,0,0,,10.494,
1381884935,카페오트르,커피,커피,아인슈페너,3,3,0,0,맛있다,6.3346,
1381884935,카페오트르,베이커리,타르트,에그타르트,2,2,0,0,굿이다,5.3641,
1381884935,카페오트르,커피,라떼,라떼,5,5,0,0,맛있다,3.1595,
1381884935,카페오트르,디저트,간식,아이스크림,3,1,0,2,,0,
1381884935,카페오트르,커피,아메리카노,아메리카노,3,1,0,2,맛있다,0,
1381884935,카페오트르,음료,티,화이트 아이스티,2,0,0,2,,0,
1381884935,카페오트르,커피,라떼,글라스라떼,1,1,0,0,고소하다,0,
1381884935,카페오트르,디저트,빙수,빙수,1,1,0,0,맛있다,0,
1381884935,카페오트르,디저트,치즈케이크,바스크치즈케잌,1,1,0,0,,0,
1381884935,카페오트르,디저트,타르트,타르트,1,1,0,0,맛있다,0,
1381884935,카페오트르,디저트,빙수,망고 빙수,1,1,0,0,맛있다,0,
1381884935,카페오트르,음료,티,화이트피치아이스티,1,1,0,0,,0,
1381884935,카페오트르,음료,스무디,요거트 스무디,1,1,0,0,,0,
1381884935,카페오트르,디저트,치즈케이크,바스크치즈케이크,1,1,0,0,입안에서 녹는다,0,
1381884935,카페오트르,베이커리,와플,와플,1,1,0,0,,0,
1381884935,카페오트르,커피,라떼,카페라떼,1,1,0,0,맛있다,0,
1381884935,카페오트르,디저트,치즈케이크,치즈케이크향,1,1,0,0,향이 좋다,0,
1381884935,카페오트르,디저트,간식,생크림,1,1,0,0,,0,
1381884935,카페오트르,커피,라떼,아이스바닐라라떼,1,1,0,0,좋다,0,
1381884935,카페오트르,음료,티,복숭아아이스티,1,1,0,0,맛있다,0,
1381884935,카페오트르,커피,라떼,바닐라라떼,1,1,0,0,달콤하다,0,
1381884935,카페오트르,커피,라떼,토피넛라떼,1,1,0,0,맛있다,0,
1381884935,카페오트르,음료,에이드,청포도에이드,1,1,0,0,맛있다,0,
1381884935,카페오트르,푸드,감자,버터갈릭포테이토,1,1,0,0,맛있다,0,
1381884935,카페오트르,푸드,감자,양념감자,1,1,0,0,맛있다,0,
1381884935,카페오트르,베이커리,크로플,콘치즈크로플,1,0,0,1,,0,
1381884935,카페오트르,푸드,소세지,소시지,1,0,0,1,,0,
1381884935,카페오트르,음료,소스,메이플시럽,1,0,0,1,,0,
1381884935,카페오트르,음료,티,수제차 자몽,1,1,0,0,맛있다,0,
1381884935,카페오트르,음료,티,수제차 레몬,1,1,0,0,맛있다,0,
1381884935,카페오트르,디저트,케이크,케이크,1,0,0,1,,0,
1381884935,카페오트르,디저트,마카롱,마카롱,1,0,0,1,,0,
1381884935,카페오트르,디저트,간식,츄러스,1,0,0,1,,0,
1381884935,카페오트르,음료,스무디,애플망고스무디,1,1,0,0,맛있다,0,
1381884935,카페오트르,디저트,치즈케이크,치즈케이크,1,1,0,0,맛있다,0,
1381884935,카페오트르,음료,음료,동네카페,1,1,0,0,,0,
1386677667,카페모닝듀,커피,에스프레소,넛츠슈페너,1,1,0,0,매력적이다,0,
1386677667,카페모닝듀,커피,샷,2샷,1,0,0,1,,0,
1386677667,카페모닝듀,음료,음료,라지 사이즈,1,0,0,1,,0,
1386677667,카페모닝듀,커피,라떼,신림모닝듀라떼,1,1,0,0,맛있다,0,
1386677667,카페모닝듀,커피,커피,아인슈페너,1,1,0,0,,0,
1386677667,카페모닝듀,음료,티,차,1,1,0,0,맛이 좋다,0,
1386677667,카페모닝듀,커피,라떼,라떼,1,1,0,0,향이 진하고 맛있다,0,
1392235056,플랙,커피,라떼,크림라떼,15,14,0,1,맛있다,46.2156,
1392235056,플랙,디저트,가나슈,까눌레,10,10,0,0,맛있다,34.5526,
1392235056,플랙,디저트,케이크,파운드케이크,6,6,0,0,맛있다,27.3233,
1392235056,플랙,커피,에스프레소,에스프레소,9,7,0,2,맛있다,17.7728,
1392235056,플랙,커피,에스프레소,아포가토,5,5,0,0,맛있다,17.2763,
1392235056,플랙,디저트,케이크,레몬파운드케이크,3,3,0,0,맛있다,15.7411,
1392235056,플랙,커피,커피,로마노,3,3,0,0,맛있다,15.7411,
1392235056,플랙,커피,에스프레소,아포카토,4,4,0,0,맛있다,15.4429,
1392235056,플랙,커피,커피,드립백,3,3,0,0,,12.4452,
1392235056,플랙,커피,커피,원두,7,7,0,0,진하다,10.7342,
1392235056,플랙,커피,커피,드립커피,3,3,0,0,향이 다양하고 잘 어우러진다,9.5027,
1392235056,플랙,커피,커피,디카페인,6,5,0,1,맛있다,6.9844,
1392235056,플랙,베이커리,휘낭시에,휘낭시에,3,3,0,0,맛있다,6.4679,
1392235056,플랙,커피,라떼,바닐라라떼,8,5,0,3,맛있다,5.2117,
1392235056,플랙,음료,에이드,자몽에이드,4,2,0,2,맛있다,3.9779,
1392235056,플랙,디저트,간식,아이스크림,3,2,0,1,잘 어울리다,3.327,
1392235056,플랙,커피,라떼,카페라떼,3,2,0,1,맛있다,2.9716,
1392235056,플랙,커피,아메리카노,아메리카노,10,5,0,5,맛있다,2.1337,
1392235056,플랙,커피,아메리카노,아이스아메리카노,4,3,0,1,무난하다,1.9862,
1392235056,플랙,커피,에스프레소,아보가토,2,0,0,2,,0,
1392235056,플랙,커피,커피,플랫커피,2,1,1,0,맛이 이상하다,0,
1392235056,플랙,디저트,케이크,얼그레이파운드케이크,1,1,0,0,향긋하고 달콤하다,0,
1392235056,플랙,음료,소스,시럽,1,0,0,1,,0,
1392235056,플랙,디저트,케이크,케이크,1,0,0,1,,0,
1392235056,플랙,커피,커피,아이스커피,1,1,0,0,산뜻하다,0,
1392235056,플랙,커피,커피,모카,1,1,0,0,맛있다,0,
1392235056,플랙,디저트,간식,플랙아이스크림,1,1,0,0,맛있다,0,
1392235056,플랙,커피,커피,플랙커피 아보가토,1,1,0,0,,0,
1392235056,플랙,커피,커피,엘살바도르,1,0,0,1,,0,
1392235056,플랙,디저트,케이크,파운드,1,1,0,0,맛있다,0,
1392235056,플랙,디저트,푸딩,오레오 아포카토,1,1,0,0,맛있다,0,
1392235056,플랙,커피,에스프레소,바닐라 아포카토,1,1,0,0,맛있다,0,
1392235056,플랙,디저트,케이크,파운드 케이크,1,1,0,0,맛있다,0,
1392235056,플랙,커피,커피,블렌드,1,1,0,0,,0,
1392235056,플랙,커피,커피,커머셜 싱글 오리진,1,0,0,1,,0,
1392235056,플랙,커피,커피,예가체프,1,0,0,1,,0,
1392235056,플랙,음료,음료,코케허니,1,0,0,1,,0,
1392235056,플랙,커피,커피,케냐,1,0,0,1,,0,
1392235056,플랙,커피,라떼,카페모카,1,1,0,0,맛있다,0,
1392235056,플랙,커피,라떼,라떼아트,1,1,0,0,,0,
1392235056,플랙,음료,음료,우유스팀,1,1,0,0,부드럽다,0,
1392235056,플랙,푸드,간식,치간칫솔,1,1,0,0,,0,
1392235056,플랙,커피,커피,디카페인커피,1,1,0,0,,0,
1392235056,플랙,디저트,푸딩,오레오 아포가토,1,1,0,0,맛있다,0,
1392235056,플랙,베이커리,빵,크로와상,1,1,0,0,맛있다,0,
1392235056,플랙,커피,라떼,라떼,1,1,0,0,진하다,0,
1392235056,플랙,디저트,케이크,초코맛 파운드케이크,1,1,0,0,맛있다,0,
1392235056,플랙,커피,커피,블랜드 2,1,1,0,0,맛있다,0,
1392235056,플랙,베이커리,빵,말차 파운드,1,0,0,1,,0,
1392235056,플랙,커피,아메리카노,디카페인 아메리카노,1,1,0,0,맛있다,0,
1392235056,플랙,베이커리,빵,초코파운드,1,1,0,0,맛있다,0,
1392235056,플랙,베이커리,간식,말차파운드,1,1,0,0,맛있다,0,
1392235056,플랙,술,술,위스키 글라스,1,1,0,0,저렴하다,0,
1392235056,플랙,커피,커피,스페셜티 브루잉,1,1,0,0,,0,
1392235056,플랙,술,술,화이트와인,1,1,0,0,,0,
1392235056,플랙,푸드,과일,체리,1,1,0,0,,0,
1392235056,플랙,음료,과일,살구,1,1,0,0,,0,
1392235056,플랙,술,술,칵테일,1,1,0,0,,0,
1392235056,플랙,음료,음료,매일우유,1,1,0,0,,0,
1392235056,플랙,커피,커피,플랙커피,1,1,0,0,,0,
1416781494,카페봉봉,베이커리,크로플,크로플,20,20,0,0,맛있다,38.2964,
1416781494,카페봉봉,음료,음료,오리지널,3,3,0,0,맛있다,13.6616,
1416781494,카페봉봉,베이커리,빵,과일크로플,2,2,0,0,맛있다,10.494,
1416781494,카페봉봉,디저트,간식,초코,2,2,0,0,맛있다,4.9489,
1416781494,카페봉봉,베이커리,소스,크림치즈,2,2,0,0,,4.7133,
1416781494,카페봉봉,커피,커피,커카범벅,1,1,0,0,맛있다,0,
1416781494,카페봉봉,푸드,간식,토핑,1,1,0,0,많다,0,
1424283144,THE ROASTER 59(더 로스터 59),푸드,샌드위치,샌드위치,14,11,1,2,맛있다,16.0944,
1424283144,THE ROASTER 59(더 로스터 59),디저트,간식,쿠키,8,8,0,0,맛있다,13.0888,
1424283144,THE ROASTER 59(더 로스터 59),커피,커피,디카페인,5,5,0,0,맛있다,6.9844,
1424283144,THE ROASTER 59(더 로스터 59),커피,라떼,플랫화이트,2,2,0,0,고소하다,6.9105,
1424283144,THE ROASTER 59(더 로스터 59),커피,라떼,크림라떼,2,2,0,0,맛있다,6.6022,
1424283144,THE ROASTER 59(더 로스터 59),커피,커피,디카페인커피,2,2,0,0,,6.3352,
1424283144,THE ROASTER 59(더 로스터 59),커피,커피,원두,4,4,0,0,고를 수 있다,6.1338,
1424283144,THE ROASTER 59(더 로스터 59),푸드,파니니,파니니,5,3,2,0,맛있다,3.4553,
1424283144,THE ROASTER 59(더 로스터 59),커피,라떼,라떼,2,2,0,0,맛있다,1.2638,
1424283144,THE ROASTER 59(더 로스터 59),디저트,푸딩,바나나푸딩,9,2,5,2,맛있다,0,Y
1424283144,THE ROASTER 59(더 로스터 59),푸드,샌드위치,리코타치즈샌드위치,2,1,1,0,맛있다,0,
1424283144,THE ROASTER 59(더 로스터 59),푸드,샌드위치,리코타샌드위치,1,0,1,0,,0,
1424283144,THE ROASTER 59(더 로스터 59),푸드,샌드위치,고메이샌드위치,1,1,0,0,맛있다,0,
1424283144,THE ROASTER 59(더 로스터 59),커피,커피,말차아인슈페너,1,1,0,0,맛있다,0,
1424283144,THE ROASTER 59(더 로스터 59),커피,라떼,말차샷라떼,1,1,0,0,맛있다,0,
1424283144,THE ROASTER 59(더 로스터 59),커피,커피,핸드드립,1,0,0,1,,0,
1424283144,THE ROASTER 59(더 로스터 59),베이커리,간식,월넛초코쿠키,1,1,0,0,묵직하다,0,
1424283144,THE ROASTER 59(더 로스터 59),커피,커피,아이스플랫화이트,1,1,0,0,괜찮다,0,
1424283144,THE ROASTER 59(더 로스터 59),음료,음료,블랙슈가,1,1,0,0,산미가 덜하다,0,
1424283144,THE ROASTER 59(더 로스터 59),커피,아메리카노,아메리카노,1,0,0,1,,0,
1424283144,THE ROASTER 59(더 로스터 59),커피,라떼,쿠키라떼,1,1,0,0,,0,
1424283144,THE ROASTER 59(더 로스터 59),커피,커피,아이스커피,1,1,0,0,맛있다,0,
1424283144,THE ROASTER 59(더 로스터 59),푸드,샌드위치,리코타 샌드위치,1,1,0,0,맛있다,0,
1424283144,THE ROASTER 59(더 로스터 59),베이커리,간식,월넛쿠키,1,1,0,0,데워 먹으면 맛있다,0,
1424283144,THE ROASTER 59(더 로스터 59),푸드,간식,키오스크,1,0,1,0,,0,
1424283144,THE ROASTER 59(더 로스터 59),푸드,파니니,파니니 치즈,1,1,0,0,치즈가 많이 들어가 있다,0,
1424283144,THE ROASTER 59(더 로스터 59),음료,음료,딸기 얼그레이,1,1,0,0,맛있다,0,
1424283144,THE ROASTER 59(더 로스터 59),푸드,샌드위치,냠냠케일 샌드위치,1,0,0,1,,0,
1424283144,THE ROASTER 59(더 로스터 59),음료,주스,케일,1,0,1,0,떨어져서 불편하다,0,
1424283144,THE ROASTER 59(더 로스터 59),푸드,파니니,카프리제 파니니,1,0,0,1,,0,
1424283144,THE ROASTER 59(더 로스터 59),커피,라떼,얼그레이 딸기 라떼,1,1,0,0,맛있다,0,
1424283144,THE ROASTER 59(더 로스터 59),디저트,푸딩,뉴욕 바나나 푸딩,1,1,0,0,맛있다,0,
1424283144,THE ROASTER 59(더 로스터 59),디저트,푸딩,바나나 푸딩,1,1,0,0,맛있다,0,
1424283144,THE ROASTER 59(더 로스터 59),베이커리,간식,월넛 쵸콜릿 칩 쿠키,1,1,0,0,촉촉하고 맛있다,0,
1424283144,THE ROASTER 59(더 로스터 59),음료,티,차,1,1,0,0,,0,
1455216595,포레스트 하우스,커피,라떼,초코라떼,1,1,0,0,맛있다,0,
1455216595,포레스트 하우스,디저트,케이크,치즈스틱 케이크,1,1,0,0,추천할 만하다,0,
1460655572,OJE COFFEE(오제커피),커피,커피,아인슈페너,6,6,0,0,맛있다,12.6692,
1460655572,OJE COFFEE(오제커피),커피,라떼,흑임자라떼,3,3,0,0,맛있다,9.5027,
1460655572,OJE COFFEE(오제커피),디저트,푸딩,바나나푸딩,2,2,0,0,,6.6022,
1460655572,OJE COFFEE(오제커피),푸드,샌드위치,샌드위치,4,3,1,0,가득하다,3.2189,
1460655572,OJE COFFEE(오제커피),커피,아메리카노,아이스아메리카노,3,3,0,0,맛있다,1.9862,
1460655572,OJE COFFEE(오제커피),베이커리,마들렌,마들렌,3,1,0,2,맛있다,0,
1460655572,OJE COFFEE(오제커피),커피,커피,오제커피,2,1,0,1,맛있다,0,
1460655572,OJE COFFEE(오제커피),커피,라떼,오제라떼,1,1,0,0,맛있다,0,
1460655572,OJE COFFEE(오제커피),커피,라떼,아이스라떼,1,1,0,0,진하다,0,
1460655572,OJE COFFEE(오제커피),커피,아메리카노,헤이즐넛 아메리카노,1,0,0,1,,0,
1460655572,OJE COFFEE(오제커피),커피,라떼,초코라떼,1,1,0,0,맛있다,0,
1460655572,OJE COFFEE(오제커피),커피,라떼,카페모카,1,1,0,0,맛있다,0,
1460655572,OJE COFFEE(오제커피),디저트,간식,단호박쿠키,1,0,0,1,,0,
1460655572,OJE COFFEE(오제커피),베이커리,간식,레드벨벳치즈쿠키,1,1,0,0,맛있다,0,
1460655572,OJE COFFEE(오제커피),베이커리,간식,오제쿠키,1,1,0,0,맛있다,0,
1460655572,OJE COFFEE(오제커피),베이커리,마들렌,흑임자마들렌,1,1,0,0,맛있다,0,
1460655572,OJE COFFEE(오제커피),디저트,간식,스모어쿠키,1,0,0,1,,0,
1460655572,OJE COFFEE(오제커피),디저트,간식,말차르뱅쿠키,1,1,0,0,맛있다,0,
1460655572,OJE COFFEE(오제커피),커피,아메리카노,아메리카노,1,1,0,0,가격이 싸다,0,
1460655572,OJE COFFEE(오제커피),음료,음료,단백질쉐이크,1,0,0,1,,0,
1460655572,OJE COFFEE(오제커피),음료,주스,수박주스,1,1,0,0,맛있다,0,
1460655572,OJE COFFEE(오제커피),커피,라떼,바닐라라떼,1,1,0,0,,0,
1460655572,OJE COFFEE(오제커피),음료,음료,바닐라 시럽,1,0,1,0,,0,
1460655572,OJE COFFEE(오제커피),푸드,샐러드,샐러드,1,1,0,0,,0,
1477716258,메모,커피,라떼,말차라떼,1,1,0,0,맛있다,0,
1477716258,메모,음료,티,캐모마일,1,1,0,0,좋다,0,
1477716258,메모,커피,커피,필터커피,1,1,0,0,맛있다,0,
1477716258,메모,커피,라떼,카페오레,1,1,0,0,맛있다,0,
1477716258,메모,음료,티,캐모마일차,1,1,0,0,맛있다,0,
1477716258,메모,커피,라떼,초코라떼,1,1,0,0,맛있다,0,
1484193398,플레이온 보드게임카페,푸드,푸드,짜파게티,3,3,0,0,맛있다,15.7411,
1484193398,플레이온 보드게임카페,푸드,간식,라면,3,3,0,0,맛있다,13.6616,
1484193398,플레이온 보드게임카페,푸드,튀김,감자튀김,2,2,0,0,맛있다,10.494,
1484193398,플레이온 보드게임카페,푸드,간식,떡볶이,3,2,0,1,맛있다,6.9105,
1484193398,플레이온 보드게임카페,푸드,핫도그,핫도그,1,0,1,0,바삭하지 않다,0,
1484193398,플레이온 보드게임카페,푸드,간식,계란,1,1,0,0,,0,
1484193398,플레이온 보드게임카페,베이커리,와플,와플,1,1,0,0,맛있다,0,
1484193398,플레이온 보드게임카페,음료,티,아이스티,1,0,0,1,,0,
1484193398,플레이온 보드게임카페,푸드,튀김,치킨너겟,1,1,0,0,바삭하다,0,
1484193398,플레이온 보드게임카페,푸드,푸드,짜파게티 불닭,1,1,0,0,,0,
1484193398,플레이온 보드게임카페,푸드,간식,계란후라이,1,0,1,0,,0,
1484193398,플레이온 보드게임카페,푸드,소스,어니언 시즈닝,1,1,0,0,추가해야 한다,0,
1484193398,플레이온 보드게임카페,베이커리,와플,아이스크림 와플,1,1,0,0,맛있다,0,
1484193398,플레이온 보드게임카페,푸드,간식,볶음밥,1,1,0,0,맛있다,0,
1484193398,플레이온 보드게임카페,푸드,간식,낙지 볶음밥,1,1,0,0,맛있다,0,
1484193398,플레이온 보드게임카페,커피,라떼,미숫가루라떼,1,1,0,0,진하다,0,
1484193398,플레이온 보드게임카페,푸드,간식,낚지 볶음밥,1,1,0,0,맛있다,0,
1484193398,플레이온 보드게임카페,푸드,간식,볶은밥,1,1,0,0,맛있다,0,
1484193398,플레이온 보드게임카페,커피,라떼,초코라떼,1,1,0,0,깔끔하다,0,
1484193398,플레이온 보드게임카페,커피,라떼,라떼,1,1,0,0,맛있다,0,
1484193398,플레이온 보드게임카페,푸드,간식,신라면,1,1,0,0,맛있다,0,
1484193398,플레이온 보드게임카페,디저트,간식,민트초코,1,1,0,0,,0,
1497991392,페이브 베이커리 서울대점,커피,커피,아인슈페너,7,6,0,1,맛있다,12.6692,
1497991392,페이브 베이커리 서울대점,베이커리,휘낭시에,휘낭시에,3,3,0,0,맛있다,6.4679,
1497991392,페이브 베이커리 서울대점,커피,라떼,바닐라빈라떼,2,2,0,0,최고다,6.3352,
1497991392,페이브 베이커리 서울대점,베이커리,빵,소금빵,5,3,1,1,맛있다,4.7133,
1497991392,페이브 베이커리 서울대점,커피,커피,디카페인,2,2,0,0,,2.7938,
1497991392,페이브 베이커리 서울대점,음료,음료,우유,1,0,1,0,,0,
1497991392,페이브 베이커리 서울대점,음료,음료,두유,1,1,0,0,,0,
1497991392,페이브 베이커리 서울대점,음료,음료,쑥,1,1,0,0,맛있다,0,
1497991392,페이브 베이커리 서울대점,베이커리,빵,베이글,1,1,0,0,,0,
1497991392,페이브 베이커리 서울대점,커피,커피,원두 디카페인,1,1,0,0,,0,
1497991392,페이브 베이커리 서울대점,커피,라떼,바닐라라떼,1,1,0,0,맛있다,0,
1497991392,페이브 베이커리 서울대점,디저트,치즈케이크,바스크치즈,1,1,0,0,맛있다,0,
1497991392,페이브 베이커리 서울대점,커피,에스프레소,흑백아인슈페너,1,1,0,0,맛있다,0,
1497991392,페이브 베이커리 서울대점,베이커리,빵,뀐아망,1,1,0,0,맛있다,0,
1497991392,페이브 베이커리 서울대점,커피,라떼,카페라떼,1,0,1,0,가격이 비싸다,0,
1497991392,페이브 베이커리 서울대점,커피,아메리카노,아메리카노,1,1,0,0,맛있다,0,
1497991392,페이브 베이커리 서울대점,커피,아메리카노,팬시 아메리카노,1,1,0,0,맛있다,0,
1497991392,페이브 베이커리 서울대점,커피,라떼,라떼,1,1,0,0,질감이 부드럽다,0,
1497991392,페이브 베이커리 서울대점,음료,티,차,1,1,0,0,,0,
1497991392,페이브 베이커리 서울대점,베이커리,빵,밀크크림소금빵,1,1,0,0,맛있다,0,
1497991392,페이브 베이커리 서울대점,베이커리,스콘,스콘,1,1,0,0,맛있다,0,
1497991392,페이브 베이커리 서울대점,커피,커피,디카페인커피,1,1,0,0,맛있다,0,
1497991392,페이브 베이커리 서울대점,커피,커피,아인슈패너,1,1,0,0,맛있다,0,
1508042416,Coffee Planet(커피 플래닛),베이커리,타르트,에그타르트,18,16,0,2,맛있다,42.9132,
1508042416,Coffee Planet(커피 플래닛),커피,프라푸치노,코코넛커피스무디,3,3,0,0,맛있다,13.6616,
1508042416,Coffee Planet(커피 플래닛),커피,라떼,자두생크림라떼,3,2,0,1,맛있다,10.494,
1508042416,Coffee Planet(커피 플래닛),디저트,타르트,타르트,3,3,0,0,맛있다,9.1494,
1508042416,Coffee Planet(커피 플래닛),커피,라떼,단호박라떼,2,2,0,0,부드럽고 달다,8.2968,
1508042416,Coffee Planet(커피 플래닛),베이커리,크로플,크로플,4,4,0,0,맛있다,7.6593,
1508042416,Coffee Planet(커피 플래닛),음료,에이드,청포도에이드,2,2,0,0,맛있다,7.2752,
1508042416,Coffee Planet(커피 플래닛),커피,라떼,달고나라떼,2,2,0,0,부드럽고 달달하다,6.9105,
1508042416,Coffee Planet(커피 플래닛),커피,라떼,바닐라라떼,4,4,0,0,맛있다,4.1693,
1508042416,Coffee Planet(커피 플래닛),커피,라떼,딸기라떼,2,2,0,0,맛있다,2.9716,
1508042416,Coffee Planet(커피 플래닛),디저트,케이크,케이크,2,2,0,0,이쁘고 가성비가 좋다,2.5535,
1508042416,Coffee Planet(커피 플래닛),커피,아메리카노,아메리카노,4,1,0,3,가성비가 좋다,0,
1508042416,Coffee Planet(커피 플래닛),음료,음료,국산우유,2,0,0,2,,0,
1508042416,Coffee Planet(커피 플래닛),음료,음료,딸기바닐라크림스무디,2,0,1,1,,0,
1508042416,Coffee Planet(커피 플래닛),디저트,간식,쿠키,2,1,1,0,훌륭하다,0,
1508042416,Coffee Planet(커피 플래닛),베이커리,빵,소금빵,2,1,0,1,맛있다,0,
1508042416,Coffee Planet(커피 플래닛),디저트,빙수,인절미빙수,2,1,0,1,맛있다,0,
1508042416,Coffee Planet(커피 플래닛),디저트,케이크,시나몬 케이크,1,1,0,0,맛있다,0,
1508042416,Coffee Planet(커피 플래닛),디저트,케이크,애플시나몬케이크,1,1,0,0,촉촉하고 맛있다,0,
1508042416,Coffee Planet(커피 플래닛),베이커리,마들렌,마들렌,1,0,0,1,,0,
1508042416,Coffee Planet(커피 플래닛),음료,음료,우유,1,0,0,1,,0,
1508042416,Coffee Planet(커피 플래닛),디저트,케이크,애플시나몬 케이크,1,1,0,0,적당히 달고 촉촉하다,0,
1508042416,Coffee Planet(커피 플래닛),음료,에이드,자두에이드,1,0,0,1,,0,
1508042416,Coffee Planet(커피 플래닛),음료,티,레몬생강차,1,1,0,0,,0,
1508042416,Coffee Planet(커피 플래닛),디저트,타르트,크림치즈타르트,1,1,0,0,맛있다,0,
1508042416,Coffee Planet(커피 플래닛),커피,라떼,아이스 단호박 라떼,1,1,0,0,맛있다,0,
1508042416,Coffee Planet(커피 플래닛),푸드,과일,단호박,1,1,0,0,좋다,0,
1508042416,Coffee Planet(커피 플래닛),음료,음료,군고구마쉐이크,1,0,0,1,,0,
1508042416,Coffee Planet(커피 플래닛),디저트,간식,아이스크림,1,1,0,0,맛있다,0,
1508042416,Coffee Planet(커피 플래닛),커피,커피,원두,1,0,1,0,자극적이다,0,
1508042416,Coffee Planet(커피 플래닛),커피,라떼,달고나밀트라떼,1,1,0,0,맛있다,0,
1508042416,Coffee Planet(커피 플래닛),커피,밀크커피,K밀크커피,1,1,0,0,맛있다,0,
1508042416,Coffee Planet(커피 플래닛),디저트,간식,달고나,1,1,0,0,크고 많다,0,
1508042416,Coffee Planet(커피 플래닛),음료,스무디,스무디,1,1,0,0,진하다,0,
1508042416,Coffee Planet(커피 플래닛),푸드,푸드,오트밀,1,1,0,0,따뜻하다,0,
1508042416,Coffee Planet(커피 플래닛),커피,라떼,라떼,1,1,0,0,가볍게 느껴진다,0,
1508042416,Coffee Planet(커피 플래닛),커피,커피,코커스,1,0,0,1,,0,
1508042416,Coffee Planet(커피 플래닛),커피,프라푸치노,프라페,1,1,0,0,맛있다,0,
1508042416,Coffee Planet(커피 플래닛),커피,라떼,자두크림라떼,1,1,0,0,,0,
1508042416,Coffee Planet(커피 플래닛),베이커리,타르트,에그타르트 클래식,1,0,1,0,,0,
1508042416,Coffee Planet(커피 플래닛),베이커리,소스,크림치즈,1,1,0,0,,0,
1508042416,Coffee Planet(커피 플래닛),커피,라떼,토피넛라떼,1,1,0,0,맛있다,0,
1508042416,Coffee Planet(커피 플래닛),커피,프라푸치노,더블 초콜릿칩 프라페,1,1,0,0,맛있다,0,
1508042416,Coffee Planet(커피 플래닛),커피,프라푸치노,딸기크림프라페,1,1,0,0,맛있다,0,
1508042416,Coffee Planet(커피 플래닛),디저트,케이크,검정 케이크,1,1,0,0,맛있다,0,
1508042416,Coffee Planet(커피 플래닛),커피,커피,디카페인,1,1,0,0,,0,
1508042416,Coffee Planet(커피 플래닛),푸드,간식,팥,1,1,0,0,맛있다,0,
1508042416,Coffee Planet(커피 플래닛),디저트,빙수,팥빙수,1,1,0,0,맛이 좋다,0,
1508042416,Coffee Planet(커피 플래닛),디저트,빙수,빙수,1,1,0,0,맛있다,0,
1508042416,Coffee Planet(커피 플래닛),음료,스무디,블루베리요거트스무디,1,0,0,1,,0,
1508042416,Coffee Planet(커피 플래닛),음료,음료,딸기요거트스무디,1,1,0,0,맛있다,0,
1508042416,Coffee Planet(커피 플래닛),커피,라떼,자두라떼,1,1,0,0,추천할 만하다,0,
1508042416,Coffee Planet(커피 플래닛),커피,라떼,핑크생강라떼,1,1,0,0,맛이 좋다,0,
1508042416,Coffee Planet(커피 플래닛),커피,라떼,생강라떼,1,0,0,1,,0,
1508042416,Coffee Planet(커피 플래닛),베이커리,스콘,스콘,1,1,0,0,맛있다,0,
1508042416,Coffee Planet(커피 플래닛),음료,에이드,레몬에이드,1,1,0,0,맛있다,0,
1508042416,Coffee Planet(커피 플래닛),음료,음료,약과쉐이크,1,1,0,0,맛있다,0,
1508042416,Coffee Planet(커피 플래닛),음료,에이드,자몽에이드,1,1,0,0,상큼하다,0,
1508042416,Coffee Planet(커피 플래닛),음료,음료,딸바크림스무디,1,0,0,1,,0,
1508042416,Coffee Planet(커피 플래닛),음료,음료,딸기요거트스무디듀,1,1,0,0,맛있다,0,
1508042416,Coffee Planet(커피 플래닛),커피,아메리카노,아이스아메리카노,1,0,0,1,,0,
1508042416,Coffee Planet(커피 플래닛),음료,에이드,한라봉에이드,1,1,0,0,정성스럽다,0,
1508042416,Coffee Planet(커피 플래닛),음료,스무디,청포도요거트스무디,1,1,0,0,청포도가 많이 들어가 있다,0,
1508042416,Coffee Planet(커피 플래닛),디저트,케이크,쿠앤크,1,1,0,0,촉촉하고 달달하다,0,
1508042416,Coffee Planet(커피 플래닛),커피,라떼,아이스라떼,1,1,0,0,시원하다,0,
1508042416,Coffee Planet(커피 플래닛),음료,스무디,코코넛스무디,1,1,0,0,맛있다,0,
1508042416,Coffee Planet(커피 플래닛),디저트,케이크,케익,1,1,0,0,맛있다,0,
1508042416,Coffee Planet(커피 플래닛),음료,주스,수박주스,1,1,0,0,맛있다,0,
1508042416,Coffee Planet(커피 플래닛),커피,라떼,두바이초콜렛라떼,1,1,0,0,,0,
1508042416,Coffee Planet(커피 플래닛),베이커리,빵,당근빠다,1,1,0,0,,0,
1514387246,토마 화실,음료,티,차,1,1,0,0,,0,
1514387246,토마 화실,커피,라떼,라떼,1,0,0,1,,0,
1514387246,토마 화실,베이커리,와플,와플,1,1,0,0,,0,
1514387246,토마 화실,디저트,간식,쿠키,1,1,0,0,,0,
1514387246,토마 화실,음료,음료,모구모구,1,1,0,0,,0,
1514387246,토마 화실,디저트,간식,뽀로로,1,1,0,0,,0,
1514387246,토마 화실,베이커리,크로플,크로플,1,1,0,0,맛있다,0,
1514387246,토마 화실,술,술,하이볼,1,0,1,0,,0,
1514387246,토마 화실,커피,라떼,녹차라떼,1,1,0,0,맛있다,0,
1514387246,토마 화실,음료,음료,음료수,1,1,0,0,맛있다,0,
1514387246,토마 화실,커피,아메리카노,아이스아메리카노,1,1,0,0,맛있다,0,
1520414021,카페느티나무도서관점,커피,라떼,카페라떼,1,0,0,1,,0,
1520414021,카페느티나무도서관점,음료,음료,핫초코,1,1,0,0,맛있다,0,
1520414021,카페느티나무도서관점,커피,라떼,딸기라떼,1,1,0,0,맛있다,0,
1520414021,카페느티나무도서관점,푸드,샌드위치,그릴드치킨 샌드위치,1,0,1,0,,0,
1520414021,카페느티나무도서관점,음료,음료,리바라,1,1,0,0,맛있다,0,
1520414021,카페느티나무도서관점,커피,라떼,연유라떼,1,1,0,0,맛있다,0,
1520414021,카페느티나무도서관점,음료,음료,아이스샤인머스캣청,1,1,0,0,좋다,0,
1520414021,카페느티나무도서관점,커피,아메리카노,아메리카노,1,0,1,0,맛없다,0,
1520414021,카페느티나무도서관점,음료,음료,리딸라,1,1,0,0,,0,
1520414021,카페느티나무도서관점,푸드,샌드위치,샌드위치,1,1,0,0,,0,
1520414021,카페느티나무도서관점,베이커리,빵,호밀빵,1,0,1,0,,0,
1523221416,코아르(coar),베이커리,간식,크루키,14,13,0,1,맛있다,68.2113,
1523221416,코아르(coar),디저트,간식,두바이크루키,7,7,0,0,맛있다,36.7292,
1523221416,코아르(coar),디저트,마들렌,키티마들렌,8,5,0,3,귀엽다,26.2351,
1523221416,코아르(coar),베이커리,빵,치즈빵,4,4,0,0,맛있다,20.9881,
1523221416,코아르(coar),디저트,빙수,빙수,6,6,0,0,맛있다,13.215,
1523221416,코아르(coar),베이커리,빵,크로쿠,2,2,0,0,,10.494,
1523221416,코아르(coar),커피,라떼,크림라떼,2,2,0,0,부드럽다,6.6022,
1523221416,코아르(coar),디저트,간식,쿠키,4,4,0,0,맛있다,6.5444,
1523221416,코아르(coar),베이커리,빵,크로와상,3,2,0,1,맛있다,6.0996,
1523221416,코아르(coar),음료,주스,수박주스,3,3,0,0,달달하다,5.162,
1523221416,코아르(coar),디저트,케이크,케이크,5,4,0,1,유니크하다,5.1069,
1523221416,코아르(coar),베이커리,마들렌,마들렌,2,2,0,0,맛있다,4.8276,
1523221416,코아르(coar),커피,아메리카노,아메리카노,3,3,0,0,맛있다,1.2802,
1523221416,코아르(coar),커피,라떼,라떼,3,2,0,1,고소하다,1.2638,
1523221416,코아르(coar),베이커리,타르트,에그타르트,3,1,0,2,맛있다,0,
1523221416,코아르(coar),음료,에이드,레몬에이드,2,1,0,1,맛있다,0,
1523221416,코아르(coar),디저트,케이크,딸기케이크,2,1,0,1,좋아하다,0,
1523221416,코아르(coar),디저트,간식,두바이,2,0,0,2,,0,
1523221416,코아르(coar),디저트,케이크,키티마들렌케이크,1,1,0,0,,0,
1523221416,코아르(coar),디저트,케이크,초코크림폭탄케이크,1,1,0,0,맛있다,0,
1523221416,코아르(coar),커피,커피,콜드브루 디카페인,1,0,0,1,,0,
1523221416,코아르(coar),음료,티,피치우롱티,1,0,0,1,,0,
1523221416,코아르(coar),베이커리,빵,고오스빵,1,1,0,0,고급진 맛이다,0,
1523221416,코아르(coar),푸드,과일,딸기,1,0,0,1,,0,
1523221416,코아르(coar),음료,과일,베리류,1,0,0,1,,0,
1523221416,코아르(coar),음료,음료,초코셀,1,0,0,1,,0,
1523221416,코아르(coar),디저트,간식,두바이쿠키,1,0,0,1,,0,
1523221416,코아르(coar),디저트,케이크,초코폭탄딸기케이크,1,1,0,0,,0,
1523221416,코아르(coar),디저트,케이크,신상케이크,1,1,0,0,맛있다,0,
1523221416,코아르(coar),커피,라떼,딸기라떼,1,1,0,0,맛있다,0,
1523221416,코아르(coar),커피,커피,디카페인 커피,1,1,0,0,,0,
1523221416,코아르(coar),베이커리,빵,미니크루키,1,0,1,0,,0,
1523221416,코아르(coar),베이커리,크로플,크로플,1,1,0,0,맛있다,0,
1523221416,코아르(coar),커피,라떼,카페라떼,1,1,0,0,진하다,0,
1523221416,코아르(coar),디저트,빙수,무지개 얼음빙수,1,1,0,0,맛있다,0,
1523221416,코아르(coar),디저트,간식,두바이 크루키,1,1,0,0,맛있다,0,
1523221416,코아르(coar),커피,아메리카노,아이스아메리카노,1,1,0,0,맛있다,0,
1523221416,코아르(coar),디저트,간식,두바이 크런키,1,1,0,0,맛있다,0,
1523221416,코아르(coar),디저트,빙수,일본식 빙수,1,1,0,0,특이하다,0,
1523221416,코아르(coar),음료,주스,수박쥬스,1,1,0,0,맛있다,0,
1523221416,코아르(coar),베이커리,빵,미니크로키,1,1,0,0,,0,
1523221416,코아르(coar),음료,에이드,수박에이드,1,1,0,0,맛있다,0,
1523221416,코아르(coar),디저트,빙수,일본빙수,1,1,0,0,,0,
1523221416,코아르(coar),디저트,케이크,코알라,1,1,0,0,맛있다,0,
1523221416,코아르(coar),커피,라떼,녹차라떼,1,1,0,0,간이 맞다,0,
1531165536,커피퍼센트&대단한 요거트 신림점,디저트,간식,요거트 아이스크림,3,3,0,0,맛있다,13.6616,
1531165536,커피퍼센트&대단한 요거트 신림점,디저트,간식,쫜득쿠키,1,0,0,1,,0,
1531165536,커피퍼센트&대단한 요거트 신림점,디저트,가나슈,요거트아슈끄림,1,0,0,1,,0,
1531165536,커피퍼센트&대단한 요거트 신림점,디저트,간식,아이스크림,1,1,0,0,맛있다,0,
1531165536,커피퍼센트&대단한 요거트 신림점,음료,과일,과일,1,1,0,0,신선하다,0,
1531165536,커피퍼센트&대단한 요거트 신림점,디저트,간식,아이스크림 토핑,1,1,0,0,맛있다,0,
1531165536,커피퍼센트&대단한 요거트 신림점,푸드,과일,그린키위,1,1,0,0,당도가 높다,0,
1531165536,커피퍼센트&대단한 요거트 신림점,푸드,과일,골드키위,1,1,0,0,당도가 높다,0,
1531844861,커피당,커피,커피,원두,3,3,0,0,좋다,4.6004,
1531844861,커피당,커피,아메리카노,아메리카노,3,1,2,0,연하다,0,Y
1531844861,커피당,음료,에이드,자몽에이드,2,1,0,1,맛있다,0,
1531844861,커피당,커피,라떼,녹차라떼,1,1,0,0,맛있다,0,
1531844861,커피당,커피,아메리카노,아이스아메리카노,1,1,0,0,맛있다,0,
1531844861,커피당,푸드,샌드위치,샌드위치,1,1,0,0,맛있다,0,
1531844861,커피당,디저트,간식,요거트,1,1,0,0,맛있다,0,
1531844861,커피당,음료,주스,키위주스,1,1,0,0,맛있다,0,
1531844861,커피당,음료,에이드,자몽에이드 시럽,1,0,1,0,섞기 불편하다,0,
1531844861,커피당,푸드,푸드,유뷰초밥,1,1,0,0,,0,
1532295602,썰카페,베이커리,크로플,크로플,4,4,0,0,맛있다,7.6593,
1532295602,썰카페,베이커리,스콘,스콘,2,2,0,0,,4.405,
1532295602,썰카페,커피,커피,아인슈페너,2,2,0,0,맛있다,4.2231,
1532295602,썰카페,커피,라떼,헤이즐넛라떼,1,1,0,0,,0,
1532295602,썰카페,베이커리,크로플,크로플 냄새,1,1,0,0,맛있어 보인다,0,
1532295602,썰카페,커피,라떼,라떼,1,1,0,0,,0,
1532295602,썰카페,커피,커피,콜드브루,1,1,0,0,,0,
1533266829,맨날커피,푸드,샌드위치,에그샌드위치,2,2,0,0,싱싱하고 담백하다,9.1078,
1533266829,맨날커피,음료,음료,딸기요거트스무디,2,2,0,0,달달하다,6.6022,
1533266829,맨날커피,푸드,샌드위치,샌드위치,4,3,0,1,맛있다,4.8283,
1533266829,맨날커피,푸드,간식,떡꼬치,1,1,0,0,맛있다,0,
1533266829,맨날커피,푸드,과일,생딸기,1,1,0,0,,0,
1533266829,맨날커피,푸드,과일,딸기,1,1,0,0,많이 들어가 있다,0,
1533266829,맨날커피,푸드,과일,야채,1,1,0,0,싱싱하고 담백하다,0,
1533266829,맨날커피,푸드,간식,김마리,1,1,0,0,맛있다,0,
1539251371,아토커피 신림점,베이커리,와플,와플,11,9,0,2,바삭바삭하다,18.6207,
1539251371,아토커피 신림점,푸드,간식,떡볶이,7,4,0,3,맛있다,13.8211,
1539251371,아토커피 신림점,음료,주스,토마토주스,4,4,0,0,진하고 맛있다,12.6703,
1539251371,아토커피 신림점,음료,주스,수박주스,7,7,0,0,맛있다,12.0446,
1539251371,아토커피 신림점,푸드,햄버거,햄버거,4,2,0,2,배부르다,10.494,
1539251371,아토커피 신림점,푸드,핫도그,떡갈비 버거,2,2,0,0,아침 식사로 좋다,10.494,
1539251371,아토커피 신림점,푸드,토스트,에그마요 토스트,2,2,0,0,부드럽다,10.494,
1539251371,아토커피 신림점,커피,라떼,오렌지라떼,2,2,0,0,맛있다,10.494,
1539251371,아토커피 신림점,음료,음료,토마토슬러쉬,2,2,0,0,맛있다,10.494,
1539251371,아토커피 신림점,음료,스무디,알로에스무디,2,2,0,0,시원하다,10.494,
1539251371,아토커피 신림점,푸드,핫도그,떡갈비버거,2,2,0,0,내용물이 실하고 소스가 맛있다,10.494,
1539251371,아토커피 신림점,베이커리,와플,카야버터와플,2,2,0,0,맛있다,10.494,
1539251371,아토커피 신림점,음료,음료,블루베리맛,2,2,0,0,맛있다,10.494,
1539251371,아토커피 신림점,커피,커피,디카페인커피,2,2,0,0,맛있다,6.3352,
1539251371,아토커피 신림점,푸드,토스트,토스트,3,2,0,1,,4.9489,
1539251371,아토커피 신림점,음료,음료,아이스샤인머스캣청,2,2,0,0,청이 많다,4.9489,
1539251371,아토커피 신림점,음료,주스,수박쥬스,2,2,0,0,맛있다,4.9489,
1539251371,아토커피 신림점,디저트,간식,생크림,2,2,0,0,양이 많다,4.8276,
1539251371,아토커피 신림점,베이커리,크로플,크로플,3,2,0,1,기분이 좋아지다,3.8296,
1539251371,아토커피 신림점,푸드,샌드위치,샌드위치,2,2,0,0,,3.2189,
1539251371,아토커피 신림점,커피,라떼,딸기라떼,2,2,0,0,구성이 다양하고 알차다,2.9716,
1539251371,아토커피 신림점,커피,커피,디카페인,2,2,0,0,산미가 있다,2.7938,
1539251371,아토커피 신림점,커피,라떼,라떼,2,2,0,0,맛있다,1.2638,
1539251371,아토커피 신림점,커피,아메리카노,아이스아메리카노,2,1,0,1,맛있다,0,
1539251371,아토커피 신림점,음료,주스,프로틴주스,2,1,0,1,맛있다,0,
1539251371,아토커피 신림점,음료,주스,ABC주스,2,1,1,0,맛있다,0,
1539251371,아토커피 신림점,음료,스무디,스무디,2,1,0,1,,0,
1539251371,아토커피 신림점,음료,음료,두유,1,1,0,0,,0,
1539251371,아토커피 신림점,음료,주스,토마토 주스,1,1,0,0,달달하다,0,
1539251371,아토커피 신림점,음료,소스,사과잼,1,0,1,0,,0,
1539251371,아토커피 신림점,음료,스무디,요거트스무디,1,1,0,0,맛있다,0,
1539251371,아토커피 신림점,디저트,프라푸치노,팥빙수프라페,1,1,0,0,맛있다,0,
1539251371,아토커피 신림점,커피,라떼,말차라떼,1,1,0,0,쌉싸롬하다,0,
1539251371,아토커피 신림점,푸드,햄버거,수제떡갈비햄버거,1,1,0,0,큼직하다,0,
1539251371,아토커피 신림점,푸드,튀김,수제떡갈비,1,1,0,0,,0,
1539251371,아토커피 신림점,디저트,케이크,케이크,1,1,0,0,맛있다,0,
1539251371,아토커피 신림점,푸드,토스트,에그마요토스트,1,1,0,0,맛있다,0,
1539251371,아토커피 신림점,푸드,소스,딸기쨈,1,1,0,0,,0,
1539251371,아토커피 신림점,푸드,간식,국물떡볶이,1,1,0,0,맛있다,0,
1539251371,아토커피 신림점,커피,라떼,연유라떼,1,0,1,0,밍밍하다,0,
1539251371,아토커피 신림점,음료,음료,단백질 음료,1,0,0,1,,0,
1539251371,아토커피 신림점,디저트,간식,초코맛,1,0,0,1,,0,
1539251371,아토커피 신림점,베이커리,토스트,카야 버터 토스트,1,1,0,0,진하고 맛있다,0,
1539251371,아토커피 신림점,음료,주스,ABC 주스,1,1,0,0,진하고 맛있다,0,
1539251371,아토커피 신림점,베이커리,와플,카야잼버터와플,1,1,0,0,맛있다,0,
1539251371,아토커피 신림점,음료,주스,해장슬러시토마토주스,1,1,0,0,맛있다,0,
1539251371,아토커피 신림점,푸드,샌드위치,에그마요샌드위치,1,1,0,0,맛있다,0,
1539251371,아토커피 신림점,음료,음료,프로틴음료,1,1,0,0,맛있다,0,
1539251371,아토커피 신림점,음료,주스,과일쥬스,1,1,0,0,맛있다,0,
1539251371,아토커피 신림점,음료,주스,주스,1,1,0,0,맛있다,0,
1539251371,아토커피 신림점,푸드,햄버거,수제떡갈비버거,1,1,0,0,맛있다,0,
1539251371,아토커피 신림점,음료,주스,ABC쥬스,1,1,0,0,맛있다,0,
1539251371,아토커피 신림점,술,술,레몬콕,1,1,0,0,맛있다,0,
1539251371,아토커피 신림점,음료,주스,TAK주스,1,1,0,0,맛있다,0,
1539251371,아토커피 신림점,베이커리,와플,카야 생크림 와플,1,1,0,0,바삭하고 달달하다,0,
1539251371,아토커피 신림점,커피,아메리카노,디카페인 아메리카노,1,1,0,0,,0,
1539251371,아토커피 신림점,커피,아메리카노,아메리카노,1,1,0,0,,0,
1539251371,아토커피 신림점,커피,라떼,카페라떼,1,1,0,0,고소하고 부드럽다,0,
1539251371,아토커피 신림점,베이커리,토스트,카야버터토스트,1,1,0,0,버터맛이 좋다,0,
1539251371,아토커피 신림점,음료,주스,생과일수박주스,1,0,0,1,,0,
1539251371,아토커피 신림점,음료,주스,생과일토마토주스,1,0,0,1,,0,
1539251371,아토커피 신림점,음료,음료,오렌지밤,1,1,0,0,맛있다,0,
1539251371,아토커피 신림점,음료,음료,음료종류수,1,1,0,0,종류가 많다,0,
1539251371,아토커피 신림점,푸드,간식,독특한메뉴,1,1,0,0,많다,0,
1539251371,아토커피 신림점,베이커리,토스트,카야토스트,1,1,0,0,버터가 도톰하다,0,
1539251371,아토커피 신림점,베이커리,토스트,가야버터 토스트,1,1,0,0,,0,
1539251371,아토커피 신림점,음료,음료,더위사냥스무디,1,1,0,0,,0,
1539251371,아토커피 신림점,음료,음료,딸요스,1,1,0,0,,0,
1539251371,아토커피 신림점,음료,음료,슬러쉬,1,0,0,1,,0,
1539251371,아토커피 신림점,커피,라떼,달고나라떼,1,1,0,0,달달하다,0,
1539251371,아토커피 신림점,푸드,햄버거,수제햄버거,1,1,0,0,맛있다,0,
1539251371,아토커피 신림점,푸드,핫도그,불고기핫도그,1,1,0,0,맛있다,0,
1539251371,아토커피 신림점,음료,음료,논커피 음료,1,1,0,0,,0,
1539251371,아토커피 신림점,베이커리,와플,카야와플,1,1,0,0,맛있다,0,
1539251371,아토커피 신림점,커피,커피,오리지널 원두,1,1,0,0,산미가 가볍고 바디감이 좋다,0,
1539251371,아토커피 신림점,푸드,과일,야채,1,1,0,0,좋다,0,
1539251371,아토커피 신림점,푸드,푸드,패티,1,1,0,0,좋다,0,
1539251371,아토커피 신림점,음료,과일,과일,1,1,0,0,,0,
1539251371,아토커피 신림점,음료,음료,음료선택옵션,1,1,0,0,다양하다,0,
1539251371,아토커피 신림점,디저트,간식,아이스크림,1,1,0,0,,0,
1539251371,아토커피 신림점,음료,주스,건강 주스,1,1,0,0,,0,
1539251371,아토커피 신림점,푸드,간식,디저트 떡볶이,1,1,0,0,,0,
1539251371,아토커피 신림점,커피,라떼,말차크림라떼,1,1,0,0,맛있다,0,
1539251371,아토커피 신림점,디저트,케이크,생크림우유케익,1,1,0,0,맛있다,0,
1539358716,더벤티구로힐스테이트점,커피,커피,벤티,2,2,0,0,맛있다,10.494,
1539358716,더벤티구로힐스테이트점,커피,아메리카노,아이스아메리카노,3,3,0,0,맛이 괜찮다,1.9862,
1539358716,더벤티구로힐스테이트점,커피,커피,더벤티 커피,2,1,1,0,불친절하다,0,
1539358716,더벤티구로힐스테이트점,디저트,간식,쿠키분태,1,1,0,0,,0,
1539358716,더벤티구로힐스테이트점,푸드,간식,토핑,1,1,0,0,,0,
1539358716,더벤티구로힐스테이트점,디저트,빙수,하프팥빙,1,1,0,0,맛있다,0,
1539358716,더벤티구로힐스테이트점,음료,음료,미숫가루,1,1,0,0,,0,
1539358716,더벤티구로힐스테이트점,커피,라떼,바닐라라떼,1,0,0,1,,0,
1539358716,더벤티구로힐스테이트점,커피,라떼,딥 라테,1,1,0,0,,0,
1539358716,더벤티구로힐스테이트점,음료,음료,율무 음료,1,1,0,0,맛있다,0,
1539358716,더벤티구로힐스테이트점,커피,라떼,연유라떼,1,0,0,1,,0,
1539358716,더벤티구로힐스테이트점,커피,아메리카노,아메리카노,1,0,0,1,,0,
1539358716,더벤티구로힐스테이트점,커피,에스프레소,에스프레소,1,0,0,1,,0,
1539358716,더벤티구로힐스테이트점,커피,커피,다크 마일드,1,1,0,0,,0,
1551847347,만랩커피 신림별빛거리점,커피,커피,만랩커피,3,3,0,0,맛있다,15.7411,
1551847347,만랩커피 신림별빛거리점,커피,커피,콜드브루,4,4,0,0,맛있다,10.7283,
1551847347,만랩커피 신림별빛거리점,음료,밀크커피,누룽지 밀크티,3,2,0,1,고소하고 맛있다,10.494,
1551847347,만랩커피 신림별빛거리점,커피,라떼,만라떼,2,2,0,0,맛있다,10.494,
1551847347,만랩커피 신림별빛거리점,베이커리,간식,크룽지,2,2,0,0,맛있다,9.1078,
1551847347,만랩커피 신림별빛거리점,커피,커피,케냐,2,2,0,0,맛있다,8.2968,
1551847347,만랩커피 신림별빛거리점,술,술,뱅쇼,2,2,0,0,맛있다,5.2159,
1551847347,만랩커피 신림별빛거리점,커피,커피,원두,5,3,0,2,다양하다,4.6004,
1551847347,만랩커피 신림별빛거리점,커피,아메리카노,아이스아메리카노,5,3,0,2,맛있다,1.9862,
1551847347,만랩커피 신림별빛거리점,커피,아메리카노,아메리카노,6,4,0,2,맛있다,1.707,
1551847347,만랩커피 신림별빛거리점,커피,라떼,라떼,2,2,0,0,맛있다,1.2638,
1551847347,만랩커피 신림별빛거리점,음료,소스,시럽,2,1,1,0,적당하다,0,
1551847347,만랩커피 신림별빛거리점,커피,아메리카노,아메리카노 케냐,1,1,0,0,맛있다,0,
1551847347,만랩커피 신림별빛거리점,음료,티,아이스티,1,1,0,0,맛있다,0,
1551847347,만랩커피 신림별빛거리점,음료,주스,수박쥬스,1,1,0,0,맛있다,0,
1551847347,만랩커피 신림별빛거리점,커피,샷,라떼 샷추가,1,1,0,0,맛있다,0,
1551847347,만랩커피 신림별빛거리점,커피,샷,라떼 샷 추가,1,1,0,0,맛있다,0,
1551847347,만랩커피 신림별빛거리점,커피,라떼,오곡라떼,1,1,0,0,맛있다,0,
1551847347,만랩커피 신림별빛거리점,커피,라떼,바닐라크림콜드블루라떼,1,1,0,0,맛있다,0,
1551847347,만랩커피 신림별빛거리점,푸드,과일,양,1,1,0,0,양이 많다,0,
1551847347,만랩커피 신림별빛거리점,커피,커피,콜드브루 원뿔 원,1,1,0,0,좋다,0,
1551847347,만랩커피 신림별빛거리점,커피,커피,데일리 커피,1,0,0,1,평범하다,0,
1551847347,만랩커피 신림별빛거리점,커피,커피,디카페인 커피,1,1,0,0,빠르게 나온다,0,
1551847347,만랩커피 신림별빛거리점,커피,보틀,보틀커피,1,1,0,0,양이 많다,0,
1551847347,만랩커피 신림별빛거리점,베이커리,빵,크로와상,1,0,0,1,,0,
1551847347,만랩커피 신림별빛거리점,푸드,간식,누룽지,1,0,0,1,,0,
1551847347,만랩커피 신림별빛거리점,음료,음료,누룽지찰떡쉐이크,1,1,0,0,,0,
1551847347,만랩커피 신림별빛거리점,음료,밀크커피,누룽지밀크티,1,1,0,0,고소하고 식감이 좋다,0,
1551847347,만랩커피 신림별빛거리점,커피,라떼,바닐라크림콜드라떼,1,1,0,0,달다,0,
1551847347,만랩커피 신림별빛거리점,푸드,간식,현미,1,1,0,0,맛있다,0,
1551847347,만랩커피 신림별빛거리점,푸드,간식,현미 시리얼,1,1,0,0,,0,
1551847347,만랩커피 신림별빛거리점,커피,라떼,바닐라 크림 콜드라떼,1,1,0,0,달다,0,
1551847347,만랩커피 신림별빛거리점,커피,커피,코코넛 블랜치노,1,0,1,0,,0,
1551847347,만랩커피 신림별빛거리점,커피,라떼,말차플랫,1,1,0,0,예쁘고 맛있다,0,
1551847347,만랩커피 신림별빛거리점,커피,커피,오늘의 커피,1,1,0,0,가성비가 좋고 맛있다,0,
1551847347,만랩커피 신림별빛거리점,음료,티,티류,1,1,0,0,종류가 많다,0,
1551847347,만랩커피 신림별빛거리점,커피,커피,디카페인,1,1,0,0,,0,
1551847347,만랩커피 신림별빛거리점,음료,에이드,자몽에이드,1,1,0,0,맛있다,0,
1551847347,만랩커피 신림별빛거리점,음료,음료,딸기요거트스무디,1,1,0,0,맛있다,0,
1551847347,만랩커피 신림별빛거리점,음료,주스,수박주스,1,0,0,1,,0,
1551847347,만랩커피 신림별빛거리점,음료,과일,수박,1,0,1,0,양이 적다,0,
1551847347,만랩커피 신림별빛거리점,베이커리,마들렌,마들렌,1,1,0,0,맛있다,0,
1551847347,만랩커피 신림별빛거리점,음료,스무디,스무디,1,0,0,1,,0,
1551847347,만랩커피 신림별빛거리점,커피,커피,코스타리카 볼칸,1,1,0,0,맛있다,0,
1551847347,만랩커피 신림별빛거리점,커피,라떼,바닐라 크림 콜드브루 리떼,1,0,0,1,,0,
1551847347,만랩커피 신림별빛거리점,커피,라떼,초당 옥수수 라떼,1,1,0,0,달고 고소하다,0,
1554220976,신림마당,베이커리,빵,마당빵,2,2,0,0,맛있다,10.494,
1554220976,신림마당,푸드,토스트,토스트,3,2,0,1,맛있다,4.9489,
1554220976,신림마당,음료,티,차,2,2,0,0,맛있다,4.1379,
1554220976,신림마당,커피,라떼,라떼,2,2,0,0,맛있다,1.2638,
1554220976,신림마당,베이커리,빵,계란빵,2,1,0,1,맛에 감동하다,0,
1554220976,신림마당,커피,커피,디카페인,1,0,0,1,,0,
1554220976,신림마당,커피,아메리카노,아메리카노,1,0,0,1,,0,
1554220976,신림마당,커피,라떼,디카페인 라떼,1,0,0,1,,0,
1554220976,신림마당,베이커리,빵,계란빵세트,1,1,0,0,저렴하다,0,
1554220976,신림마당,푸드,샐러드,샐러드,1,1,0,0,,0,
1554220976,신림마당,푸드,간식,계란,1,1,0,0,,0,
1554220976,신림마당,디저트,빙수,우유빙수,1,1,0,0,,0,
1554220976,신림마당,베이커리,치아바타,치아바타,1,1,0,0,,0,
1554220976,신림마당,베이커리,빵,공갈빵,1,1,0,0,,0,
1554220976,신림마당,디저트,빙수,망고치즈케잌빙수,1,1,0,0,맛있다,0,
1554220976,신림마당,디저트,빙수,눈꽃빙수,1,1,0,0,맛있다,0,
1554220976,신림마당,음료,음료,연유,1,1,0,0,가성비가 좋다,0,
1554220976,신림마당,푸드,소스,수제 크림치즈,1,1,0,0,궁합이 좋다,0,
1554220976,신림마당,디저트,케이크,녹차케잌,1,1,0,0,묵직하고 고급지다,0,
1554220976,신림마당,푸드,간식,모닝셋트,1,0,0,1,,0,
1554220976,신림마당,푸드,간식,삶은계란,1,0,0,1,,0,
1562842108,더리터 신림중앙점,베이커리,크로플,크로플,6,4,1,1,맛있다,5.7445,
1562842108,더리터 신림중앙점,베이커리,와플,와플,2,2,0,0,맛있다,4.1379,
1562842108,더리터 신림중앙점,음료,티,흑당버블티,1,1,0,0,진하다,0,
1562842108,더리터 신림중앙점,음료,티,자몽허니블랙티,1,0,0,1,,0,
1562842108,더리터 신림중앙점,커피,라떼,말차라떼,1,1,0,0,,0,
1562842108,더리터 신림중앙점,푸드,과일,바나나,1,1,0,0,맛있다,0,
1562842108,더리터 신림중앙점,음료,음료,쉐이크,1,1,0,0,맛있다,0,
1562842108,더리터 신림중앙점,커피,커피,콜드브루디카페인,1,0,0,1,,0,
1562842108,더리터 신림중앙점,베이커리,와플,초코와플,1,1,0,0,두껍다,0,
1562842108,더리터 신림중앙점,음료,음료,복숭아요거트,1,0,0,1,,0,
1562842108,더리터 신림중앙점,베이커리,와플,와플 생크림,1,1,0,0,대박이다,0,
1562842108,더리터 신림중앙점,커피,아메리카노,아메리카노,1,0,0,1,,0,
1563344219,쉬즈베이글,푸드,토스트,쉬즈토스트,2,2,0,0,맛있다,10.494,
1563344219,쉬즈베이글,푸드,샌드위치,크래미샌드위치,2,2,0,0,맛있다,10.494,
1563344219,쉬즈베이글,커피,프라푸치노,오곡프라페,2,2,0,0,맛있다,10.494,
1563344219,쉬즈베이글,푸드,토스트,토스트,13,7,4,2,맛있다,7.4233,
1563344219,쉬즈베이글,베이커리,빵,베이글,6,4,1,1,맛있다,7.2414,
1563344219,쉬즈베이글,푸드,샌드위치,샌드위치,6,4,1,1,맛있다,4.8283,
1563344219,쉬즈베이글,음료,티,아이스티,2,2,0,0,맛있다,4.8276,
1563344219,쉬즈베이글,디저트,간식,요거트,3,2,1,0,맛있다,2.9444,
1563344219,쉬즈베이글,커피,아메리카노,아메리카노,7,2,1,4,맛있다,0.4267,
1563344219,쉬즈베이글,커피,아메리카노,아이스아메리카노,5,1,2,2,저렴하다,0,Y
1563344219,쉬즈베이글,푸드,간식,그릭요거트,2,1,1,0,비싸다,0,
1563344219,쉬즈베이글,푸드,과일,야채,2,1,1,0,많다,0,
1563344219,쉬즈베이글,푸드,샌드위치,싱글 햄치즈,1,1,0,0,맛있다,0,
1563344219,쉬즈베이글,푸드,간식,에그스크럼블,1,1,0,0,맛있다,0,
1563344219,쉬즈베이글,푸드,간식,계란,1,1,0,0,맛있다,0,
1563344219,쉬즈베이글,푸드,소스,소스,1,1,0,0,맛있다,0,
1563344219,쉬즈베이글,푸드,푸드,한끼,1,1,0,0,,0,
1563344219,쉬즈베이글,베이커리,빵,에그스크램블베이글,1,0,0,1,,0,
1563344219,쉬즈베이글,푸드,샐러드,샐러드,1,1,0,0,양이 많다,0,
1563344219,쉬즈베이글,푸드,간식,연어,1,1,0,0,,0,
1563344219,쉬즈베이글,푸드,감자,포테이토,1,0,1,0,,0,
1563344219,쉬즈베이글,푸드,과일,양배추,1,0,1,0,,0,
1563344219,쉬즈베이글,음료,음료,카카오 가루,1,0,1,0,,0,
1563344219,쉬즈베이글,커피,라떼,토피넛라떼,1,0,1,0,맛이 밍밍하다,0,
1563344219,쉬즈베이글,베이커리,빵,크림치즈베이글,1,1,0,0,,0,
1563344219,쉬즈베이글,커피,커피,원두,1,1,0,0,,0,
1563344219,쉬즈베이글,푸드,푸드,콰트로 햄,1,1,0,0,맛있다,0,
1563344219,쉬즈베이글,푸드,간식,아침 식사,1,1,0,0,,0,
1563344219,쉬즈베이글,푸드,푸드,콰트로 햄 치즈,1,1,0,0,맛있다,0,
1563344219,쉬즈베이글,푸드,간식,닭가슴살,1,0,0,1,,0,
1563344219,쉬즈베이글,커피,커피,디카페인,1,0,1,0,,0,
1563344219,쉬즈베이글,푸드,샌드위치,크림치즈 베이글 샌드위치,1,1,0,0,만족스럽다,0,
1563344219,쉬즈베이글,커피,라떼,카페라떼,1,0,1,0,,0,
1563344219,쉬즈베이글,푸드,푸드,콰트로핸치즈,1,1,0,0,맛있다,0,
1563344219,쉬즈베이글,커피,커피,블렌딩,1,1,0,0,고소하다,0,
1563344219,쉬즈베이글,푸드,푸드,콰트로 불고기,1,1,0,0,맛있다,0,
1563344219,쉬즈베이글,푸드,샌드위치,불고기샌드위치,1,0,0,1,,0,
1563344219,쉬즈베이글,커피,라떼,아이스라떼,1,1,0,0,,0,
1563344219,쉬즈베이글,커피,라떼,오곡라떼,1,1,0,0,,0,
1563344219,쉬즈베이글,음료,음료,아이스샤인머스캣청,1,0,1,0,달다,0,
1570414934,나티(NAUGHTY),디저트,간식,두바이초콜릿,5,4,0,1,맛있다,16.5936,
1570414934,나티(NAUGHTY),디저트,간식,쿠키,11,9,0,2,맛있다,14.725,
1570414934,나티(NAUGHTY),디저트,간식,두바이초콜렛,3,3,0,0,맛있다,12.4452,
1570414934,나티(NAUGHTY),커피,라떼,나티솔트라떼,2,2,0,0,맛있다,10.494,
1570414934,나티(NAUGHTY),커피,라떼,나티블랙크림라떼,2,2,0,0,맛있다,10.494,
1570414934,나티(NAUGHTY),커피,라떼,딥크림라떼,2,2,0,0,크림이 가득하고 쫀쫀하다,10.494,
1570414934,나티(NAUGHTY),커피,라떼,크림라떼,3,3,0,0,대화하기 좋다,9.9033,
1570414934,나티(NAUGHTY),커피,라떼,카페라테,2,2,0,0,맛있다,8.2968,
1570414934,나티(NAUGHTY),커피,라떼,카페라떼,5,5,0,0,맛있다,7.4291,
1570414934,나티(NAUGHTY),디저트,간식,르뱅쿠키,2,2,0,0,맛있다,6.6022,
1570414934,나티(NAUGHTY),커피,라떼,딸기라떼,4,4,0,0,맛있다,5.9433,
1570414934,나티(NAUGHTY),커피,라떼,라떼,4,4,0,0,맛있다,2.5276,
1570414934,나티(NAUGHTY),커피,라떼,말차바닐라,2,1,0,1,맛있다,0,
1570414934,나티(NAUGHTY),음료,티,우롱티,1,1,0,0,상큼하다,0,
1570414934,나티(NAUGHTY),커피,커피,아인슈패너,1,1,0,0,맛있다,0,
1570414934,나티(NAUGHTY),디저트,케이크,티라미수,1,1,0,0,,0,
1570414934,나티(NAUGHTY),디저트,간식,두바이초컬릿,1,1,0,0,,0,
1570414934,나티(NAUGHTY),음료,티,차,1,1,0,0,맛있다,0,
1570414934,나티(NAUGHTY),커피,라떼,솔트라떼,1,1,0,0,맛있다,0,
1570414934,나티(NAUGHTY),커피,커피,디카페인,1,1,0,0,,0,
1570414934,나티(NAUGHTY),디저트,간식,두바이 초콜릿,1,1,0,0,맛있다,0,
1570414934,나티(NAUGHTY),커피,라떼,블랙크림라떼,1,1,0,0,크림이 맛있다,0,
1570414934,나티(NAUGHTY),커피,라떼,숄트라테,1,1,0,0,최고다,0,
1570414934,나티(NAUGHTY),디저트,간식,피스타치오,1,1,0,0,듬뿍 들어가 있다,0,
1570414934,나티(NAUGHTY),커피,아메리카노,아이스아메리카노,1,1,0,0,,0,
1570414934,나티(NAUGHTY),커피,라떼,말차 바닐라라떼,1,1,0,0,크림이 부드럽고 쫀득하다,0,
1570414934,나티(NAUGHTY),커피,커피,피넛아인슈페너,1,1,0,0,땅콩이 신선하고 씹는 맛이 있다,0,
1570414934,나티(NAUGHTY),디저트,간식,수제 디저트,1,1,0,0,메뉴가 다양하다,0,
1570414934,나티(NAUGHTY),디저트,간식,스모어쿠키,1,1,0,0,맛있다,0,
1570414934,나티(NAUGHTY),음료,에이드,자몽에이드,1,1,0,0,맛있다,0,
1571139111,서울버터샌드,디저트,개성주악,개성주악,44,35,0,9,맛있다,183.6458,
1571139111,서울버터샌드,푸드,간식,버터바,51,40,3,8,맛있다,122.1412,
1571139111,서울버터샌드,베이커리,빵,버터샌드,24,21,1,2,맛있다,104.9405,
1571139111,서울버터샌드,디저트,간식,약과쿠키,19,11,0,8,맛있다,57.7173,
1571139111,서울버터샌드,커피,커피,버터슈페너,5,5,0,0,맛있다,26.2351,
1571139111,서울버터샌드,푸드,간식,주악,5,4,0,1,맛있다,20.9881,
1571139111,서울버터샌드,디저트,간식,약과,5,5,0,0,맛있다,18.1879,
1571139111,서울버터샌드,디저트,간식,쿠키,9,8,0,1,맛있다,13.0888,
1571139111,서울버터샌드,커피,커피,아인슈페너,6,5,0,1,맛있다,10.5576,
1571139111,서울버터샌드,푸드,샌드위치,샌드,2,2,0,0,맛있다,10.494,
1571139111,서울버터샌드,디저트,간식,레몬버터샌드,2,2,0,0,맛있다,10.494,
1571139111,서울버터샌드,음료,과일,산딸기,2,2,0,0,맛있다,10.494,
1571139111,서울버터샌드,디저트,간식,약과 쿠키,2,2,0,0,맛있다,10.494,
1571139111,서울버터샌드,디저트,간식,오레오쿠키,2,2,0,0,맛있다,10.494,
1571139111,서울버터샌드,푸드,간식,황치즈,8,4,1,3,친절하다,10.3658,
1571139111,서울버터샌드,베이커리,소스,크림치즈,5,4,0,1,맛있다,9.4266,
1571139111,서울버터샌드,음료,과일,레몬,3,2,0,1,맛있다,7.7215,
1571139111,서울버터샌드,디저트,간식,피스타치오,3,2,0,1,친절하다,6.9105,
1571139111,서울버터샌드,커피,아메리카노,아이스아메리카노,4,4,0,0,고소하다,2.6482,
1571139111,서울버터샌드,커피,아메리카노,아메리카노,3,3,0,0,맛있다,1.2802,
1571139111,서울버터샌드,커피,라떼,라떼,2,2,0,0,맛있다,1.2638,
1571139111,서울버터샌드,음료,음료,오리지널,3,1,0,2,,0,
1571139111,서울버터샌드,푸드,간식,고구마,2,0,0,2,,0,
1571139111,서울버터샌드,음료,음료,애플시나몬,2,1,0,1,맛있다,0,
1571139111,서울버터샌드,음료,음료,오리지날,2,1,0,1,,0,
1571139111,서울버터샌드,베이커리,빵,버터 샌드,1,0,0,1,,0,
1571139111,서울버터샌드,디저트,케이크,딸기케이크,1,1,0,0,맛있다,0,
1571139111,서울버터샌드,푸드,간식,오리지널 개성주악,1,1,0,0,제일 좋다,0,
1571139111,서울버터샌드,디저트,간식,두바이초콜렛,1,1,0,0,달지 않고 좋다,0,
1571139111,서울버터샌드,음료,티,얼그레이,1,1,0,0,쫀득바삭하다,0,
1571139111,서울버터샌드,디저트,간식,두바이버터바,1,1,0,0,고소달콤하다,0,
1571139111,서울버터샌드,디저트,간식,초코쿠키,1,1,0,0,바삭바삭하다,0,
1571139111,서울버터샌드,디저트,간식,카다이프,1,1,0,0,,0,
1571139111,서울버터샌드,디저트,간식,수제 버터바,1,1,0,0,맛있다,0,
1571139111,서울버터샌드,디저트,간식,두바이 초콜렛버터샌드,1,1,0,0,맛있다,0,
1571139111,서울버터샌드,음료,에이드,타트체리에이드,1,1,0,0,체리맛이 진하다,0,
1571139111,서울버터샌드,커피,에스프레소,피스타치오아인슈페너,1,1,0,0,맛있다,0,
1571139111,서울버터샌드,커피,라떼,말차크림라떼,1,1,0,0,맛있다,0,
1571139111,서울버터샌드,디저트,간식,말차버샌,1,1,0,0,맛있다,0,
1571139111,서울버터샌드,디저트,간식,찹쌀도너츠,1,0,1,0,단단한 식감이다,0,
1571139111,서울버터샌드,디저트,간식,찹쌀떡,1,1,0,0,먹을 만하다,0,
1571139111,서울버터샌드,푸드,소스,무화과 크림치즈,1,0,0,1,,0,
1571139111,서울버터샌드,푸드,소스,무화과크림치즈,1,1,0,0,부드럽고 잘 어울린다,0,
1571139111,서울버터샌드,베이커리,간식,대왕약과쿠키,1,1,0,0,크고 잘 어울린다,0,
1571139111,서울버터샌드,베이커리,소스,크림치즈 필링,1,1,0,0,신박하고 잘 어울린다,0,
1571139111,서울버터샌드,푸드,간식,선물세트,1,1,0,0,,0,
1571139111,서울버터샌드,디저트,간식,황치즈버터샌드,1,1,0,0,고소하고 맛있다,0,
1571139111,서울버터샌드,음료,음료,카라멜시럽,1,1,0,0,,0,
1571139111,서울버터샌드,베이커리,간식,흑임자버터바,1,1,0,0,,0,
1571139111,서울버터샌드,디저트,간식,흑임자 버터샌드,1,1,0,0,맛있다,0,
1571139111,서울버터샌드,디저트,간식,황치즈 버터샌드,1,1,0,0,맛있다,0,
1571139111,서울버터샌드,디저트,간식,흑임자 버터바,1,1,0,0,맛있다,0,
1571139111,서울버터샌드,음료,음료,말차,1,1,0,0,맛있다,0,
1571139111,서울버터샌드,푸드,샌드위치,초코버샌,1,0,0,1,,0,
1571139111,서울버터샌드,음료,음료,녹차맛,1,1,0,0,진하다,0,
1571139111,서울버터샌드,디저트,간식,커피모카 버터바,1,1,0,0,,0,
1571139111,서울버터샌드,디저트,간식,찹쌀대왕약과쿠키,1,1,0,0,,0,
1571139111,서울버터샌드,디저트,간식,황치즈샌드,1,1,0,0,,0,
1571139111,서울버터샌드,푸드,간식,치즈맛,1,0,1,0,치즈맛이 강하지 않다,0,
1571139111,서울버터샌드,디저트,간식,황치즈맛,1,1,0,0,맛이 강하다,0,
1571139111,서울버터샌드,음료,음료,캘리그래피,1,1,0,0,,0,
1571139111,서울버터샌드,베이커리,간식,옥수수버터바,1,1,0,0,맛있다,0,
1571139111,서울버터샌드,디저트,간식,쿠키샌드,1,1,0,0,맛있다,0,
1574600143,메가엠지씨커피 신림역점,디저트,간식,요거트,4,4,0,0,맛있다,11.7778,
1574600143,메가엠지씨커피 신림역점,커피,커피,메가커피,2,2,0,0,,10.494,
1574600143,메가엠지씨커피 신림역점,음료,음료,딸기 스무디,2,2,0,0,맛있다,8.2968,
1574600143,메가엠지씨커피 신림역점,음료,티,아이스티,3,3,0,0,달다,7.2414,
1574600143,메가엠지씨커피 신림역점,커피,아메리카노,아메리카노,9,6,3,0,맛있다,1.2802,
1574600143,메가엠지씨커피 신림역점,커피,라떼,라떼,2,2,0,0,진하다,1.2638,
1574600143,메가엠지씨커피 신림역점,푸드,과일,딸기,3,1,2,0,맛이 부실하다,0,Y
1574600143,메가엠지씨커피 신림역점,커피,커피,디카페인,2,1,1,0,맛있지 않다,0,
1574600143,메가엠지씨커피 신림역점,디저트,간식,떡,2,1,0,1,,0,
1574600143,메가엠지씨커피 신림역점,커피,아메리카노,아이스아메리카노,2,1,0,1,,0,
1574600143,메가엠지씨커피 신림역점,음료,티,허니자몽블랙티,2,1,1,0,맛있다,0,
1574600143,메가엠지씨커피 신림역점,커피,라떼,딸기라떼,1,0,0,1,,0,
1574600143,메가엠지씨커피 신림역점,디저트,간식,요거젤라또,1,0,0,1,,0,
1574600143,메가엠지씨커피 신림역점,푸드,간식,씨리얼 초코베리믹스,1,0,0,1,,0,
1574600143,메가엠지씨커피 신림역점,음료,프라푸치노,누룽누룽 바삭 프라페,1,1,0,0,맛있다,0,
1574600143,메가엠지씨커피 신림역점,음료,음료,녹차,1,0,1,0,녹차 맛이 거의 나지 않는다,0,
1574600143,메가엠지씨커피 신림역점,술,술,무알코올,1,1,0,0,,0,
1574600143,메가엠지씨커피 신림역점,디저트,빙수,팥빙수,1,0,0,1,,0,
1574600143,메가엠지씨커피 신림역점,디저트,간식,젤라또,1,0,0,1,,0,
1574600143,메가엠지씨커피 신림역점,디저트,간식,파르페,1,0,0,1,,0,
1574600143,메가엠지씨커피 신림역점,커피,라떼,흑당버블라떼,1,1,0,0,맛있다,0,
1574600143,메가엠지씨커피 신림역점,디저트,빙수,팥빙,1,1,0,0,맛있다,0,
1574600143,메가엠지씨커피 신림역점,디저트,간식,젤라또 파르페,1,1,0,0,맛있다,0,
1574600143,메가엠지씨커피 신림역점,음료,스무디,복숭아 스무디,1,1,0,0,양이 많다,0,
1574600143,메가엠지씨커피 신림역점,커피,프라푸치노,딸기쿠키프라페,1,1,0,0,맛있다,0,
1574600143,메가엠지씨커피 신림역점,커피,라떼,라이트바닐라라떼,1,1,0,0,양이 많다,0,
1574600143,메가엠지씨커피 신림역점,디저트,푸딩,딸기젤라또,1,1,0,0,맛있다,0,
1574600143,메가엠지씨커피 신림역점,커피,라떼,라이트바닐라아몬드라떼,1,1,0,0,좋다,0,
1574600143,메가엠지씨커피 신림역점,커피,라떼,바닐라라떼,1,0,1,0,,0,
1574600143,메가엠지씨커피 신림역점,음료,음료,핫초코,1,1,0,0,맛있다,0,
1574600143,메가엠지씨커피 신림역점,푸드,간식,같이주는것,1,1,0,0,,0,
1574600143,메가엠지씨커피 신림역점,음료,음료,딸기요거트스무디,1,0,1,0,맛이 부실하다,0,
1574600143,메가엠지씨커피 신림역점,음료,음료,죠리퐁초코,1,1,0,0,맛있다,0,
1574600143,메가엠지씨커피 신림역점,커피,프라푸치노,밤밤 찰떡 프라페,1,1,0,0,달고 맛있다,0,
1574600143,메가엠지씨커피 신림역점,음료,음료,바밤바맛,1,1,0,0,달고 맛있다,0,
1574600143,메가엠지씨커피 신림역점,디저트,간식,플레인퐁크러쉬,1,0,1,0,맛없다,0,
1574600143,메가엠지씨커피 신림역점,디저트,간식,초코맛,1,0,0,1,,0,
1574600143,메가엠지씨커피 신림역점,음료,과일,자몽,1,0,0,1,,0,
1574600143,메가엠지씨커피 신림역점,음료,스무디,요거트스무디,1,1,0,0,,0,
1574600143,메가엠지씨커피 신림역점,음료,음료,몽글젤리복숭아스무디,1,1,0,0,괜찮다,0,
1574600143,메가엠지씨커피 신림역점,커피,라떼,아이스 카라멜마끼또,1,1,0,0,맛있다,0,
1574600143,메가엠지씨커피 신림역점,커피,커피,할메커피,1,1,0,0,가성비가 좋다,0,
1574600143,메가엠지씨커피 신림역점,음료,티,제로 아이스 티,1,1,0,0,가성비가 좋다,0,
1574600143,메가엠지씨커피 신림역점,디저트,케이크,몽쉘케이크,1,1,0,0,,0,
1574600143,메가엠지씨커피 신림역점,음료,음료,체리콕,1,1,0,0,맛있다,0,
1574600143,메가엠지씨커피 신림역점,디저트,마카롱,마카롱,1,1,0,0,크고 맛있다,0,
1574600143,메가엠지씨커피 신림역점,술,술,뱅쇼,1,1,0,0,특이하고 맛있다,0,
1574600143,메가엠지씨커피 신림역점,베이커리,빵,감자빵,1,1,0,0,맛있다,0,
1581791213,딜 카페,디저트,간식,아이스크림,1,1,0,0,맛있다,0,
1581791213,딜 카페,푸드,간식,김치볶음밥,1,1,0,0,맛있다,0,
1581791213,딜 카페,음료,티,레몬티,1,1,0,0,산미가 강하다,0,
1581791213,딜 카페,커피,아메리카노,아메리카노,1,1,0,0,저렴하다,0,
1581791213,딜 카페,커피,커피,원두,1,1,0,0,맛있다,0,
1602699129,모꼬지,디저트,간식,젤라또,1,0,1,0,,0,
1602699129,모꼬지,푸드,샌드위치,샌드위치,1,1,0,0,맛있다,0,
1609022623,쉼 카페,커피,라떼,라떼,2,2,0,0,맛있다,1.2638,
1609022623,쉼 카페,음료,음료,버진모히또,1,1,0,0,맛있다,0,
1609022623,쉼 카페,술,술,모히또,1,0,0,1,,0,
1609022623,쉼 카페,음료,에이드,자몽에이드,1,1,0,0,상큼하다,0,
1609022623,쉼 카페,커피,라떼,녹차라떼,1,1,0,0,맛있다,0,
1609022623,쉼 카페,커피,에스프레소,에스프레소 브람도,1,1,0,0,맛있다,0,
1609022623,쉼 카페,디저트,간식,생크림,1,0,0,1,,0,
1609022623,쉼 카페,음료,음료,시그니처 무알콜 칵테일,1,1,0,0,,0,
1609022623,쉼 카페,술,술,딸기맛 칵테일,1,1,0,0,예쁘다,0,
1609022623,쉼 카페,커피,커피,디카페인 커피,1,1,0,0,,0,
1613052572,음매점 신림점,음료,소스,시럽,1,1,0,0,양이 적당하다,0,
1613052572,음매점 신림점,베이커리,와플,와플,1,1,0,0,맛있다,0,
1613052572,음매점 신림점,커피,라떼,딸기라떼,1,1,0,0,맛있다,0,
1618279134,low position(로우 포지션),푸드,간식,금자씨,9,7,0,2,맛있다,36.7292,
1618279134,low position(로우 포지션),커피,라떼,유빈라떼,4,4,0,0,맛있다,20.9881,
1618279134,low position(로우 포지션),커피,에스프레소,에스프레소,8,8,0,0,맛있다,20.3118,
1618279134,low position(로우 포지션),디저트,간식,애플크럼블,5,4,1,0,맛있다,15.7411,
1618279134,low position(로우 포지션),음료,음료,스윗썸머,3,2,0,1,달지 않고 적당하다,10.494,
1618279134,low position(로우 포지션),커피,에스프레소,아포가토,5,4,1,0,맛있다,10.3658,
1618279134,low position(로우 포지션),커피,에스프레소,아포카토,2,2,0,0,맛있다,7.7215,
1618279134,low position(로우 포지션),디저트,간식,브라우니,3,3,0,0,맛있다,7.4233,
1618279134,low position(로우 포지션),커피,라떼,아이스카페라떼,2,2,0,0,시원하다,7.2752,
1618279134,low position(로우 포지션),커피,라떼,라떼,6,6,0,0,고소하다,3.7914,
1618279134,low position(로우 포지션),커피,라떼,카페라떼,2,2,0,0,맛있다,2.9716,
1618279134,low position(로우 포지션),커피,에스프레소,크림 쇼콜라 에스프레소,2,1,0,1,달고 맛있다,0,
1618279134,low position(로우 포지션),커피,아메리카노,아메리카노,2,1,0,1,완벽하다,0,
1618279134,low position(로우 포지션),음료,음료,우유,2,1,0,1,맛있다,0,
1618279134,low position(로우 포지션),커피,라떼,플랫 화이트,1,1,0,0,고소하다,0,
1618279134,low position(로우 포지션),음료,티,차,1,1,0,0,,0,
1618279134,low position(로우 포지션),커피,커피,금자씨 한잔하는메뉴,1,1,0,0,,0,
1618279134,low position(로우 포지션),음료,음료,탄산수,1,1,0,0,,0,
1618279134,low position(로우 포지션),푸드,토스트,토스트,1,1,0,0,,0,
1618279134,low position(로우 포지션),디저트,간식,바닐라아이스크림,1,1,0,0,맛있다,0,
1618279134,low position(로우 포지션),커피,에스프레소,에스프레소바,1,0,0,1,,0,
1618279134,low position(로우 포지션),디저트,케이크,티라미수,1,0,0,1,,0,
1618279134,low position(로우 포지션),음료,음료,코코아 파우더,1,1,0,0,달콤하다,0,
1618279134,low position(로우 포지션),커피,라떼,모카라떼,1,1,0,0,맛있다,0,
1618279134,low position(로우 포지션),음료,음료,스윗섬머금자씨,1,1,0,0,맛있다,0,
1618279134,low position(로우 포지션),디저트,간식,아이스크림 브라우니,1,1,0,0,,0,
1618279134,low position(로우 포지션),커피,커피,디카페인,1,1,0,0,,0,
1618279134,low position(로우 포지션),커피,아메리카노,아메리카노 디카페인,1,1,0,0,맛있다,0,
1618279134,low position(로우 포지션),푸드,감자,커진감내,1,1,0,0,맛있다,0,
1618279134,low position(로우 포지션),디저트,케이크,얼그레이케이크,1,0,0,1,,0,
1618279134,low position(로우 포지션),음료,음료,디카페인차,1,1,0,0,,0,
1618279134,low position(로우 포지션),음료,음료,딸기에이드,1,1,0,0,마시기 편하다,0,
1618279134,low position(로우 포지션),디저트,케이크,밤케이크,1,1,0,0,부드럽다,0,
1618279134,low position(로우 포지션),디저트,케이크,케이크,1,1,0,0,맛있다,0,
1618279134,low position(로우 포지션),커피,커피,아이스 플랫화이트,1,1,0,0,맛있다,0,
1618279134,low position(로우 포지션),커피,에스프레소,에스프레소 크림,1,1,0,0,맛있다,0,
1618279134,low position(로우 포지션),음료,음료,바닐라빈,1,1,0,0,많이 들어갔다,0,
1618279134,low position(로우 포지션),커피,라떼,딸기라떼,1,1,0,0,맛있다,0,
1618279134,low position(로우 포지션),푸드,푸드,핸드제품,1,1,0,0,,0,
1618279134,low position(로우 포지션),커피,라떼,아이스라떼,1,1,0,0,시원하다,0,
1618279134,low position(로우 포지션),커피,에스프레소,크림 에스프레소,1,1,0,0,맛있다,0,
1618279134,low position(로우 포지션),디저트,간식,애플 크럼블,1,0,1,0,,0,
1618279134,low position(로우 포지션),음료,티,에디션덴마크 티,1,0,0,1,,0,
1618279134,low position(로우 포지션),음료,티,티,1,0,0,1,,0,
1618279134,low position(로우 포지션),커피,커피,금자씨 커피크림,1,1,0,0,맛있다,0,
1618279134,low position(로우 포지션),디저트,간식,초코브라우니,1,1,0,0,맛있다,0,
1618279134,low position(로우 포지션),커피,아메리카노,아이스아메리카노,1,1,0,0,고소하다,0,
1618279134,low position(로우 포지션),음료,티,레몬차,1,1,0,0,달지 않다,0,
1618279134,low position(로우 포지션),음료,음료,레모네이드,1,1,0,0,맛있다,0,
1618279134,low position(로우 포지션),커피,커피,애플크럼블커피,1,1,0,0,맛있다,0,
1618279134,low position(로우 포지션),커피,라떼,크림라떼,1,1,0,0,맛있다,0,
1637921365,국민우유집 신림점,음료,음료,밀크쉐이크,10,7,1,2,맛있다,19.8067,
1637921365,국민우유집 신림점,음료,음료,딸기생우유,4,3,0,1,맛있다,15.7411,
1637921365,국민우유집 신림점,음료,음료,국민우유,3,3,0,0,맛있다,15.7411,
1637921365,국민우유집 신림점,음료,밀크커피,커피우유,3,3,0,0,맛있다,15.7411,
1637921365,국민우유집 신림점,음료,음료,딸기우유,5,4,0,1,맛있다,14.5503,
1637921365,국민우유집 신림점,음료,음료,초코생우유,2,2,0,0,진하다,10.494,
1637921365,국민우유집 신림점,음료,주스,수박쥬스,4,4,0,0,수박맛이 진하다,9.8977,
1637921365,국민우유집 신림점,음료,주스,수박주스,16,9,5,2,맛있다,6.8827,
1637921365,국민우유집 신림점,푸드,과일,딸기,2,2,0,0,많다,4.6052,
1637921365,국민우유집 신림점,커피,아메리카노,아이스아메리카노,3,2,0,1,,1.3241,
1637921365,국민우유집 신림점,커피,아메리카노,아메리카노,4,3,0,1,맛있다,1.2802,
1637921365,국민우유집 신림점,음료,음료,우유,4,1,0,3,맛있다,0,
1637921365,국민우유집 신림점,음료,음료,초코우유,4,1,0,3,맛있다,0,
1637921365,국민우유집 신림점,음료,과일,수박,2,1,1,0,맛있다,0,
1637921365,국민우유집 신림점,음료,음료,홍차생우유,2,1,0,1,진하다,0,
1637921365,국민우유집 신림점,음료,주스,독소배출1번주스,2,0,1,1,맛이 없다,0,
1637921365,국민우유집 신림점,음료,음료,흰우유,2,1,0,1,,0,
1637921365,국민우유집 신림점,음료,밀크커피,커피생우유,2,1,1,0,맛이 변했다,0,
1637921365,국민우유집 신림점,푸드,소스,딸기청,2,1,0,1,,0,
1637921365,국민우유집 신림점,음료,주스,국민우유 수박주스,1,0,1,0,,0,
1637921365,국민우유집 신림점,음료,음료,밀크 쉐이크,1,0,0,1,,0,
1637921365,국민우유집 신림점,음료,음료,홍차 쉐이크,1,1,0,0,맛있다,0,
1637921365,국민우유집 신림점,푸드,간식,꿀고구마,1,1,0,0,,0,
1637921365,국민우유집 신림점,음료,음료,홍차우유,1,1,0,0,맛있다,0,
1637921365,국민우유집 신림점,디저트,간식,초코,1,0,0,1,,0,
1637921365,국민우유집 신림점,음료,주스,망고주스,1,0,0,1,,0,
1637921365,국민우유집 신림점,음료,음료,단호박식혜,1,0,0,1,,0,
1637921365,국민우유집 신림점,음료,주스,건강쥬스,1,1,0,0,맛있다,0,
1637921365,국민우유집 신림점,음료,음료,단호박 식혜,1,0,1,0,,0,
1637921365,국민우유집 신림점,커피,라떼,라떼,1,1,0,0,맛있다,0,
1637921365,국민우유집 신림점,음료,주스,쥬스,1,1,0,0,,0,
1637921365,국민우유집 신림점,커피,라떼,딸기라떼,1,1,0,0,맛있다,0,
1637921365,국민우유집 신림점,음료,밀크커피,커피 우유,1,1,0,0,좋다,0,
1637921365,국민우유집 신림점,디저트,간식,빠삐코,1,0,0,1,,0,
1637921365,국민우유집 신림점,음료,음료,밀크 셰이크,1,0,0,1,,0,
1637921365,국민우유집 신림점,음료,밀크티,초코 밀크쉐이크,1,0,0,1,,0,
1637921365,국민우유집 신림점,음료,얼음,얼음,1,1,0,0,좋다,0,
1637921365,국민우유집 신림점,푸드,과일,파인애플,1,0,1,0,맛이 강하다,0,
1640660698,콤마커피(comma coffee),커피,라떼,바닐라라떼,3,3,0,0,맛있다,3.127,
1640660698,콤마커피(comma coffee),음료,에이드,토마토바질에이드,1,1,0,0,시원하다,0,
1640660698,콤마커피(comma coffee),커피,아메리카노,아메리카노,1,1,0,0,,0,
1640660698,콤마커피(comma coffee),베이커리,마들렌,마들렌,1,1,0,0,맛있다,0,
1640660698,콤마커피(comma coffee),베이커리,빵,치바케,1,0,1,0,,0,
1640660698,콤마커피(comma coffee),커피,라떼,베리베리라떼,1,0,0,1,,0,
1640660698,콤마커피(comma coffee),디저트,마들렌,얼그레이마들렌,1,1,0,0,향이 진하다,0,
1640660698,콤마커피(comma coffee),디저트,치즈케이크,흑임자바스크치즈케이크,1,0,0,1,,0,
1640660698,콤마커피(comma coffee),디저트,간식,흑임자,1,1,0,0,꾸덕하다,0,
1640660698,콤마커피(comma coffee),커피,라떼,아몬드크림라떼,1,1,0,0,크림이 맛있다,0,
1643031984,밀크커피,베이커리,와플,와플,31,29,0,2,맛있다,60.0001,
1643031984,밀크커피,커피,라떼,더블초코라떼,2,2,0,0,맛있다,10.494,
1643031984,밀크커피,커피,라떼,돌체라떼,4,3,1,0,맛있다,6.9105,
1643031984,밀크커피,커피,라떼,바닐라라떼,3,3,0,0,맛있다,3.127,
1643031984,밀크커피,커피,아메리카노,아메리카노,4,2,0,2,가격이 싸다,0.8535,
1643031984,밀크커피,커피,아메리카노,아이스아메리카노,2,1,0,1,,0,
1643031984,밀크커피,음료,티,카모마일티,2,0,0,2,,0,
1643031984,밀크커피,커피,라떼,고구마라떼,1,1,0,0,맛있다,0,
1643031984,밀크커피,디저트,간식,아이스크림,1,0,1,0,,0,
1643031984,밀크커피,음료,에이드,자몽에이드,1,1,0,0,,0,
1643031984,밀크커피,음료,음료,밀크쉐이크,1,0,0,1,,0,
1643031984,밀크커피,음료,티,복숭아 아이스티,1,1,0,0,맛있다,0,
1643031984,밀크커피,커피,프라푸치노,프라페,1,0,0,1,,0,
1643031984,밀크커피,디저트,간식,민트초코오레오,1,0,0,1,,0,
1643031984,밀크커피,디저트,간식,쿠키초코,1,0,0,1,,0,
1643031984,밀크커피,커피,커피,아이스커피,1,1,0,0,맛이 좋다,0,
1643031984,밀크커피,음료,티,티,1,1,0,0,맛있다,0,
1643031984,밀크커피,음료,소스,딸기 시럽,1,1,0,0,좋다,0,
1643031984,밀크커피,푸드,간식,치즈,1,1,0,0,좋다,0,
1643031984,밀크커피,커피,라떼,라떼,1,1,0,0,맛과 가성비가 좋다,0,
1643031984,밀크커피,음료,스무디,요거트스무디,1,1,0,0,맛있다,0,
1643031984,밀크커피,베이커리,빵,시나몬크롱,1,1,0,0,맛있다,0,
1643031984,밀크커피,음료,음료,망고스무디,1,1,0,0,맛있고 시원하다,0,
1643031984,밀크커피,음료,주스,망고주스,1,1,0,0,맛있다,0,
1643031984,밀크커피,커피,라떼,아이스라떼,1,1,0,0,맛있다,0,
1643031984,밀크커피,커피,라떼,민트초코라떼,1,1,0,0,,0,
1643031984,밀크커피,디저트,간식,초코,1,0,1,0,달다,0,
1643031984,밀크커피,디저트,간식,요거트,1,1,0,0,,0,
1643031984,밀크커피,푸드,간식,팥절미,1,1,0,0,부드럽고 고소하다,0,
1643031984,밀크커피,음료,음료,달라,1,1,0,0,맛있다,0,
1643031984,밀크커피,커피,커피,아인슈패너,1,1,0,0,,0,
1643031984,밀크커피,커피,커피,디카페인,1,0,1,0,,0,
1643031984,밀크커피,디저트,마카롱,마카롱,1,1,0,0,맛있다,0,
1644163778,애담커피,커피,라떼,고구마라떼,4,4,0,0,맛있다,11.7778,
1644163778,애담커피,디저트,마카롱,마카롱,4,4,0,0,맛있다,9.2103,
1644163778,애담커피,커피,아메리카노,아이스아메리카노,6,5,0,1,맛있다,3.3103,
1644163778,애담커피,커피,라떼,라떼,3,2,0,1,맛있다,1.2638,
1644163778,애담커피,디저트,빙수,팥빙수,1,1,0,0,맛있다,0,
1644163778,애담커피,음료,티,자스민차 티백,1,1,0,0,,0,
1644163778,애담커피,커피,라떼,초코라떼,1,1,0,0,적당히 달고 맛있다,0,
1644163778,애담커피,커피,라떼,바닐라라떼,1,1,0,0,양이 많다,0,
1644163778,애담커피,음료,음료,쉐이크,1,1,0,0,맛있다,0,
1644163778,애담커피,음료,주스,딸기주스,1,1,0,0,맛있다,0,
1644163778,애담커피,음료,티,유자차,1,1,0,0,맛있다,0,
1644163778,애담커피,음료,얼음,아이스,1,1,0,0,맛있다,0,
1644163778,애담커피,커피,라떼,연유라떼,1,1,0,0,추천하다,0,
1644163778,애담커피,푸드,푸드,자색고구마,1,1,0,0,맛있다,0,
1644163778,애담커피,음료,음료,딸기요거트,1,1,0,0,맛있다,0,
1644163778,애담커피,음료,에이드,수제자몽에이드,1,1,0,0,맛있다,0,
1644163778,애담커피,디저트,마카롱,뚱카롱,1,1,0,0,맛있다,0,
1644163778,애담커피,커피,아메리카노,아메리카노,1,1,0,0,맛있다,0,
1644163778,애담커피,푸드,푸드,재료,1,1,0,0,재료가 아낌없이 쓰이고 맛이 진하다,0,
1644163778,애담커피,커피,프라푸치노,프라페,1,1,0,0,맛있다,0,
1644163778,애담커피,음료,음료,딸기 요거트스무디,1,1,0,0,맛있다,0,
1644163778,애담커피,커피,라떼,따뜻한라떼,1,0,1,0,양이 줄었다,0,
1644163778,애담커피,디저트,케이크,초코케잌,1,1,0,0,,0,
1644163778,애담커피,음료,티,수제자몽차,1,1,0,0,맛있다,0,
1644163778,애담커피,음료,티,밀크티 얼그레이 티백,1,1,0,0,진하다,0,
1644163778,애담커피,음료,에이드,수제 자몽에이드,1,1,0,0,맛있다,0,
1645703637,더리터신림점,커피,라떼,자색고구마라떼,2,2,0,0,맛있다,9.1078,
1645703637,더리터신림점,베이커리,와플,와플,2,2,0,0,맛있다,4.1379,
1645703637,더리터신림점,커피,아메리카노,아이스아메리카노,4,1,0,3,,0,
1645703637,더리터신림점,커피,아메리카노,아메리카노,3,0,0,3,,0,
1645703637,더리터신림점,음료,음료,딸기쏙쏙,2,1,1,0,맛있다,0,
1645703637,더리터신림점,푸드,푸드,전메뉴 사이즈업,1,1,0,0,,0,
1645703637,더리터신림점,디저트,빙수,팥빙,1,1,0,0,,0,
1645703637,더리터신림점,푸드,샌드위치,샌드위치,1,1,0,0,든든하다,0,
1645703637,더리터신림점,푸드,샌드위치,햄치즈카야샌드위치,1,1,0,0,든든하고 맛있다,0,
1645703637,더리터신림점,커피,라떼,17곡라떼,1,1,0,0,맛있다,0,
1645703637,더리터신림점,음료,주스,포도주스,1,1,0,0,새콤달콤하다,0,
1645703637,더리터신림점,음료,보틀,더리터,1,1,0,0,가성비가 좋다,0,
1645703637,더리터신림점,디저트,간식,휘핑크림,1,1,0,0,,0,
1645703637,더리터신림점,음료,소스,사과잼,1,1,0,0,,0,
1645703637,더리터신림점,음료,음료,복숭아봉봉,1,1,0,0,,0,
1645703637,더리터신림점,커피,라떼,라떼,1,0,1,0,우유맛이 많이 난다,0,
1645703637,더리터신림점,커피,커피,아이스커피,1,0,0,1,,0,
1645703637,더리터신림점,음료,과일,복숭아,1,1,0,0,맛있다,0,
1645703637,더리터신림점,음료,음료,일리터,1,1,0,0,크다,0,
1645703637,더리터신림점,음료,음료,사이즈,1,1,0,0,넉넉하다,0,
1645703637,더리터신림점,베이커리,크로플,크로플,1,1,0,0,촉촉하다,0,
1645703637,더리터신림점,음료,얼음,얼음,1,0,1,0,얼음이 적다,0,
1645703637,더리터신림점,커피,커피,모카,1,0,0,1,,0,
1660429666,바나타이거(양산점),커피,프라푸치노,치즈프라페,3,3,0,0,특이하다,15.7411,
1660429666,바나타이거(양산점),디저트,빙수,컵빙수,1,1,0,0,저렴하고 시원하다,0,
1660429666,바나타이거(양산점),음료,주스,수박쥬스,1,0,1,0,실망스럽다,0,
1660429666,바나타이거(양산점),커피,라떼,라떼,1,0,1,0,우유양이 적다,0,
1660429666,바나타이거(양산점),음료,음료,메론크림소다,1,1,0,0,,0,
1660429666,바나타이거(양산점),베이커리,크로플,크로플,1,1,0,0,맛있다,0,
1660429666,바나타이거(양산점),커피,아메리카노,아이스아메리카노,1,1,0,0,가성비가 좋다,0,
1660429666,바나타이거(양산점),음료,주스,수박주스,1,1,0,0,맛있다,0,
1660429666,바나타이거(양산점),푸드,푸드,크로크무슈,1,0,0,1,,0,
1660429666,바나타이거(양산점),커피,아메리카노,아메리카노,1,0,0,1,,0,
1661255254,도로시쿠케 Dorothycookae,베이커리,파이,미트파이,19,17,1,1,맛있다,66.3746,
1661255254,도로시쿠케 Dorothycookae,디저트,파이,파이,16,14,1,1,맛있다,53.9294,
1661255254,도로시쿠케 Dorothycookae,베이커리,휘낭시에,휘낭시에,23,23,0,0,맛있다,49.5876,
1661255254,도로시쿠케 Dorothycookae,푸드,간식,그릭요거트,10,10,0,0,맛있다,36.3759,
1661255254,도로시쿠케 Dorothycookae,디저트,간식,두바이초콜릿,5,5,0,0,맛있다,20.7421,
1661255254,도로시쿠케 Dorothycookae,베이커리,휘낭시에,시리얼 휘낭시에,3,3,0,0,쫀쫀하고 달콤하다,15.7411,
1661255254,도로시쿠케 Dorothycookae,디저트,간식,떠먹는 두바이초콜릿,3,3,0,0,맛있다,15.7411,
1661255254,도로시쿠케 Dorothycookae,디저트,간식,두바이쿠키,3,3,0,0,,13.6616,
1661255254,도로시쿠케 Dorothycookae,푸드,간식,그레놀라,3,3,0,0,맛있다,11.5822,
1661255254,도로시쿠케 Dorothycookae,베이커리,머핀,머핀,3,3,0,0,당 걱정 없이 먹을 수 있다,11.5822,
1661255254,도로시쿠케 Dorothycookae,푸드,파이,치킨크림파이,2,2,0,0,맛있다,10.494,
1661255254,도로시쿠케 Dorothycookae,디저트,휘낭시에,누네띠네 휘낭시에,2,2,0,0,훌륭하다,10.494,
1661255254,도로시쿠케 Dorothycookae,디저트,간식,두바이초코,2,2,0,0,맛있다,10.494,
1661255254,도로시쿠케 Dorothycookae,디저트,파이,바나나크림파이,2,2,0,0,맛있다,10.494,
1661255254,도로시쿠케 Dorothycookae,베이커리,간식,구움과자,2,2,0,0,맛있다,8.2968,
1661255254,도로시쿠케 Dorothycookae,베이커리,타르트,에그타르트,3,3,0,0,맛있다,8.0462,
1661255254,도로시쿠케 Dorothycookae,디저트,케이크,케이크,6,6,0,0,맛있다,7.6604,
1661255254,도로시쿠케 Dorothycookae,베이커리,파이,소불고기파이,3,2,1,0,매콤하고 바싹하다,5.247,
1661255254,도로시쿠케 Dorothycookae,베이커리,파이,토마토 미트파이,3,2,1,0,맛있다,5.247,
1661255254,도로시쿠케 Dorothycookae,디저트,간식,두바이초콜렛,3,2,1,0,,4.1484,
1661255254,도로시쿠케 Dorothycookae,커피,아메리카노,아메리카노,4,4,0,0,고소하다,1.707,
1661255254,도로시쿠케 Dorothycookae,디저트,간식,누띠,2,0,1,1,,0,
1661255254,도로시쿠케 Dorothycookae,디저트,간식,초콜렛,2,1,1,0,,0,
1661255254,도로시쿠케 Dorothycookae,디저트,간식,누네띠네,2,1,1,0,맛있다,0,
1661255254,도로시쿠케 Dorothycookae,베이커리,파이,토마토미트파이,2,1,1,0,맛있다,0,
1661255254,도로시쿠케 Dorothycookae,커피,아메리카노,아이스아메리카노,2,1,0,1,,0,
1661255254,도로시쿠케 Dorothycookae,디저트,간식,바나나크림,1,1,0,0,맛있다,0,
1661255254,도로시쿠케 Dorothycookae,푸드,푸드,허니버터 군고구마,1,1,0,0,맛있다,0,
1661255254,도로시쿠케 Dorothycookae,베이커리,휘낭시에,마카다미아 휘낭시에,1,1,0,0,,0,
1661255254,도로시쿠케 Dorothycookae,베이커리,휘낭시에,플레인 휘낭시에,1,1,0,0,,0,
1661255254,도로시쿠케 Dorothycookae,베이커리,휘낭시에,무화과 크림치즈 휘낭시에,1,1,0,0,,0,
1661255254,도로시쿠케 Dorothycookae,베이커리,휘낭시에,블루베리 크림치즈 휘낭시에,1,1,0,0,,0,
1661255254,도로시쿠케 Dorothycookae,디저트,간식,초코무스미니,1,1,0,0,,0,
1661255254,도로시쿠케 Dorothycookae,디저트,케이크,초코무스케이크,1,1,0,0,꾸덕하다,0,
1661255254,도로시쿠케 Dorothycookae,디저트,케이크,바나나케이크,1,1,0,0,비주얼이 좋다,0,
1661255254,도로시쿠케 Dorothycookae,디저트,푸딩,딸기푸딩,1,1,0,0,달콤하다,0,
1661255254,도로시쿠케 Dorothycookae,디저트,푸딩,바나나푸딩,1,1,0,0,,0,
1661255254,도로시쿠케 Dorothycookae,베이커리,파이,자색 고구마 파이,1,1,0,0,부드럽고 풍부하다,0,
1661255254,도로시쿠케 Dorothycookae,디저트,파이,파이 반죽,1,1,0,0,고소하다,0,
1661255254,도로시쿠케 Dorothycookae,베이커리,파이,페스츄리 파이,1,1,0,0,환상적이다,0,
1661255254,도로시쿠케 Dorothycookae,음료,음료,모든 메뉴,1,1,0,0,,0,
1661255254,도로시쿠케 Dorothycookae,디저트,간식,두바이 초코,1,1,0,0,맛있다,0,
1661255254,도로시쿠케 Dorothycookae,디저트,파이,파이 케이크,1,1,0,0,맛있다,0,
1661255254,도로시쿠케 Dorothycookae,디저트,간식,초코,1,1,0,0,단맛이 적당하다,0,
1661255254,도로시쿠케 Dorothycookae,푸드,간식,펌킨,1,1,0,0,달달하고 꾸덕하다,0,
1661255254,도로시쿠케 Dorothycookae,음료,과일,베리,1,1,0,0,상큼하고 달달하다,0,
1661255254,도로시쿠케 Dorothycookae,디저트,간식,두바이초코 시리즈,1,1,0,0,훌륭하다,0,
1661255254,도로시쿠케 Dorothycookae,술,술,로제,1,1,0,0,취향저격이다,0,
1661255254,도로시쿠케 Dorothycookae,디저트,케이크,베리베리 케이크,1,1,0,0,맛있다,0,
1661255254,도로시쿠케 Dorothycookae,디저트,간식,초코쿠키,1,0,0,1,,0,
1661255254,도로시쿠케 Dorothycookae,디저트,케이크,바나나 크림 파이 케이크,1,0,0,1,,0,
1661255254,도로시쿠케 Dorothycookae,디저트,파이,블루베리치즈파이,1,1,0,0,,0,
1661255254,도로시쿠케 Dorothycookae,디저트,케이크,마롱 케익,1,0,0,1,,0,
1661255254,도로시쿠케 Dorothycookae,디저트,케이크,펌킨 케익,1,0,0,1,,0,
1661255254,도로시쿠케 Dorothycookae,디저트,케이크,자색고구마 케익,1,0,0,1,,0,
1661255254,도로시쿠케 Dorothycookae,디저트,간식,바나나 크림,1,1,0,0,,0,
1661255254,도로시쿠케 Dorothycookae,디저트,케이크,딸기 크림 케익,1,0,0,1,,0,
1661255254,도로시쿠케 Dorothycookae,푸드,스프,양송이 스프,1,1,0,0,,0,
1661255254,도로시쿠케 Dorothycookae,푸드,간식,보니밤,1,1,0,0,맛있다,0,
1661255254,도로시쿠케 Dorothycookae,디저트,간식,피스타치오,1,1,0,0,향이 진하다,0,
1661255254,도로시쿠케 Dorothycookae,디저트,케이크,자색고구마크림파이케익,1,1,0,0,맛있다,0,
1661255254,도로시쿠케 Dorothycookae,디저트,케이크,고구마크림파이케익,1,1,0,0,맛있다,0,
1661255254,도로시쿠케 Dorothycookae,디저트,간식,떠먹는 두바이초코,1,1,0,0,맛있다,0,
1661255254,도로시쿠케 Dorothycookae,디저트,케이크,펌킨크림파이케익,1,1,0,0,맛있다,0,
1661255254,도로시쿠케 Dorothycookae,커피,라떼,유마롱라떼,1,1,0,0,맛있다,0,
1661255254,도로시쿠케 Dorothycookae,디저트,파이,펌킨파이,1,1,0,0,,0,
1661255254,도로시쿠케 Dorothycookae,음료,음료,딸기그릭요거트,1,1,0,0,꾸덕하고 달콤하다,0,
1661255254,도로시쿠케 Dorothycookae,푸드,스프,양송이스프,1,1,0,0,꾸덕하고 진하다,0,
1661255254,도로시쿠케 Dorothycookae,푸드,간식,시리얼,1,1,0,0,맛있다,0,
1661255254,도로시쿠케 Dorothycookae,베이커리,빵,베이커리 빵쥡,1,1,0,0,,0,
1661255254,도로시쿠케 Dorothycookae,디저트,케이크,밤케이크,1,1,0,0,맛있다,0,
1661255254,도로시쿠케 Dorothycookae,디저트,케이크,마롱케이크,1,1,0,0,맛있다,0,
1661255254,도로시쿠케 Dorothycookae,디저트,케이크,도로시쿠케 허니그레놀라그릭요거트,1,1,0,0,마음이 편안해진다,0,
1661255254,도로시쿠케 Dorothycookae,디저트,파이,블루베리파이,1,0,1,0,,0,
1661255254,도로시쿠케 Dorothycookae,디저트,파이,파이케이크,1,1,0,0,당 걱정 없이 먹을 수 있다,0,
1661255254,도로시쿠케 Dorothycookae,음료,에이드,자몽에이드,1,1,0,0,당 걱정 없이 먹을 수 있다,0,
1661255254,도로시쿠케 Dorothycookae,디저트,휘낭시에,누네띠네휘낭시에,1,1,0,0,맛있다,0,
1661255254,도로시쿠케 Dorothycookae,디저트,간식,두바이초콜릿쿠키,1,1,0,0,맛있다,0,
1661255254,도로시쿠케 Dorothycookae,음료,티,아이스티,1,1,0,0,맛있다,0,
1661255254,도로시쿠케 Dorothycookae,디저트,간식,추석선물,1,1,0,0,,0,
1661255254,도로시쿠케 Dorothycookae,디저트,파이,바나나 크림파이,1,0,0,1,,0,
1661255254,도로시쿠케 Dorothycookae,디저트,푸딩,라즈베리 그릭 요거트 푸딩,1,1,0,0,맛있다,0,
1661255254,도로시쿠케 Dorothycookae,디저트,케이크,초콜릿 무스 파이 케이크,1,1,0,0,맛있다,0,
1661255254,도로시쿠케 Dorothycookae,베이커리,파이,소불고기 치즈 파이,1,1,0,0,맛있고 매콤하며 양이 많다,0,
1661255254,도로시쿠케 Dorothycookae,디저트,케이크,크립치즈 콘무스 파이케이크,1,1,0,0,맛있다,0,
1661255254,도로시쿠케 Dorothycookae,디저트,간식,카다이프,1,1,0,0,빠삭하다,0,
1661255254,도로시쿠케 Dorothycookae,푸드,간식,피스타치오잼,1,1,0,0,조합이 좋다,0,
1661255254,도로시쿠케 Dorothycookae,디저트,간식,쿠키,1,1,0,0,맛있다,0,
1661255254,도로시쿠케 Dorothycookae,푸드,푸드,허니그레놀라그릭요거트,1,1,0,0,맛있다,0,
1661255254,도로시쿠케 Dorothycookae,디저트,치즈케이크,피스타치오바스크치즈케익,1,1,0,0,진하고 부드럽다,0,
1661255254,도로시쿠케 Dorothycookae,디저트,케이크,트리플베리무스케익,1,1,0,0,상큼하다,0,
1661255254,도로시쿠케 Dorothycookae,디저트,케이크,도로시쿠케,1,1,0,0,,0,
1661255254,도로시쿠케 Dorothycookae,디저트,간식,두바이 초콜렛,1,1,0,0,,0,
1661255254,도로시쿠케 Dorothycookae,디저트,간식,두바이 초코쿠키,1,1,0,0,,0,
1661255254,도로시쿠케 Dorothycookae,디저트,간식,두바이초콜렛쿠키,1,1,0,0,,0,
1661255254,도로시쿠케 Dorothycookae,디저트,간식,요거트,1,1,0,0,,0,
1661255254,도로시쿠케 Dorothycookae,디저트,파이,초코릿무스파이,1,1,0,0,달지 않다,0,
1661255254,도로시쿠케 Dorothycookae,베이커리,머핀,크림치즈머핀,1,1,0,0,크림이 진하다,0,
1661255254,도로시쿠케 Dorothycookae,디저트,타르트,타르트,1,1,0,0,맛있다,0,
1661255254,도로시쿠케 Dorothycookae,음료,과일,레몬,1,1,0,0,맛있다,0,
1661255254,도로시쿠케 Dorothycookae,디저트,타르트,초코 타르트,1,0,0,1,,0,
1661255254,도로시쿠케 Dorothycookae,디저트,케이크,초코파이케이크,1,0,0,1,,0,
1661255254,도로시쿠케 Dorothycookae,디저트,푸딩,옥수수치즈푸딩,1,1,0,0,맛있다,0,
1661255254,도로시쿠케 Dorothycookae,푸드,튀김,치킨&새우,1,1,0,0,맛있다,0,
1661255254,도로시쿠케 Dorothycookae,디저트,케이크,케익,1,0,0,1,,0,
1661255254,도로시쿠케 Dorothycookae,베이커리,휘낭시에,아몬드 휘낭시에,1,0,0,1,,0,
1661255254,도로시쿠케 Dorothycookae,베이커리,휘낭시에,솔티드 초코 휘낭시에,1,1,0,0,맛있다,0,
1661255254,도로시쿠케 Dorothycookae,베이커리,휘낭시에,플레인휘낭시에,1,1,0,0,깨끗하고 청결하다,0,
1661255254,도로시쿠케 Dorothycookae,베이커리,휘낭시에,고르곤졸라휘낭시에,1,1,0,0,깨끗하고 청결하다,0,
1661255254,도로시쿠케 Dorothycookae,베이커리,파이,블루베리 미트파이,1,1,0,0,깨끗하고 청결하다,0,
1661255254,도로시쿠케 Dorothycookae,디저트,간식,마카다미아,1,1,0,0,담백하다,0,
1661255254,도로시쿠케 Dorothycookae,푸드,간식,고르곤졸라,1,1,0,0,맛있다,0,
1661255254,도로시쿠케 Dorothycookae,커피,커피,솔티드초코,1,1,0,0,맛있다,0,
1661255254,도로시쿠케 Dorothycookae,베이커리,빵,레드벨벳머핀,1,1,0,0,맛있다,0,
1682749033,블러 커피,커피,라떼,아이스크림라떼,12,11,0,1,맛있다,38.0079,
1682749033,블러 커피,디저트,가나슈,까눌레,9,7,2,0,맛있다,17.2763,
1682749033,블러 커피,커피,커피,오랑떼,2,2,0,0,맛있다,10.494,
1682749033,블러 커피,디저트,가나슈,까놀레,2,2,0,0,맛있다,10.494,
1682749033,블러 커피,디저트,간식,아이스크림,6,5,0,1,맛있다,8.3175,
1682749033,블러 커피,커피,라떼,아이스크림 라떼,2,2,0,0,맛있다,8.2968,
1682749033,블러 커피,커피,라떼,바닐라빈라떼,2,2,0,0,맛있다,6.3352,
1682749033,블러 커피,디저트,치즈케이크,치즈케이크,3,3,0,0,식감이 독특하다,5.5375,
1682749033,블러 커피,커피,커피,아인슈페너,2,2,0,0,맛있다,4.2231,
1682749033,블러 커피,커피,커피,디카페인,2,2,0,0,맛있다,2.7938,
1682749033,블러 커피,커피,라떼,라떼,5,4,0,1,맛있다,2.5276,
1682749033,블러 커피,커피,아메리카노,아이스아메리카노,4,2,0,2,가성비가 좋다,1.3241,
1682749033,블러 커피,커피,아메리카노,아메리카노,5,3,1,1,맛있다,0.8535,
1682749033,블러 커피,디저트,케이크,라임파이,2,1,1,0,맛있다,0,
1682749033,블러 커피,커피,커피,필터커피,2,1,0,1,맛있다,0,
1682749033,블러 커피,디저트,간식,키위소르베,1,1,0,0,,0,
1682749033,블러 커피,커피,라떼,바닐라라떼,1,1,0,0,부드럽다,0,
1682749033,블러 커피,디저트,빙수,오렌지 샤베트,1,1,0,0,시원하고 상큼하다,0,
1682749033,블러 커피,음료,음료,키위소르베소다,1,0,0,1,,0,
1682749033,블러 커피,디저트,케이크,도지마롤,1,1,0,0,맛있다,0,
1682749033,블러 커피,디저트,간식,달고나,1,1,0,0,,0,
1682749033,블러 커피,디저트,간식,크럼블,1,1,0,0,괜찮다,0,
1682749033,블러 커피,디저트,케이크,더블초코,1,0,0,1,,0,
1682749033,블러 커피,커피,라떼,블러커피 라떼,1,1,0,0,맛있다,0,
1682749033,블러 커피,디저트,케이크,케이크,1,0,1,0,맛이 없다,0,
1682749033,블러 커피,디저트,푸딩,크림뷔릴레,1,1,0,0,달지 않고 쫀득하다,0,
1682749033,블러 커피,커피,라떼,달고나라떼,1,0,0,1,,0,
1682749033,블러 커피,음료,음료,바닐라,1,0,0,1,,0,
1682749033,블러 커피,음료,티,레몬티,1,1,0,0,향이 좋다,0,
1682749033,블러 커피,커피,라떼,플랫화이트,1,1,0,0,맛있다,0,
1682749033,블러 커피,디저트,케이크,티라미수,1,1,0,0,맛있다,0,
1682749033,블러 커피,디저트,케이크,푸딩 케이크,1,1,0,0,고급진 맛이다,0,
1682749033,블러 커피,디저트,치즈케이크,치즈케익,1,1,0,0,맛있다,0,
1682749033,블러 커피,음료,티,얼그레이,1,1,0,0,맛있다,0,
1682749033,블러 커피,음료,음료,레몬 소르베 소다,1,1,0,0,맛있다,0,
1682749033,블러 커피,커피,라떼,라떼류,1,0,0,1,,0,
1682749033,블러 커피,커피,커피,아인슈페너 크림,1,1,0,0,맛있다,0,
1682749033,블러 커피,음료,음료,히비스커스,1,1,0,0,맛있다,0,
1682749033,블러 커피,디저트,치즈케이크,바스크 치즈케이크,1,0,1,0,,0,
1682749033,블러 커피,커피,라떼,딸기라떼,1,1,0,0,맛있다,0,
1682749033,블러 커피,디저트,치즈케이크,바스크치즈케이크,1,1,0,0,풍미가 좋다,0,
1682749033,블러 커피,디저트,간식,얼그레이까눌레,1,1,0,0,맛있다,0,
1682749033,블러 커피,디저트,간식,바닐라아이스크림,1,1,0,0,,0,
1682749033,블러 커피,커피,커피,원두,1,0,0,1,,0,
1683930081,또리커피 관악점,커피,아메리카노,아이스아메리카노,1,1,0,0,양이 많다,0,
1683930081,또리커피 관악점,푸드,간식,와사비맛 타코야끼,1,1,0,0,맛있다,0,
1683930081,또리커피 관악점,푸드,간식,날치알,1,1,0,0,,0,
1683930081,또리커피 관악점,음료,음료,와사비향,1,1,0,0,은은하게 나다,0,
1692628817,굽다방,디저트,가나슈,까눌레,13,12,0,1,맛있다,41.4632,
1692628817,굽다방,베이커리,휘낭시에,휘낭시에,17,17,0,0,맛있다,36.6517,
1692628817,굽다방,베이커리,빵,소금빵,18,16,1,1,맛있다,35.3498,
1692628817,굽다방,디저트,간식,쌀 디저트,3,3,0,0,맛있다,15.7411,
1692628817,굽다방,푸드,간식,버터바,6,4,0,2,맛있다,13.2045,
1692628817,굽다방,디저트,간식,쌀디저트,3,2,0,1,,10.494,
1692628817,굽다방,베이커리,빵,시오빵,3,2,0,1,촉촉하고 쫄깃하다,10.494,
1692628817,굽다방,푸드,간식,쌀가루,2,2,0,0,,10.494,
1692628817,굽다방,디저트,케이크,갸또쇼콜라,2,2,0,0,꾸덕하다,10.494,
1692628817,굽다방,커피,라떼,바닐라빈라떼,3,3,0,0,뒷맛이 깔끔하고 달다,9.5027,
1692628817,굽다방,푸드,간식,고르곤졸라,2,2,0,0,맛있다,8.2968,
1692628817,굽다방,디저트,치즈케이크,바스크치즈케이크,2,2,0,0,맛있다,5.6983,
1692628817,굽다방,디저트,케이크,케이크,2,2,0,0,맛있다,2.5535,
1692628817,굽다방,커피,아메리카노,아메리카노,4,3,0,1,웰 밸런스하다,1.2802,
1692628817,굽다방,베이커리,타르트,에그타르트,5,2,2,1,그저 그렇다,0,
1692628817,굽다방,베이커리,휘낭시에,피스타치오 휘낭시에,1,1,0,0,맛있다,0,
1692628817,굽다방,푸드,간식,글루텐프리 가게,1,0,0,1,,0,
1692628817,굽다방,디저트,간식,소프트,1,1,0,0,촉촉하고 쫄깃하다,0,
1692628817,굽다방,술,술,하드,1,1,0,0,중간 정도다,0,
1692628817,굽다방,디저트,간식,플레인,1,1,0,0,맛있다,0,
1692628817,굽다방,푸드,간식,발로나,1,1,0,0,맛있다,0,
1692628817,굽다방,디저트,케이크,갸또,1,0,0,1,,0,
1692628817,굽다방,디저트,간식,쿠키,1,0,0,1,,0,
1692628817,굽다방,베이커리,휘낭시에,솔티드 카라멜 휘낭시에,1,1,0,0,단짠단짠하다,0,
1692628817,굽다방,베이커리,휘낭시에,무화과 크림치즈 휘낭시에,1,1,0,0,맛있다,0,
1692628817,굽다방,음료,음료,바닐라,1,1,0,0,향이 좋다,0,
1692628817,굽다방,푸드,간식,발로나초코,1,1,0,0,초코가 진하다,0,
1692628817,굽다방,커피,커피,디카페인 원두,1,0,0,1,,0,
1692628817,굽다방,디저트,치즈케이크,치즈케이크,1,1,0,0,,0,
1692628817,굽다방,베이커리,간식,샤브레,1,1,0,0,,0,
1692628817,굽다방,커피,에스프레소,에스프레소,1,1,0,0,맛있다,0,
1692628817,굽다방,디저트,간식,꾸덕바,1,1,0,0,맛있다,0,
1692628817,굽다방,커피,라떼,딸기라떼,1,1,0,0,상큼하고 달다,0,
1692628817,굽다방,베이커리,빵,쌀소금빵,1,1,0,0,맛있다,0,
1692628817,굽다방,베이커리,빵,쌀시오빵,1,1,0,0,잘 먹힌다,0,
1692628817,굽다방,푸드,간식,쌀,1,1,0,0,좋다,0,
1692628817,굽다방,베이커리,빵,감자빵,1,1,0,0,추천할 만하다,0,
1692628817,굽다방,베이커리,빵,감자+고구마 빵,1,1,0,0,포슬포슬하다,0,
1692628817,굽다방,음료,음료,인절미 향,1,1,0,0,향이 좋다,0,
1692628817,굽다방,푸드,간식,내용물,1,1,0,0,내용물이 꽉 차 있다,0,
1692628817,굽다방,푸드,간식,식감,1,1,0,0,식감이 포슬포슬하다,0,
1692628817,굽다방,음료,소스,수제시럽,1,1,0,0,,0,
1692628817,굽다방,디저트,치즈케이크,바스크치즈케잌,1,1,0,0,,0,
1692628817,굽다방,디저트,치즈케이크,치즈케잌,1,1,0,0,,0,
1692628817,굽다방,베이커리,휘낭시에,피칸카라멜 쌀 휘낭시에,1,1,0,0,맛있다,0,
1692628817,굽다방,푸드,간식,피칸,1,1,0,0,맛있다,0,
1692628817,굽다방,커피,커피,솔티,1,1,0,0,맛있다,0,
1692628817,굽다방,음료,에이드,자몽에이드,1,1,0,0,맛있다,0,
1692628817,굽다방,커피,라떼,연유라떼,1,1,0,0,맛있다,0,
1692628817,굽다방,디저트,간식,브라우니,1,1,0,0,맛있다,0,
1692628817,굽다방,디저트,케이크,쌀갸또쇼콜라,1,1,0,0,맛있다,0,
1692628817,굽다방,베이커리,빵,쌀에타,1,1,0,0,맛있다,0,
1692628817,굽다방,베이커리,빵,쌀빵,1,1,0,0,소화가 잘된다,0,
1692628817,굽다방,베이커리,휘낭시에,솔티카라멜휘낭시에,1,0,0,1,,0,
1692628817,굽다방,베이커리,빵,쌀구움빵,1,0,0,1,,0,
1692628817,굽다방,베이커리,휘낭시에,블루베리치즈휘낭시에,1,1,0,0,,0,
1692628817,굽다방,베이커리,간식,쌀 구움과자,1,1,0,0,,0,
1695138319,CAFE216,커피,커피,아인슈페너,3,3,0,0,맛있다,6.3346,
1695138319,CAFE216,음료,에이드,자몽에이드,2,1,1,0,쌉싸름하다,0,
1695138319,CAFE216,커피,아메리카노,아메리카노,1,1,0,0,맛있다,0,
1695138319,CAFE216,커피,라떼,고구마라떼,1,1,0,0,따뜻하다,0,
1695138319,CAFE216,커피,프라푸치노,216 시그니처프라푸치노,1,1,0,0,달콤하고 부드럽다,0,
1695138319,CAFE216,커피,라떼,라떼,1,1,0,0,부드럽고 고소하다,0,
1695138319,CAFE216,음료,음료,우유,1,1,0,0,부드럽고 고소하다,0,
1704193153,Babip(바빕),베이커리,크로플,크로플,3,3,0,0,맛있다,5.7445,
1704193153,Babip(바빕),푸드,샌드위치,샌드위치,3,2,0,1,양이 많다,3.2189,
1704193153,Babip(바빕),커피,라떼,딸기라떼,3,2,0,1,딸기가 많다,2.9716,
1704193153,Babip(바빕),푸드,간식,김밥,1,1,0,0,속이 꽉 차다,0,
1704193153,Babip(바빕),커피,라떼,바닐라라떼,1,1,0,0,맛있다,0,
1704193153,Babip(바빕),푸드,샌드위치,당근라페샌드위치,1,0,0,1,,0,
1704193153,Babip(바빕),음료,티,차,1,1,0,0,맛있다,0,
1704193153,Babip(바빕),푸드,간식,딸기절임,1,1,0,0,,0,
1704193153,Babip(바빕),커피,아메리카노,아이스아메리카노,1,0,0,1,,0,
1712594911,카페캘리 본점,베이커리,빵,러스크,2,2,0,0,맛있다,10.494,
1712594911,카페캘리 본점,푸드,샐러드,샐러드,3,3,0,0,맛있다,8.5474,
1712594911,카페캘리 본점,커피,아메리카노,아메리카노,3,1,0,2,,0,
1712594911,카페캘리 본점,베이커리,빵,베이글,1,1,0,0,,0,
1712594911,카페캘리 본점,음료,주스,수박쥬스,1,1,0,0,맛있다,0,
1712594911,카페캘리 본점,음료,주스,리얼수박,1,1,0,0,맛있다,0,
1712594911,카페캘리 본점,커피,라떼,카페라떼,1,0,0,1,,0,
1712594911,카페캘리 본점,베이커리,크로플,크로플,1,1,0,0,맛있다,0,
1712594911,카페캘리 본점,커피,라떼,솔트카라멜라떼,1,1,0,0,맛있다,0,
1712594911,카페캘리 본점,푸드,토스트,토스트,1,1,0,0,맛있다,0,
1712594911,카페캘리 본점,푸드,샌드위치,베이글세트,1,1,0,0,맛있다,0,
1712594911,카페캘리 본점,커피,라떼,라떼,1,0,0,1,,0,
1712594911,카페캘리 본점,커피,라떼,소이라떼,1,0,0,1,,0,
1716021151,블렌더스(BLENDERS),베이커리,파이,미트파이,7,7,0,0,맛있다,29.0389,
1716021151,블렌더스(BLENDERS),술,술,칵테일,4,3,0,1,맛있다,11.5822,
1716021151,블렌더스(BLENDERS),술,술,하이볼,2,2,0,0,맛있다,7.2752,
1716021151,블렌더스(BLENDERS),커피,커피,원두,2,2,0,0,,3.0669,
1716021151,블렌더스(BLENDERS),커피,라떼,바닐라라떼,2,2,0,0,부드럽고 실키하다,2.0847,
1716021151,블렌더스(BLENDERS),푸드,푸드,커리,1,1,0,0,,0,
1716021151,블렌더스(BLENDERS),음료,음료,논커피 음료,1,1,0,0,,0,
1716021151,블렌더스(BLENDERS),술,술,헤네시,1,1,0,0,,0,
1716021151,블렌더스(BLENDERS),푸드,간식,샘플러,1,1,0,0,,0,
1716021151,블렌더스(BLENDERS),푸드,소스,마요네즈,1,1,0,0,,0,
1716021151,블렌더스(BLENDERS),술,술,우롱하이볼,1,1,0,0,묵직하고 드라이하다,0,
1716021151,블렌더스(BLENDERS),음료,티,우롱차,1,0,0,1,,0,
1716021151,블렌더스(BLENDERS),커피,커피,드립커피,1,1,0,0,깔끔하고 맛있다,0,
1716021151,블렌더스(BLENDERS),커피,라떼,라떼,1,0,0,1,,0,
1716021151,블렌더스(BLENDERS),술,술,시그니처 칵테일,1,1,0,0,최고다,0,
1719362573,카페레이브,디저트,케이크,케이크,35,34,0,1,맛있다,43.4089,
1719362573,카페레이브,디저트,케이크,쑥케이크,6,6,0,0,맛있다,31.4821,
1719362573,카페레이브,디저트,케이크,뽀또케이크,4,4,0,0,꾸덕하다,20.9881,
1719362573,카페레이브,디저트,케이크,얼그레이초코케이크,4,4,0,0,맛있다,20.9881,
1719362573,카페레이브,커피,라떼,쑥라떼,6,6,0,0,맛있다,19.8067,
1719362573,카페레이브,커피,아메리카노,헤이즐넛아메리카노,4,4,0,0,달달하고 맛있다,18.2155,
1719362573,카페레이브,디저트,케이크,뽀또,3,3,0,0,맛있다,15.7411,
1719362573,카페레이브,커피,라떼,아인슈페너 라떼,2,2,0,0,맛있다,10.494,
1719362573,카페레이브,디저트,케이크,쑥밀크케이크,2,2,0,0,맛있다,10.494,
1719362573,카페레이브,디저트,케이크,꿀고구마 케이크,2,2,0,0,맛있다,10.494,
1719362573,카페레이브,음료,음료,얼그레이유자,2,2,0,0,맛있다,10.494,
1719362573,카페레이브,디저트,케이크,케이크 종류,2,2,0,0,다양하고 맛있다,9.1078,
1719362573,카페레이브,커피,라떼,피스타치오라떼,2,2,0,0,맛있다,9.1078,
1719362573,카페레이브,디저트,케이크,얼그레이케이크,2,2,0,0,최고다,8.2968,
1719362573,카페레이브,디저트,케이크,수제케이크,2,2,0,0,맛있다,8.2968,
1719362573,카페레이브,디저트,케이크,케익,4,4,0,0,맛있다,8.1126,
1719362573,카페레이브,디저트,케이크,고구마케이크,2,2,0,0,느끼하지 않다,7.7215,
1719362573,카페레이브,디저트,간식,피스타치오,2,2,0,0,좋다,6.9105,
1719362573,카페레이브,커피,라떼,흑임자라떼,3,2,0,1,고소하다,6.3352,
1719362573,카페레이브,음료,티,유자차,2,2,0,0,맛있다,6.3352,
1719362573,카페레이브,디저트,간식,쿠키,3,3,0,0,귀엽다,4.9083,
1719362573,카페레이브,커피,커피,아인슈페너,2,2,0,0,부드럽고 달콤하다,4.2231,
1719362573,카페레이브,커피,라떼,바닐라라떼,4,4,0,0,맛있다,4.1693,
1719362573,카페레이브,음료,티,차,2,2,0,0,맛있고 진하다,4.1379,
1719362573,카페레이브,디저트,케이크,레몬케이크,3,2,1,0,맛이 기대 이상이다,3.6376,
1719362573,카페레이브,커피,커피,디카페인,3,2,0,1,맛있다,2.7938,
1719362573,카페레이브,커피,아메리카노,아이스아메리카노,5,4,0,1,맛있다,2.6482,
1719362573,카페레이브,커피,라떼,라떼,5,4,0,1,맛있다,2.5276,
1719362573,카페레이브,커피,아메리카노,아메리카노,6,4,0,2,고소하다,1.707,
1719362573,카페레이브,디저트,케이크,뽀또 케이크,2,1,0,1,맛있다,0,
1719362573,카페레이브,디저트,케이크,얼그레이 초코 케이크,2,1,1,0,맛이 없다,0,
1719362573,카페레이브,디저트,케이크,홀케이크,1,0,1,0,,0,
1719362573,카페레이브,디저트,케이크,꿀 고구마 케이크,1,1,0,0,적당히 달달하고 맛있다,0,
1719362573,카페레이브,커피,라떼,고구마라떼,1,1,0,0,맛있다,0,
1719362573,카페레이브,커피,라떼,바닐라빈라떼,1,0,0,1,,0,
1719362573,카페레이브,디저트,간식,초코,1,0,0,1,,0,
1719362573,카페레이브,디저트,케이크,꿀고구마케이크,1,1,0,0,촉촉하다,0,
1719362573,카페레이브,디저트,마카롱,마카롱,1,1,0,0,,0,
1719362573,카페레이브,디저트,케이크,쑥 밀크케이크,1,1,0,0,,0,
1719362573,카페레이브,커피,라떼,쑥 라떼,1,1,0,0,,0,
1719362573,카페레이브,커피,라떼,흑임자 라떼,1,1,0,0,,0,
1719362573,카페레이브,음료,에이드,청숭아레이드,1,1,0,0,달면서도 상큼하고 톡쏘다,0,
1719362573,카페레이브,디저트,케이크,쑥 크림케이크,1,0,0,1,,0,
1719362573,카페레이브,디저트,케이크,초코얼그레이 케이크,1,1,0,0,묵직하고 촉촉하다,0,
1719362573,카페레이브,커피,라떼,딸기라떼,1,1,0,0,찐하다,0,
1719362573,카페레이브,디저트,케이크,레드벨벳케이크,1,1,0,0,부드럽다,0,
1719362573,카페레이브,커피,라떼,아이스 카라멜마끼야또,1,1,0,0,,0,
1719362573,카페레이브,베이커리,소스,크림치즈,1,1,0,0,부드럽다,0,
1719362573,카페레이브,디저트,케이크,얼그레이 초코케이크,1,1,0,0,맛있다,0,
1719362573,카페레이브,디저트,간식,얼그레이 시트,1,1,0,0,향긋하다,0,
1719362573,카페레이브,디저트,간식,초코 크림,1,1,0,0,달콤쌉싸름하다,0,
1719362573,카페레이브,디저트,케이크,쑥 우유케이크,1,0,0,1,,0,
1719362573,카페레이브,디저트,케이크,퐁신 케이크,1,0,0,1,,0,
1719362573,카페레이브,디저트,간식,얼그레이 초코,1,0,0,1,,0,
1719362573,카페레이브,디저트,케이크,로투스 케이크,1,1,0,0,맛있다,0,
1719362573,카페레이브,디저트,케이크,고구마 케이크,1,1,0,0,부드럽다,0,
1719362573,카페레이브,커피,라떼,말차라떼,1,1,0,0,맛있다,0,
1719362573,카페레이브,커피,라떼,카라멜마끼야또,1,1,0,0,맛있다,0,
1719362573,카페레이브,음료,음료,쑥향,1,0,1,0,강하지 않다,0,
1719362573,카페레이브,디저트,케이크,헤이즐넛 초코케이크,1,1,0,0,적당히 달고 맛있다,0,
1719362573,카페레이브,디저트,케이크,조각케이크,1,0,1,0,맛이 별로다,0,
1719362573,카페레이브,디저트,케이크,케이크시트,1,0,1,0,퍼석하다,0,
1719362573,카페레이브,음료,음료,헤이즐넛,1,1,0,0,고소하다,0,
1719362573,카페레이브,커피,라떼,오트라떼,1,0,0,1,,0,
1719362573,카페레이브,디저트,케이크,초코케이크,1,1,0,0,꿀맛이다,0,
1719362573,카페레이브,음료,과일,유자,1,1,0,0,꿀맛이다,0,
1719362573,카페레이브,음료,에이드,청숭아에이드,1,1,0,0,상큼하다,0,
1719362573,카페레이브,디저트,케이크,헤이즐넛초코케이크,1,1,0,0,덜 달다,0,
1719362573,카페레이브,디저트,치즈케이크,블루베리 치즈케이크,1,1,0,0,맛있다,0,
1719362573,카페레이브,디저트,간식,쿠키앤크림,1,1,0,0,맛있다,0,
1719362573,카페레이브,음료,티,로즈힙티,1,1,0,0,향이 좋다,0,
1719362573,카페레이브,디저트,케이크,유자얼그레이케이크,1,1,0,0,부드럽다,0,
1719362573,카페레이브,커피,라떼,디카페인라떼,1,1,0,0,맛있다,0,
1719362573,카페레이브,디저트,케이크,쑥 케익,1,1,0,0,,0,
1719362573,카페레이브,디저트,케이크,뽀또 케익,1,1,0,0,,0,
1719362573,카페레이브,디저트,케이크,얼그레이유자케이크,1,1,0,0,촉촉하고 고급지다,0,
1719362573,카페레이브,커피,라떼,헤이즐넛라떼,1,1,0,0,,0,
1719362573,카페레이브,음료,음료,논커피,1,1,0,0,,0,
1719362573,카페레이브,커피,라떼,아이스초코라떼,1,1,0,0,맛있다,0,
1719362573,카페레이브,디저트,간식,생크림,1,1,0,0,부드럽다,0,
1719362573,카페레이브,디저트,치즈케이크,블루베리치즈케이크,1,1,0,0,꾸덕하다,0,
1719362573,카페레이브,푸드,간식,황치즈,1,1,0,0,맛있다,0,
1719362573,카페레이브,디저트,케이크,쑥크림 케이크,1,0,1,0,,0,
1719362573,카페레이브,디저트,케이크,얼그레이 유자 케이크,1,1,0,0,맛있다,0,
1719362573,카페레이브,디저트,케이크,당근케이크,1,0,0,1,,0,
1719362573,카페레이브,디저트,간식,쑥크림,1,0,0,1,,0,
1719362573,카페레이브,디저트,케이크,쑥크림케이크,1,1,0,0,,0,
1719362573,카페레이브,디저트,케이크,버터크림케이크,1,1,0,0,부드럽고 맛있다,0,
1719362573,카페레이브,음료,에이드,패션후르츠에이드,1,1,0,0,상큼달콤하다,0,
1719362573,카페레이브,디저트,간식,곰돌이초코아이스크림,1,1,0,0,진하고 꾸덕하다,0,
1719362573,카페레이브,커피,라떼,초코라떼,1,1,0,0,달고 부드럽다,0,
1719362573,카페레이브,푸드,샌드위치,약과아이스샌드,1,0,1,0,딱딱하다,0,
1719362573,카페레이브,디저트,간식,약과,1,0,1,0,딱딱하다,0,
1719362573,카페레이브,디저트,간식,아이스크림,1,0,1,0,,0,
1719362573,카페레이브,베이커리,스콘,스콘,1,1,0,0,맛있다,0,
1719362573,카페레이브,디저트,케이크,티라미스,1,1,0,0,맛있다,0,
1719362573,카페레이브,음료,과일,석류알,1,1,0,0,맛있다,0,
1719362573,카페레이브,음료,에이드,로즈에이드,1,1,0,0,괜찮다,0,
1727180045,그리니,푸드,샌드위치,샌드위치,10,8,1,1,맛있다,11.2661,
1727180045,그리니,푸드,간식,바질,2,2,0,0,맛있다,10.494,
1727180045,그리니,푸드,샐러드,샐러드,3,3,0,0,신선하다,8.5474,
1727180045,그리니,푸드,과일,야채,2,2,0,0,신선하다,6.6022,
1727180045,그리니,베이커리,크로플,크로플,2,2,0,0,맛있다,3.8296,
1727180045,그리니,푸드,튀김,치킨텐더,2,1,0,1,맛있다,0,
1727180045,그리니,베이커리,간식,말해모해,1,1,0,0,맛있다,0,
1727180045,그리니,푸드,푸드,통모짜바질,1,0,0,1,,0,
1727180045,그리니,푸드,간식,모짜,1,0,0,1,,0,
1727180045,그리니,베이커리,빵,통밀빵,1,1,0,0,,0,
1727180045,그리니,베이커리,와플,와플,1,1,0,0,맛있다,0,
1727180045,그리니,푸드,샌드위치,계란샌드위치,1,1,0,0,촉촉하고 맛있다,0,
1727180045,그리니,푸드,간식,토핑,1,1,0,0,,0,
1727180045,그리니,푸드,샌드위치,단호박 샌드위치,1,1,0,0,건강하고 맛있다,0,
1727180045,그리니,푸드,푸드,햄치즈,1,1,0,0,맛있다,0,
1727180045,그리니,푸드,푸드,해쉬베이컨,1,1,0,0,맛있다,0,
1727180045,그리니,푸드,샌드위치,무화과 치즈 샌드위치,1,1,0,0,맛있다,0,
1727180045,그리니,커피,라떼,달고나 카페라떼,1,1,0,0,맛있다,0,
1727180045,그리니,커피,라떼,바닐라라떼,1,1,0,0,맛있다,0,
1727180045,그리니,푸드,샌드위치,당근라페 샌드위치,1,1,0,0,맛있다,0,
1727180045,그리니,커피,라떼,달고나라떼,1,1,0,0,달고나를 많이 담아준다,0,
1727180045,그리니,음료,음료,아이스샤인머스캣청,1,0,1,0,맛이 연하다,0,
1727180045,그리니,푸드,샌드위치,크래미와사비 샌드위치,1,1,0,0,맛있다,0,
1727180045,그리니,푸드,과일,단호박,1,1,0,0,속이 안정되다,0,
1727180045,그리니,푸드,간식,에그,1,1,0,0,양이 많고 고소하다,0,
1727180045,그리니,푸드,소스,와사비,1,1,0,0,맛있다,0,
1727180045,그리니,푸드,샌드위치,와사비 크래미 샌드위치,1,1,0,0,맛있다,0,
1727180045,그리니,푸드,간식,데리야끼치킨,1,1,0,0,양이 많다,0,
1727180045,그리니,푸드,간식,매콤떡갈비,1,1,0,0,양이 많다,0,
1728379266,스타벅스 신림녹두거리점,커피,아메리카노,아이스아메리카노,3,3,0,0,좋다,1.9862,
1728379266,스타벅스 신림녹두거리점,커피,아메리카노,아메리카노,2,0,0,2,,0,
1728379266,스타벅스 신림녹두거리점,푸드,샌드위치,스크램블에그SW,1,0,0,1,,0,
1728379266,스타벅스 신림녹두거리점,커피,라떼,카페라떼,1,0,0,1,,0,
1728379266,스타벅스 신림녹두거리점,디저트,케이크,케이크,1,1,0,0,,0,
1728379266,스타벅스 신림녹두거리점,음료,음료,라즈베리티,1,0,0,1,,0,
1728379266,스타벅스 신림녹두거리점,커피,커피,디카페인,1,1,0,0,좋다,0,
1728379266,스타벅스 신림녹두거리점,커피,라떼,카페브륄레라테,1,1,0,0,맛있다,0,
1734484471,POPO archive(포포 아카이브),베이커리,스콘,스콘,5,5,0,0,맛있다,11.0125,
1734484471,POPO archive(포포 아카이브),디저트,간식,레몬쿠키,2,2,0,0,맛있다,10.494,
1734484471,POPO archive(포포 아카이브),디저트,간식,브라우니,2,2,0,0,맛에 정성이 느껴진다,4.9489,
1734484471,POPO archive(포포 아카이브),베이커리,파이,호두파이,3,2,1,0,맛있다,4.5539,
1734484471,POPO archive(포포 아카이브),커피,라떼,라떼,3,3,0,0,맛있다,1.8957,
1734484471,POPO archive(포포 아카이브),커피,아메리카노,아메리카노,2,2,0,0,맛이 좋다,0.8535,
1734484471,POPO archive(포포 아카이브),커피,라떼,코코넛라떼,1,1,0,0,이국적이고 여름에 잘 어울리다,0,
1734484471,POPO archive(포포 아카이브),디저트,간식,쿠키,1,1,0,0,맛이 좋다,0,
1734484471,POPO archive(포포 아카이브),커피,라떼,오트라떼,1,1,0,0,고소하다,0,
1734484471,POPO archive(포포 아카이브),커피,라떼,바닐라라떼,1,0,0,1,,0,
1734484471,POPO archive(포포 아카이브),커피,라떼,밤호박라떼,1,1,0,0,맛있다,0,
1734484471,POPO archive(포포 아카이브),디저트,간식,레몬크럼블,1,1,0,0,맛있다,0,
1734484471,POPO archive(포포 아카이브),디저트,간식,단호박크럼블,1,1,0,0,단호박 맛이 느껴진다,0,
1734484471,POPO archive(포포 아카이브),디저트,타르트,단호박 크럼블 파이,1,1,0,0,맛있다,0,
1734484471,POPO archive(포포 아카이브),디저트,케이크,케익,1,1,0,0,맛있다,0,
1734484471,POPO archive(포포 아카이브),디저트,치즈케이크,치즈케익,1,1,0,0,최고다,0,
1734484471,POPO archive(포포 아카이브),커피,라떼,카페라떼,1,1,0,0,맛있다,0,
1734484471,POPO archive(포포 아카이브),디저트,간식,피넛쿠키,1,1,0,0,맛있다,0,
1734484471,POPO archive(포포 아카이브),디저트,간식,포포 레몬쿠키,1,1,0,0,친절하다,0,
1737670746,할리스커피 난곡사거리점,디저트,케이크,바닐라딜라이트,3,3,0,0,맛있다,13.6616,
1737670746,할리스커피 난곡사거리점,푸드,간식,에그마요,2,2,0,0,맛있다,8.2968,
1737670746,할리스커피 난곡사거리점,커피,아메리카노,아메리카노,9,6,1,2,맛있다,2.1337,
1737670746,할리스커피 난곡사거리점,커피,라떼,라떼,2,2,0,0,맛있다,1.2638,
1737670746,할리스커피 난곡사거리점,푸드,스프,트러플머쉬룸수프볼,2,0,0,2,,0,
1737670746,할리스커피 난곡사거리점,커피,아메리카노,디카페인 아메리카노,2,1,1,0,맛이 별로다,0,
1737670746,할리스커피 난곡사거리점,커피,라떼,아이스카페라떼,1,0,0,1,,0,
1737670746,할리스커피 난곡사거리점,음료,티,진저레몬차,1,0,0,1,,0,
1737670746,할리스커피 난곡사거리점,푸드,푸드,크로크무스,1,0,0,1,,0,
1737670746,할리스커피 난곡사거리점,푸드,푸드,케사디아,1,1,0,0,맛있다,0,
1737670746,할리스커피 난곡사거리점,커피,커피,콜드브루,1,1,0,0,맛있다,0,
1737670746,할리스커피 난곡사거리점,푸드,샌드위치,햄치즈 샌드위치,1,0,0,1,,0,
1737670746,할리스커피 난곡사거리점,디저트,케이크,케익,1,0,0,1,,0,
1737670746,할리스커피 난곡사거리점,커피,라떼,쑥라떼,1,1,0,0,진하다,0,
1737670746,할리스커피 난곡사거리점,음료,음료,화이트초코,1,1,0,0,부드럽다,0,
1737670746,할리스커피 난곡사거리점,음료,티,유자차,1,1,0,0,맛있다,0,
1737670746,할리스커피 난곡사거리점,음료,주스,오렌지 자몽 싱싱 주스,1,0,0,1,,0,
1737670746,할리스커피 난곡사거리점,푸드,간식,토핑,1,0,1,0,,0,
1737670746,할리스커피 난곡사거리점,디저트,케이크,바닐라 딜라이트,1,1,0,0,맛있다,0,
1737670746,할리스커피 난곡사거리점,푸드,푸드,퀘사디아,1,1,0,0,맛있다,0,
1737670746,할리스커피 난곡사거리점,푸드,치아바타,올리브 베이컨 치아바타,1,1,0,0,맛있다,0,
1737670746,할리스커피 난곡사거리점,디저트,케이크,바닐라딜라이트케익,1,1,0,0,맛있다,0,
1737670746,할리스커피 난곡사거리점,커피,아메리카노,블랙아리아 아메리카노,1,0,0,1,,0,
1737670746,할리스커피 난곡사거리점,커피,라떼,블랙아리아 라떼,1,1,0,0,맛있다,0,
1737670746,할리스커피 난곡사거리점,음료,주스,수박주스,1,1,0,0,맛있다,0,
1737670746,할리스커피 난곡사거리점,디저트,간식,민트초코,1,0,0,1,,0,
1737670746,할리스커피 난곡사거리점,베이커리,스콘,스콘,1,1,0,0,맛있다,0,
1737670746,할리스커피 난곡사거리점,푸드,소스,딸기쨈,1,0,0,1,,0,
1737670746,할리스커피 난곡사거리점,푸드,간식,리조또,1,1,0,0,맛이 괜찮다,0,
1737670746,할리스커피 난곡사거리점,푸드,간식,스파이시 씨푸드,1,0,1,0,맵다,0,
1737670746,할리스커피 난곡사거리점,푸드,간식,새우,1,0,0,1,,0,
1737670746,할리스커피 난곡사거리점,푸드,소스,치킨크림,1,1,0,0,맛이 괜찮다,0,
1737670746,할리스커피 난곡사거리점,푸드,간식,베이컨,1,0,0,1,,0,
1737670746,할리스커피 난곡사거리점,베이커리,휘낭시에,휘낭시에,1,1,0,0,맛있다,0,
1737670746,할리스커피 난곡사거리점,음료,음료,딸기스무디,1,1,0,0,맛있다,0,
1737670746,할리스커피 난곡사거리점,커피,아메리카노,디카페인아메리카노,1,0,1,0,맛이 없다,0,
1737670746,할리스커피 난곡사거리점,커피,커피,디카페인커피,1,0,1,0,맛이 없다,0,
1737670746,할리스커피 난곡사거리점,푸드,샌드위치,에그마요 샌드위치,1,0,0,1,,0,
1737670746,할리스커피 난곡사거리점,음료,티,해남녹차 아이스,1,1,0,0,맛있다,0,
1746293546,매머드 익스프레스 신림대학점,커피,커피,매머드커피,6,3,1,2,가성비가 좋다,9.1078,
1746293546,매머드 익스프레스 신림대학점,커피,커피,헤이즐넛커피,2,2,0,0,부드럽고 가성비가 좋다,9.1078,
1746293546,매머드 익스프레스 신림대학점,커피,라떼,콜드브루연유라떼,2,2,0,0,맛있다,9.1078,
1746293546,매머드 익스프레스 신림대학점,커피,커피,디카페인,3,2,0,1,맛이 깔끔하다,2.7938,
1746293546,매머드 익스프레스 신림대학점,커피,라떼,바닐라라떼,3,2,0,1,당충전에 좋다,2.0847,
1746293546,매머드 익스프레스 신림대학점,커피,아메리카노,아이스아메리카노,3,3,0,0,얼음이 많다,1.9862,
1746293546,매머드 익스프레스 신림대학점,커피,아메리카노,아메리카노,8,3,0,5,맛이 좋다,1.2802,
1746293546,매머드 익스프레스 신림대학점,커피,라떼,라떼,2,2,0,0,고소하고 풍미가 좋다,1.2638,
1746293546,매머드 익스프레스 신림대학점,커피,라떼,말차라떼,1,1,0,0,맛있다,0,
1746293546,매머드 익스프레스 신림대학점,음료,음료,딸기 말차,1,1,0,0,맛있다,0,
1746293546,매머드 익스프레스 신림대학점,커피,아메리카노,아메리카노 아이스,1,0,0,1,,0,
1746293546,매머드 익스프레스 신림대학점,음료,음료,헤이즐넛파우더,1,0,0,1,,0,
1746293546,매머드 익스프레스 신림대학점,커피,아메리카노,헤이즐넛향 아메리카노,1,1,0,0,부드럽고 가성비가 좋다,0,
1746293546,매머드 익스프레스 신림대학점,커피,라떼,헤이즐넛라떼,1,0,1,0,,0,
1746293546,매머드 익스프레스 신림대학점,음료,음료,딸기 망고스틴 티,1,1,0,0,맛있다,0,
1746293546,매머드 익스프레스 신림대학점,커피,커피,콜드부르,1,1,0,0,커피맛이 좋다,0,
1746293546,매머드 익스프레스 신림대학점,커피,라떼,푸딩라떼,1,0,0,1,,0,
1746293546,매머드 익스프레스 신림대학점,커피,샷,샷,1,0,0,1,,0,
1746293546,매머드 익스프레스 신림대학점,커피,라떼,꿀라떼,1,1,0,0,맛있다,0,
1746293546,매머드 익스프레스 신림대학점,커피,라떼,연유콜드브루라테,1,1,0,0,,0,
1746293546,매머드 익스프레스 신림대학점,커피,라떼,매머드카페라테,1,1,0,0,,0,
1746293546,매머드 익스프레스 신림대학점,커피,라떼,카페라테,1,1,0,0,,0,
1746293546,매머드 익스프레스 신림대학점,음료,스무디,푸딩쉐이크,1,1,0,0,,0,
1746293546,매머드 익스프레스 신림대학점,커피,커피,매머드커피 디카페인,1,1,0,0,,0,
1746293546,매머드 익스프레스 신림대학점,커피,라떼,콜드브루라떼,1,0,0,1,,0,
1746293546,매머드 익스프레스 신림대학점,커피,커피,아이스커피,1,1,0,0,,0,
1746293546,매머드 익스프레스 신림대학점,커피,라떼,아몬드라떼,1,0,0,1,,0,
1746293546,매머드 익스프레스 신림대학점,음료,음료,사이즈,1,1,0,0,,0,
1746293546,매머드 익스프레스 신림대학점,커피,프라푸치노,바나나 퐁 프라페,1,1,0,0,맛있다,0,
1746293546,매머드 익스프레스 신림대학점,커피,라떼,녹차라떼,1,1,0,0,맛있다,0,
1746293546,매머드 익스프레스 신림대학점,음료,에이드,자몽에이드,1,0,1,0,달다,0,
1746293546,매머드 익스프레스 신림대학점,음료,음료,딸기 요거트 스무디,1,1,0,0,맛있다,0,
1751269663,홍카페 HONG CAFE,베이커리,스콘,스콘,20,20,0,0,맛있다,44.05,
1751269663,홍카페 HONG CAFE,디저트,가나슈,까눌레,8,7,1,0,맛있다,20.7316,
1751269663,홍카페 HONG CAFE,베이커리,휘낭시에,휘낭시에,10,9,0,1,맛있다,19.4038,
1751269663,홍카페 HONG CAFE,디저트,치즈케이크,바스크치즈케이크,6,5,0,1,맛있다,14.2456,
1751269663,홍카페 HONG CAFE,베이커리,휘낭시에,소보로 휘낭시에,2,2,0,0,맛있다,10.494,
1751269663,홍카페 HONG CAFE,커피,라떼,홍크림라떼슈페너,2,2,0,0,맛있다,10.494,
1751269663,홍카페 HONG CAFE,커피,커피,홍크림슈페너,2,2,0,0,크리미하다,10.494,
1751269663,홍카페 HONG CAFE,디저트,간식,약과,2,2,0,0,바삭하다,7.2752,
1751269663,홍카페 HONG CAFE,베이커리,마들렌,마들렌,3,3,0,0,종류가 다양하다,7.2414,
1751269663,홍카페 HONG CAFE,커피,커피,아이스커피,2,2,0,0,시원하다,6.6022,
1751269663,홍카페 HONG CAFE,디저트,케이크,케이크,4,4,0,0,맛있다,5.1069,
1751269663,홍카페 HONG CAFE,커피,라떼,말차라떼,4,3,1,0,녹차맛이 아니다,4.6052,
1751269663,홍카페 HONG CAFE,커피,아메리카노,아이스아메리카노,4,4,0,0,맛있다,2.6482,
1751269663,홍카페 HONG CAFE,커피,아메리카노,아메리카노,3,3,0,0,진하고 산미가 있다,1.2802,
1751269663,홍카페 HONG CAFE,커피,라떼,라떼,2,2,0,0,맛있다,1.2638,
1751269663,홍카페 HONG CAFE,음료,주스,수박주스,1,1,0,0,맛있다,0,
1751269663,홍카페 HONG CAFE,음료,티,생강차,1,1,0,0,좋다,0,
1751269663,홍카페 HONG CAFE,음료,티,차,1,1,0,0,맛있다,0,
1751269663,홍카페 HONG CAFE,커피,커피,슈페너,1,1,0,0,,0,
1751269663,홍카페 HONG CAFE,디저트,케이크,티라미수 케익,1,1,0,0,,0,
1751269663,홍카페 HONG CAFE,음료,티,히비스커스 차,1,1,0,0,,0,
1751269663,홍카페 HONG CAFE,음료,주스,메론쥬스,1,1,0,0,맛있다,0,
1751269663,홍카페 HONG CAFE,커피,아메리카노,디카페인 아메리카노,1,1,0,0,맛있다,0,
1751269663,홍카페 HONG CAFE,음료,티,레몬티,1,1,0,0,상큼하고 달달하다,0,
1751269663,홍카페 HONG CAFE,커피,라떼,카페라떼,1,1,0,0,시원하다,0,
1751269663,홍카페 HONG CAFE,베이커리,스콘,초코스콘,1,1,0,0,더 맛있다,0,
1751269663,홍카페 HONG CAFE,커피,커피,원두,1,1,0,0,좋다,0,
1751269663,홍카페 HONG CAFE,베이커리,휘낭시에,무화과 크림 치즈 휘낭시에,1,1,0,0,맛있다,0,
1751269663,홍카페 HONG CAFE,음료,티,레몬차,1,0,0,1,,0,
1751269663,홍카페 HONG CAFE,디저트,휘낭시에,크림치즈휘낭시에,1,1,0,0,맛있다,0,
1751269663,홍카페 HONG CAFE,커피,에스프레소,에스프레소,1,1,0,0,향이 좋다,0,
1751269663,홍카페 HONG CAFE,음료,스무디,요거트스무디,1,1,0,0,많이 달지 않다,0,
1751269663,홍카페 HONG CAFE,음료,티,오미자차,1,1,0,0,예쁘고 맛있다,0,
1751269663,홍카페 HONG CAFE,디저트,치즈케이크,치즈케이크,1,1,0,0,맛있다,0,
1751269663,홍카페 HONG CAFE,베이커리,스콘,버터스콘,1,0,0,1,,0,
1751269663,홍카페 HONG CAFE,베이커리,스콘,과일스콘,1,1,0,0,맛있다,0,
1751269663,홍카페 HONG CAFE,디저트,치즈케이크,오레오치즈케이크,1,1,0,0,고소하고 맛있다,0,
1751269663,홍카페 HONG CAFE,커피,라떼,딸기라떼,1,1,0,0,맛있다,0,
1751269663,홍카페 HONG CAFE,음료,티,홍차티백,1,1,0,0,,0,
1751269663,홍카페 HONG CAFE,음료,티,홍차,1,1,0,0,,0,
1751269663,홍카페 HONG CAFE,음료,티,티라,1,1,0,0,맛있다,0,
1751269663,홍카페 HONG CAFE,디저트,케이크,까망베르케이크,1,1,0,0,깔끔하다,0,
1751269663,홍카페 HONG CAFE,디저트,케이크,초코무스케이크,1,1,0,0,맛있다,0,
1751269663,홍카페 HONG CAFE,술,술,논알콜하이볼,1,1,0,0,맛있다,0,
1751269663,홍카페 HONG CAFE,음료,음료,말차,1,1,0,0,맛있다,0,
1751269663,홍카페 HONG CAFE,디저트,케이크,케이쿠,1,1,0,0,맛있다,0,
1751269663,홍카페 HONG CAFE,음료,밀크커피,블랙밀크티,1,1,0,0,,0,
1751269663,홍카페 HONG CAFE,디저트,휘낭시에,약과휘낭시에,1,0,0,1,,0,
1751269663,홍카페 HONG CAFE,푸드,간식,쌀,1,0,0,1,,0,
1751269663,홍카페 HONG CAFE,커피,에스프레소,아포카토,1,1,0,0,맛있다,0,
1751269663,홍카페 HONG CAFE,베이커리,간식,구움과자,1,1,0,0,맛이 좋다,0,
1751269663,홍카페 HONG CAFE,디저트,치즈케이크,바스크치즈케익,1,1,0,0,맛있다,0,
1751269663,홍카페 HONG CAFE,디저트,케이크,오레오케이크,1,1,0,0,,0,
1751269663,홍카페 HONG CAFE,베이커리,휘낭시에,무화과크림치즈휘낭시에,1,1,0,0,,0,
1751269663,홍카페 HONG CAFE,베이커리,스콘,레몬스콘,1,1,0,0,,0,
1751269663,홍카페 HONG CAFE,푸드,푸드,재료,1,1,0,0,,0,
1751269663,홍카페 HONG CAFE,베이커리,휘낭시에,쌀 휘낭시에,1,0,1,0,품절이다,0,
1751269663,홍카페 HONG CAFE,커피,커피,디카페인커피,1,1,0,0,맛있다,0,
1751269663,홍카페 HONG CAFE,디저트,마들렌,얼그레이 마들렌,1,1,0,0,맛있다,0,
1751269663,홍카페 HONG CAFE,음료,음료,하이볼 논알콜피치,1,1,0,0,맛있다,0,
1751269663,홍카페 HONG CAFE,디저트,치즈케이크,치즈케익,1,1,0,0,맛있다,0,
1751269663,홍카페 HONG CAFE,디저트,치즈케이크,수제바스크치즈케이크,1,1,0,0,부드럽고 녹는다,0,
1780360023,크로플집,베이커리,크로플,크로플,11,10,0,1,맛있다,19.1482,
1780360023,크로플집,베이커리,크로플,대파크림치즈 크로플,2,2,0,0,맛있다,10.494,
1780360023,크로플집,디저트,간식,오레오,2,1,0,1,맛있다,0,
1780360023,크로플집,푸드,샌드위치,대파 크림치즈 베이컨 베이글,1,1,0,0,맛있다,0,
1780360023,크로플집,베이커리,빵,베이글,1,1,0,0,부드럽고 바삭하다,0,
1780360023,크로플집,베이커리,빵,치즈대파베이글내부,1,1,0,0,,0,
1780360023,크로플집,커피,라떼,카라멜마끼야또,1,0,0,1,,0,
1780360023,크로플집,디저트,간식,쿠키,1,0,0,1,,0,
1780360023,크로플집,디저트,간식,초코나무쿠키,1,0,0,1,,0,
1780360023,크로플집,디저트,간식,초코,1,0,0,1,,0,
1780360023,크로플집,음료,음료,녹차,1,1,0,0,맛있다,0,
1780360023,크로플집,디저트,간식,녹차맛초코나무쿠키,1,0,0,1,,0,
1780360023,크로플집,커피,라떼,카라멜마끼아또,1,1,0,0,달콤하고 상큼하다,0,
1780360023,크로플집,푸드,간식,대파크림치즈,1,1,0,0,맛있다,0,
1780360023,크로플집,디저트,케이크,트리플베리,1,0,0,1,,0,
1780360023,크로플집,디저트,간식,아이스크림,1,1,0,0,맛있다,0,
1780360023,크로플집,음료,에이드,레몬에이드,1,1,0,0,진하다,0,
1780360023,크로플집,커피,아메리카노,아이스아메리카노,1,1,0,0,맛있다,0,
1780360023,크로플집,푸드,간식,대파,1,1,0,0,잘 어울린다,0,
1780360023,크로플집,베이커리,소스,크림치즈,1,1,0,0,잘 어울린다,0,
1780360023,크로플집,음료,에이드,자몽에이드,1,1,0,0,좋다,0,
1780360023,크로플집,음료,과일,자몽 알갱이,1,1,0,0,씹힌다,0,
1784361445,빌베이커리,베이커리,타르트,에그타르트,30,25,0,5,맛있다,67.0519,
1784361445,빌베이커리,베이커리,빵,소금빵,28,23,0,5,맛있다,54.203,
1784361445,빌베이커리,베이커리,빵,식빵,22,16,1,5,맛있다,51.829,
1784361445,빌베이커리,베이커리,치아바타,치아바타,11,11,0,0,맛있다,34.8434,
1784361445,빌베이커리,베이커리,빵,퀸아망,9,7,0,2,맛있다,31.8771,
1784361445,빌베이커리,디저트,가나슈,까눌레,10,9,0,1,맛있다,31.0974,
1784361445,빌베이커리,베이커리,빵,명란바게트,7,6,0,1,맛있다,24.8905,
1784361445,빌베이커리,베이커리,빵,우유식빵,9,6,0,3,촉촉하고 맛있다,23.1644,
1784361445,빌베이커리,베이커리,빵,슈톨렌,7,5,1,1,맛있다,16.5936,
1784361445,빌베이커리,베이커리,빵,바게트,5,5,0,0,맛있다,16.5056,
1784361445,빌베이커리,디저트,간식,먹물모찌,5,4,1,0,맛있다,15.7411,
1784361445,빌베이커리,베이커리,스콘,슈톨렌스콘,3,3,0,0,,15.7411,
1784361445,빌베이커리,베이커리,휘낭시에,휘낭시에,8,7,0,1,맛있다,15.0919,
1784361445,빌베이커리,베이커리,빵,밤식빵,4,4,0,0,맛있다,14.5503,
1784361445,빌베이커리,베이커리,치아바타,올리브치아바타,4,3,0,1,맛있다,13.6616,
1784361445,빌베이커리,베이커리,빵,깜빠뉴,3,3,0,0,맛있다,12.4452,
1784361445,빌베이커리,베이커리,빵,크로와상,4,4,0,0,맛있다,12.1992,
1784361445,빌베이커리,베이커리,빵,치즈 소금빵,2,2,0,0,맛있다,10.494,
1784361445,빌베이커리,디저트,치즈케이크,메이플프로마쥬,2,2,0,0,맛있다,10.494,
1784361445,빌베이커리,베이커리,빵,딸기크림크로와상,2,2,0,0,맛있다,10.494,
1784361445,빌베이커리,베이커리,빵,버터프레첼,2,2,0,0,맛있다,10.494,
1784361445,빌베이커리,베이커리,빵,치즈프레첼,2,2,0,0,잘한다,10.494,
1784361445,빌베이커리,푸드,간식,호두크랜베리스틱,2,2,0,0,최애이다,10.494,
1784361445,빌베이커리,베이커리,빵,에멘탈치즈빵,2,2,0,0,치즈가 많다,10.494,
1784361445,빌베이커리,베이커리,빵,무화과깜빠뉴,2,2,0,0,맛있다,7.7215,
1784361445,빌베이커리,베이커리,스콘,스콘,4,3,0,1,맛있다,6.6075,
1784361445,빌베이커리,디저트,타르트,타르트,2,2,0,0,맛있다,6.0996,
1784361445,빌베이커리,푸드,간식,치즈,2,2,0,0,치즈맛이 진하다,5.5242,
1784361445,빌베이커리,베이커리,소스,크림치즈,2,2,0,0,산미가 없다,4.7133,
1784361445,빌베이커리,베이커리,빵,모닝빵,3,0,0,3,,0,
1784361445,빌베이커리,베이커리,빵,바게뜨,2,1,1,0,쫄깃하고 바삭하다,0,
1784361445,빌베이커리,베이커리,빵,아몬드크루아상,2,1,0,1,맛있다,0,
1784361445,빌베이커리,베이커리,스콘,슈톨렌 스콘,2,0,0,2,,0,
1784361445,빌베이커리,푸드,푸드,재료,2,1,1,0,조화롭지 않다,0,
1784361445,빌베이커리,푸드,간식,당근라페,2,1,0,1,,0,
1784361445,빌베이커리,베이커리,마들렌,마들렌,2,1,1,0,,0,
1784361445,빌베이커리,푸드,토스트,토스트,1,0,0,1,,0,
1784361445,빌베이커리,푸드,간식,바치케,1,1,0,0,맛있다,0,
1784361445,빌베이커리,디저트,타르트,말차타르트,1,0,0,1,,0,
1784361445,빌베이커리,베이커리,빵,공주밤식빵,1,1,0,0,촉촉하고 실하다,0,
1784361445,빌베이커리,음료,음료,초콜릿크림,1,1,0,0,맛있다,0,
1784361445,빌베이커리,베이커리,크로플,크러핀,1,1,0,0,맛있다,0,
1784361445,빌베이커리,푸드,샌드위치,커스텀 샌드위치,1,1,0,0,맛있다,0,
1784361445,빌베이커리,디저트,타르트,말차 타르트,1,1,0,0,부드럽고 바삭하다,0,
1784361445,빌베이커리,푸드,샌드위치,토스트 샌드위치,1,1,0,0,맛있다,0,
1784361445,빌베이커리,푸드,간식,버터바,1,1,0,0,맛있다,0,
1784361445,빌베이커리,디저트,파이,피칸파이,1,1,0,0,,0,
1784361445,빌베이커리,베이커리,빵,모카찰떡빵,1,1,0,0,맛있다,0,
1784361445,빌베이커리,푸드,샌드위치,라페샌드위치,1,0,0,1,,0,
1784361445,빌베이커리,베이커리,타르트,피칸타르트,1,1,0,0,맛있다,0,
1784361445,빌베이커리,디저트,간식,황치즈버터바,1,1,0,0,맛있다,0,
1784361445,빌베이커리,푸드,간식,호두크랜베리,1,1,0,0,부재료가 넉넉하다,0,
1784361445,빌베이커리,베이커리,빵,무화과 깜빠뉴,1,1,0,0,맛있다,0,
1784361445,빌베이커리,베이커리,빵,얼그레이파운드,1,1,0,0,맛있다,0,
1784361445,빌베이커리,베이커리,빵,말차 크루와상,1,1,0,0,맛있다,0,
1784361445,빌베이커리,푸드,샌드위치,잠봉 슬랩 샌드위치,1,1,0,0,맛있다,0,
1784361445,빌베이커리,디저트,간식,황치즈 버터바,1,1,0,0,맛있다,0,
1784361445,빌베이커리,베이커리,소보로,갈릭 소보로,1,0,0,1,,0,
1784361445,빌베이커리,디저트,케이크,몽블랑,1,1,0,0,맛있다,0,
1784361445,빌베이커리,베이커리,빵,프레츨,1,1,0,0,맛있다,0,
1784361445,빌베이커리,베이커리,빵,앙버터 바게트,1,1,0,0,고소하다,0,
1784361445,빌베이커리,베이커리,간식,피스타치오 파운드,1,0,1,0,,0,
1784361445,빌베이커리,베이커리,빵,소프트 소금빵,1,0,0,1,,0,
1784361445,빌베이커리,베이커리,빵,오리지널 소금빵,1,0,0,1,,0,
1784361445,빌베이커리,음료,음료,바나나향,1,1,0,0,향이 은은하다,0,
1784361445,빌베이커리,음료,음료,두유,1,1,0,0,맛있다,0,
1784361445,빌베이커리,푸드,간식,고르곤졸라,1,1,0,0,맛있다,0,
1784361445,빌베이커리,베이커리,빵,무화과크림바게트,1,1,0,0,,0,
1784361445,빌베이커리,베이커리,마들렌,모카마들렌,1,1,0,0,,0,
1784361445,빌베이커리,베이커리,빵,고르곤졸라바게트,1,1,0,0,맛있다,0,
1784361445,빌베이커리,디저트,간식,살구쨈 쿠키,1,0,0,1,,0,
1784361445,빌베이커리,베이커리,빵,기본빵,1,1,0,0,환상적이다,0,
1784361445,빌베이커리,베이커리,빵,쫄깃바게뜨,1,1,0,0,쫄깃하다,0,
1784361445,빌베이커리,푸드,파스타,오일파스타,1,1,0,0,맛있다,0,
1784361445,빌베이커리,베이커리,크로플,크로핀,1,1,0,0,맛있다,0,
1784361445,빌베이커리,베이커리,빵,연어크로와상,1,1,0,0,맛있다,0,
1784361445,빌베이커리,베이커리,빵,크로아상,1,1,0,0,,0,
1784361445,빌베이커리,푸드,푸드,잠봉뵈르,1,1,0,0,조화가 좋다,0,
1784361445,빌베이커리,푸드,푸드,햄,1,1,0,0,,0,
1784361445,빌베이커리,베이커리,빵,초코크루아상,1,1,0,0,초코스틱이 숨어있다,0,
1784361445,빌베이커리,베이커리,마들렌,모카 마들렌,1,1,0,0,맛있다,0,
1784361445,빌베이커리,베이커리,치아바타,올리브 치아바타,1,1,0,0,인생 치아바타다,0,
1784361445,빌베이커리,음료,음료,에타,1,1,0,0,,0,
1784361445,빌베이커리,베이커리,빵,밤고구마 식빵,1,1,0,0,재료를 아끼지 않는다,0,
1784361445,빌베이커리,푸드,과일,밤,1,1,0,0,진짜 밤이다,0,
1784361445,빌베이커리,베이커리,빵,치즈프렛즐 치즈,1,1,0,0,치즈가 가득 들어있다,0,
1784361445,빌베이커리,푸드,간식,버터,1,1,0,0,재료를 아끼지 않는다,0,
1784361445,빌베이커리,푸드,과일,당근,1,1,0,0,,0,
1784361445,빌베이커리,푸드,과일,양배추,1,1,0,0,,0,
1784361445,빌베이커리,푸드,간식,닭가슴살,1,1,0,0,,0,
1784361445,빌베이커리,푸드,샐러드,양배추샐러드,1,1,0,0,,0,
1784361445,빌베이커리,베이커리,빵,소프트소금빵,1,1,0,0,맛있다,0,
1784361445,빌베이커리,디저트,케이크,레몬케이크,1,1,0,0,맛있다,0,
1784361445,빌베이커리,푸드,푸드,크래미마요,1,0,0,1,,0,
1784361445,빌베이커리,푸드,샌드위치,치아바타 샌드위치,1,0,0,1,,0,
1784361445,빌베이커리,베이커리,빵,베이글,1,1,0,0,,0,
1784361445,빌베이커리,베이커리,간식,반죽,1,1,0,0,쫀득쫀득하고 쫄깃하다,0,
1784361445,빌베이커리,푸드,간식,단간식,1,1,0,0,,0,
1784361445,빌베이커리,음료,음료,인기템,1,1,0,0,,0,
1784361445,빌베이커리,베이커리,빵,초코묻은소금빵,1,1,0,0,맛있다,0,
1784361445,빌베이커리,베이커리,휘낭시에,초코휘낭쉬에,1,1,0,0,맛있다,0,
1784361445,빌베이커리,디저트,간식,얼그레이 초코렛,1,0,0,1,,0,
1784361445,빌베이커리,베이커리,파이,오예스파운드,1,1,0,0,맛있다,0,
1784361445,빌베이커리,베이커리,마들렌,밤마들렌,1,1,0,0,맛있다,0,
1784361445,빌베이커리,음료,음료,화이트초콜릿,1,0,0,1,,0,
1784361445,빌베이커리,베이커리,빵,기본 플레인한 빵,1,0,0,1,,0,
1784361445,빌베이커리,푸드,소스,쨈,1,1,0,0,맛있다,0,
1784361445,빌베이커리,베이커리,빵,식사빵,1,1,0,0,부드럽고 폭신폭신하다,0,
1784361445,빌베이커리,베이커리,치아바타,치즈할라피뇨 치아바타,1,0,0,1,,0,
1784361445,빌베이커리,베이커리,스콘,밀푀유스콘,1,1,0,0,,0,
1784361445,빌베이커리,베이커리,스콘,밀푀유 스콘,1,1,0,0,고소하고 담백하다,0,
1784361445,빌베이커리,디저트,간식,르뱅쿠키,1,1,0,0,맛있다,0,
1784361445,빌베이커리,푸드,간식,김치,1,0,0,1,,0,
1784361445,빌베이커리,베이커리,소보로,갈릭소보로,1,0,0,1,,0,
1784361445,빌베이커리,디저트,간식,쿠키,1,0,1,0,촉촉하다,0,
1784361445,빌베이커리,베이커리,빵,레몬 글레이즈드,1,1,0,0,취향에 맞다,0,
1784361445,빌베이커리,디저트,케이크,파운드,1,0,0,1,,0,
1784361445,빌베이커리,베이커리,빵,할라피뇨깜빠뉴,1,1,0,0,,0,
1784361445,빌베이커리,베이커리,빵,서프트 소금빵,1,1,0,0,맛있다,0,
1784361445,빌베이커리,디저트,가나슈,까줄레,1,1,0,0,맛있다,0,
1784361445,빌베이커리,디저트,휘낭시에,바나나 희낭시,1,1,0,0,맛있다,0,
1786829226,카페룽고,커피,라떼,멜론라떼,1,1,0,0,맛있다,0,
1786829226,카페룽고,베이커리,빵,월병,1,1,0,0,,0,
1790241828,사과당 서울대점,베이커리,파이,사과파이,24,21,1,2,맛있다,104.9405,
1790241828,사과당 서울대점,디저트,파이,파이,25,22,1,2,맛있다,87.1166,
1790241828,사과당 서울대점,베이커리,파이,애플파이,11,10,1,0,맛있다,40.9849,
1790241828,사과당 서울대점,베이커리,파이,요거트 사과파이,3,3,0,0,맛있다,15.7411,
1790241828,사과당 서울대점,음료,소스,사과필링,2,2,0,0,달달하다,10.494,
1790241828,사과당 서울대점,베이커리,파이,사과당 파이,2,2,0,0,상큼하다,10.494,
1790241828,사과당 서울대점,음료,과일,사과,3,2,0,1,가득 들고 바삭하다,8.2968,
1790241828,사과당 서울대점,베이커리,스콘,스콘,3,3,0,0,맛있다,6.6075,
1790241828,사과당 서울대점,커피,아메리카노,아메리카노,6,4,0,2,깔끔담백하다,1.707,
1790241828,사과당 서울대점,베이커리,파이,옥수수파이,2,1,0,1,맛있다,0,
1790241828,사과당 서울대점,음료,음료,사과당,2,1,0,1,,0,
1790241828,사과당 서울대점,베이커리,파이,바닐라사과파이,1,0,0,1,,0,
1790241828,사과당 서울대점,베이커리,파이,오리지널사과파이,1,0,0,1,,0,
1790241828,사과당 서울대점,디저트,파이,크림파이,1,1,0,0,맛있다,0,
1790241828,사과당 서울대점,디저트,간식,쿠키,1,1,0,0,맛있다,0,
1790241828,사과당 서울대점,베이커리,파이,세모애플파이,1,0,0,1,,0,
1790241828,사과당 서울대점,베이커리,파이,세모옥수수파이,1,0,0,1,,0,
1790241828,사과당 서울대점,음료,밀크커피,사과밀크티,1,1,0,0,맛있다,0,
1790241828,사과당 서울대점,베이커리,파이,우유 애플파이,1,1,0,0,맛있다,0,
1790241828,사과당 서울대점,푸드,푸드,피이,1,1,0,0,맛있다,0,
1790241828,사과당 서울대점,푸드,간식,당춘전,1,1,0,0,최고이다,0,
1790241828,사과당 서울대점,베이커리,파이,오리지널 사과파이,1,1,0,0,맛있다,0,
1790241828,사과당 서울대점,베이커리,파이,우유크림 사과파이,1,1,0,0,맛있다,0,
1790241828,사과당 서울대점,음료,주스,주스,1,1,0,0,맛있다,0,
1790241828,사과당 서울대점,베이커리,스콘,페스츄리 스콘파이,1,1,0,0,,0,
1790241828,사과당 서울대점,디저트,간식,크림필링류,1,1,0,0,,0,
1790241828,사과당 서울대점,음료,음료,바닐라,1,1,0,0,좋다,0,
1790241828,사과당 서울대점,베이커리,파이,우유생크림애플파이,1,1,0,0,최고다,0,
1790241828,사과당 서울대점,음료,음료,사과시그니처,1,1,0,0,,0,
1790241828,사과당 서울대점,음료,티,유자사과티,1,0,1,0,맛이 없다,0,
1790241828,사과당 서울대점,베이커리,스콘,스콘파이 세트,1,1,0,0,먹기 좋다,0,
1790241828,사과당 서울대점,음료,소스,사과잼,1,0,1,0,맛이 평범하다,0,
1790241828,사과당 서울대점,베이커리,파이,사과당파이,1,1,0,0,맛있다,0,
1790241828,사과당 서울대점,디저트,가나슈,우유크림,1,1,0,0,맛있다,0,
1790241828,사과당 서울대점,음료,음료,바닐라크림,1,1,0,0,맛있다,0,
1790241828,사과당 서울대점,베이커리,파이,사과당 애플파이,1,1,0,0,,0,
1792296532,컴포즈커피 서울대신양학술정보관3점,커피,라떼,곡물라떼,2,2,0,0,맛있다,9.1078,
1792296532,컴포즈커피 서울대신양학술정보관3점,베이커리,와플,와플,3,2,1,0,푸짐하고 따뜻하다,2.069,
1792296532,컴포즈커피 서울대신양학술정보관3점,커피,아메리카노,아이스아메리카노,2,1,0,1,,0,
1792296532,컴포즈커피 서울대신양학술정보관3점,커피,커피,아인슈페너,2,1,1,0,싱겁다,0,
1792296532,컴포즈커피 서울대신양학술정보관3점,커피,라떼,카페라떼,1,0,0,1,,0,
1792296532,컴포즈커피 서울대신양학술정보관3점,음료,주스,복숭아주스,1,0,0,1,,0,
1792296532,컴포즈커피 서울대신양학술정보관3점,디저트,간식,생크림,1,0,1,0,양이 적다,0,
1792296532,컴포즈커피 서울대신양학술정보관3점,커피,라떼,헤이즐넛 라떼,1,1,0,0,향이 좋다,0,
1792296532,컴포즈커피 서울대신양학술정보관3점,커피,커피,디카페인,1,0,1,0,종류가 제한적이다,0,
1800387415,"?커피,MOCC",베이커리,휘낭시에,휘낭시에,15,12,0,3,맛있다,25.8718,
1800387415,"?커피,MOCC",디저트,푸딩,바나나푸딩,7,6,0,1,맛있다,19.8067,
1800387415,"?커피,MOCC",디저트,간식,바나나크럼블,3,3,0,0,어울림이 인상적이다,15.7411,
1800387415,"?커피,MOCC",디저트,간식,크럼블,3,3,0,0,청량하고 달달하다,11.5822,
1800387415,"?커피,MOCC",음료,티,오렌지레몬홍차,2,2,0,0,시원하다,10.494,
1800387415,"?커피,MOCC",음료,에이드,토마토바질에이드,2,2,0,0,청량하고 달달하다,8.2968,
1800387415,"?커피,MOCC",디저트,간식,르뱅쿠키,4,3,1,0,맛있다,6.6022,
1800387415,"?커피,MOCC",디저트,간식,쿠키,4,4,0,0,최고다,6.5444,
1800387415,"?커피,MOCC",디저트,간식,아이스크림,3,3,0,0,청량하고 달달하다,4.9905,
1800387415,"?커피,MOCC",커피,라떼,라떼,4,4,0,0,맛있다,2.5276,
1800387415,"?커피,MOCC",커피,아메리카노,아이스아메리카노,2,2,0,0,시원하다,1.3241,
1800387415,"?커피,MOCC",커피,아메리카노,아메리카노,3,2,0,1,맛있다,0.8535,
1800387415,"?커피,MOCC",디저트,케이크,티라미수,1,1,0,0,최애가 되다,0,
1800387415,"?커피,MOCC",커피,라떼,솔티카라멜라떼,1,1,0,0,맛있다,0,
1800387415,"?커피,MOCC",디저트,케이크,레몬파운드,1,1,0,0,바삭하고 부드럽다,0,
1800387415,"?커피,MOCC",베이커리,간식,밤만쥬,1,1,0,0,맛이 감동적이다,0,
1800387415,"?커피,MOCC",디저트,간식,땅콩,1,1,0,0,어울림이 인상적이다,0,
1800387415,"?커피,MOCC",푸드,과일,바나나,1,1,0,0,어울림이 인상적이다,0,
1800387415,"?커피,MOCC",푸드,과일,금귤,1,0,0,1,,0,
1800387415,"?커피,MOCC",커피,커피,디카페인 콜드브루,1,1,0,0,맛있다,0,
1800387415,"?커피,MOCC",베이커리,간식,샤브레,1,1,0,0,,0,
1800387415,"?커피,MOCC",디저트,간식,오란다,1,1,0,0,,0,
1800387415,"?커피,MOCC",디저트,간식,수제쿠키,1,1,0,0,맛있다,0,
1800387415,"?커피,MOCC",디저트,간식,로투스,1,1,0,0,,0,
1800387415,"?커피,MOCC",푸드,간식,피칸,1,1,0,0,,0,
1800387415,"?커피,MOCC",커피,라떼,썸머라떼,1,1,0,0,맛있다,0,
1800387415,"?커피,MOCC",디저트,간식,츄러스,1,1,0,0,,0,
1800387415,"?커피,MOCC",음료,에이드,크림메론소다,1,1,0,0,좋아하다,0,
1800387415,"?커피,MOCC",커피,라떼,오트라떼,1,1,0,0,진하고 고소하다,0,
1800387415,"?커피,MOCC",음료,음료,말차초코,1,1,0,0,존재감이 뚜렷하다,0,
1800387415,"?커피,MOCC",음료,음료,메론소다,1,1,0,0,시원하다,0,
1800387415,"?커피,MOCC",디저트,케이크,케이크,1,0,0,1,,0,
1800387415,"?커피,MOCC",음료,티,자몽허니블랙티,1,0,0,1,,0,
1800387415,"?커피,MOCC",커피,라떼,솔티캬라멜크림라떼,1,0,0,1,,0,
1800387415,"?커피,MOCC",베이커리,마들렌,플레인마들렌,1,0,0,1,,0,
1800387415,"?커피,MOCC",커피,라떼,솔티카라멜크림라떼,1,1,0,0,맛있다,0,
1800387415,"?커피,MOCC",베이커리,휘낭시에,황치즈휘낭시에,1,1,0,0,맛이 강하지 않다,0,
1800387415,"?커피,MOCC",디저트,간식,바나나크럼플,1,1,0,0,맛있다,0,
1800387415,"?커피,MOCC",커피,라떼,솔티드라떼,1,1,0,0,맛있다,0,
1800387415,"?커피,MOCC",커피,라떼,솔티트카라멜크림라떼,1,1,0,0,짭짤하다,0,
1800387415,"?커피,MOCC",베이커리,휘낭시에,피칸휘낭시에,1,1,0,0,맛있다,0,
1800387415,"?커피,MOCC",커피,커피,디카페인커피,1,1,0,0,,0,
1800387415,"?커피,MOCC",음료,음료,디카페인음료,1,1,0,0,,0,
1800387415,"?커피,MOCC",디저트,휘낭시에,치즈소보로휘낭시에,1,1,0,0,맛있다,0,
1800387415,"?커피,MOCC",베이커리,휘낭시에,황치즈 휘낭시에,1,1,0,0,단짠의 조화가 매력적이다,0,
1800387415,"?커피,MOCC",디저트,간식,땅콩바나나크럼블,1,1,0,0,잘 어우러진다,0,
1800387415,"?커피,MOCC",커피,라떼,모크라떼,1,1,0,0,맛있다,0,
1800387415,"?커피,MOCC",음료,티,레몬머틀티,1,1,0,0,맛있다,0,
1800387415,"?커피,MOCC",베이커리,휘낭시에,로투스피칸 휘낭시에,1,1,0,0,겉은 바삭하고 안은 촉촉하다,0,
1803139377,과일담은 요거트 맛집 yomat,푸드,간식,그릭요거트,10,10,0,0,맛있다,36.3759,
1803139377,과일담은 요거트 맛집 yomat,디저트,간식,요거트아이스크림,5,5,0,0,맛있다,22.7694,
1803139377,과일담은 요거트 맛집 yomat,푸드,간식,토핑,5,5,0,0,다양하다,15.249,
1803139377,과일담은 요거트 맛집 yomat,디저트,간식,요거트 아이스크림,3,3,0,0,맛있다,13.6616,
1803139377,과일담은 요거트 맛집 yomat,음료,과일,과일,2,2,0,0,맛있다,6.6022,
1803139377,과일담은 요거트 맛집 yomat,디저트,간식,요거트,2,2,0,0,맛있다,5.8889,
1803139377,과일담은 요거트 맛집 yomat,음료,과일,복숭아,1,1,0,0,맛있다,0,
1803139377,과일담은 요거트 맛집 yomat,디저트,간식,코코넛청크,1,0,1,0,,0,
1803139377,과일담은 요거트 맛집 yomat,푸드,간식,냉모밀,1,1,0,0,,0,
1803139377,과일담은 요거트 맛집 yomat,디저트,간식,밀크아이스크림,1,1,0,0,,0,
1803139377,과일담은 요거트 맛집 yomat,디저트,간식,플레인 그릭요거트,1,1,0,0,,0,
1803139377,과일담은 요거트 맛집 yomat,디저트,간식,아이스크림,1,1,0,0,,0,
1803139377,과일담은 요거트 맛집 yomat,푸드,간식,기본토핑,1,1,0,0,토핑 종류가 많다,0,
1803139377,과일담은 요거트 맛집 yomat,디저트,간식,그릭요거트 아이스크림,1,1,0,0,맛있다,0,
1803139377,과일담은 요거트 맛집 yomat,푸드,간식,수제 그레놀라,1,0,0,1,,0,
1803139377,과일담은 요거트 맛집 yomat,음료,주스,크랜베리,1,0,0,1,,0,
1803139377,과일담은 요거트 맛집 yomat,푸드,간식,그레놀라,1,0,0,1,,0,
1803139377,과일담은 요거트 맛집 yomat,푸드,소스,블루베리 잼,1,0,0,1,,0,
1803139377,과일담은 요거트 맛집 yomat,디저트,간식,플레이버 요거트,1,1,0,0,맛있다,0,
1803139377,과일담은 요거트 맛집 yomat,푸드,과일,딸기,1,1,0,0,맛있다,0,
1803139377,과일담은 요거트 맛집 yomat,디저트,간식,아이스크림 요거트,1,1,0,0,맛있다,0,
1803139377,과일담은 요거트 맛집 yomat,디저트,케이크,벌집,1,0,0,1,,0,
1803139377,과일담은 요거트 맛집 yomat,디저트,간식,마쉬멜로우,1,0,0,1,,0,
1803139377,과일담은 요거트 맛집 yomat,음료,음료,아몬드,1,0,0,1,,0,
1803139377,과일담은 요거트 맛집 yomat,음료,음료,코코넛,1,0,0,1,,0,
1807150828,카페한보리,커피,라떼,카페라떼,2,0,2,0,양이 적다,0,Y
1807150828,카페한보리,디저트,간식,쿠키,1,1,0,0,달다,0,
1807150828,카페한보리,커피,라떼,카페모카,1,0,1,0,맛이 별로다,0,
1807150828,카페한보리,음료,음료,따뜻한차,1,1,0,0,맛있다,0,
1811065408,카페게이트 신림별빛거리점,베이커리,와플,사과생크림와플,2,2,0,0,,10.494,
1811065408,카페게이트 신림별빛거리점,베이커리,와플,와플,4,4,0,0,맛있다,8.2759,
1811065408,카페게이트 신림별빛거리점,커피,라떼,딸기라떼,5,5,0,0,맛있다,7.4291,
1811065408,카페게이트 신림별빛거리점,베이커리,크로플,크로플,2,2,0,0,맛있다,3.8296,
1811065408,카페게이트 신림별빛거리점,커피,아메리카노,아이스아메리카노,2,2,0,0,양이 많다,1.3241,
1811065408,카페게이트 신림별빛거리점,음료,음료,히비스커스,1,1,0,0,색이 예쁘다,0,
1811065408,카페게이트 신림별빛거리점,커피,아메리카노,아메리카노,1,0,0,1,,0,
1811065408,카페게이트 신림별빛거리점,음료,음료,우유,1,0,0,1,,0,
1811065408,카페게이트 신림별빛거리점,베이커리,빵,베이글,1,1,0,0,맛있다,0,
1811065408,카페게이트 신림별빛거리점,푸드,과일,딸기과육,1,1,0,0,과육이 살아있다,0,
1811065408,카페게이트 신림별빛거리점,음료,스무디,조리퐁 스무디,1,1,0,0,최고다,0,
1811065408,카페게이트 신림별빛거리점,푸드,푸드,크로크무슈,1,1,0,0,,0,
1811065408,카페게이트 신림별빛거리점,베이커리,와플,달고나생크림크로플,1,1,0,0,,0,
1811065408,카페게이트 신림별빛거리점,음료,음료,딸기크림쿠키스무디,1,1,0,0,맛있다,0,
1811065408,카페게이트 신림별빛거리점,음료,에이드,레몬딸기에이드,1,1,0,0,,0,
1811065408,카페게이트 신림별빛거리점,디저트,케이크,자허블,1,1,0,0,,0,
1811065408,카페게이트 신림별빛거리점,커피,라떼,고구마라떼,1,1,0,0,맛있다,0,
1819247540,카페게이트 관악신사로점,커피,라떼,라떼,2,2,0,0,맛있다,1.2638,
1819247540,카페게이트 관악신사로점,베이커리,빵,허니브레드,2,0,2,0,,0,Y
1819247540,카페게이트 관악신사로점,커피,커피,디카페인콜드브루,1,1,0,0,맛있다,0,
1819247540,카페게이트 관악신사로점,커피,라떼,동교라떼,1,1,0,0,맛있다,0,
1819247540,카페게이트 관악신사로점,커피,라떼,연남라떼,1,1,0,0,,0,
1819247540,카페게이트 관악신사로점,음료,티,자몽티,1,1,0,0,맛있다,0,
1819247540,카페게이트 관악신사로점,음료,티,티,1,1,0,0,,0,
1819247540,카페게이트 관악신사로점,디저트,간식,휘핑크림,1,0,1,0,,0,
1819247540,카페게이트 관악신사로점,커피,아메리카노,아메리카노,1,1,0,0,저렴하다,0,
18210653,mug 공대,커피,라떼,라떼,1,0,0,1,,0,
18210653,mug 공대,커피,아메리카노,아이스아메리카노,1,1,0,0,맛있다,0,
18210653,mug 공대,커피,샷,샷추가,1,0,0,1,,0,
18210653,mug 공대,푸드,샌드위치,샌드위치,1,1,0,0,맛있다,0,
1822231387,컴포즈커피 신림대학점,디저트,간식,인절미,2,2,0,0,고소하고 담백하다,9.1078,
1822231387,컴포즈커피 신림대학점,커피,아메리카노,아이스아메리카노,8,6,2,0,가성비가 좋다,2.6482,
1822231387,컴포즈커피 신림대학점,커피,아메리카노,아메리카노,3,2,1,0,진하지 않다,0.4267,
1822231387,컴포즈커피 신림대학점,커피,라떼,카페라떼,1,1,0,0,추천할 만하다,0,
1822231387,컴포즈커피 신림대학점,디저트,빙수,인절미 컵빙,1,1,0,0,,0,
1822231387,컴포즈커피 신림대학점,커피,라떼,딸기생쵸코라떼,1,0,1,0,,0,
1822231387,컴포즈커피 신림대학점,커피,라떼,딸라,1,1,0,0,,0,
1822231387,컴포즈커피 신림대학점,푸드,간식,팥,1,1,0,0,달콤하고 식감이 좋다,0,
1822231387,컴포즈커피 신림대학점,디저트,간식,떡 토핑,1,1,0,0,,0,
1822231387,컴포즈커피 신림대학점,음료,음료,콩가루,1,1,0,0,,0,
1822231387,컴포즈커피 신림대학점,디저트,간식,쿠키,1,1,0,0,달지 않다,0,
1822231387,컴포즈커피 신림대학점,커피,라떼,바닐라라떼,1,1,0,0,맛있다,0,
1822231387,컴포즈커피 신림대학점,음료,스무디,블루베리요거트스무디,1,1,0,0,맛있다,0,
1822231387,컴포즈커피 신림대학점,커피,아메리카노,핫아메리카노,1,0,1,0,두께가 얇다,0,
1822231387,컴포즈커피 신림대학점,디저트,케이크,뉴욕치즈케익,1,1,0,0,맛있다,0,
1822231387,컴포즈커피 신림대학점,커피,라떼,아이스크림라떼,1,0,1,0,,0,
1822231387,컴포즈커피 신림대학점,커피,라떼,아인슈페너라떼,1,0,0,1,,0,
1822231387,컴포즈커피 신림대학점,커피,라떼,딸기애플잼라떼,1,1,0,0,맛있다,0,
1822231387,컴포즈커피 신림대학점,음료,음료,바나나 밀크쉐이크,1,0,1,0,,0,
1822231387,컴포즈커피 신림대학점,푸드,간식,팥절미,1,1,0,0,맛있다,0,
1822231387,컴포즈커피 신림대학점,디저트,빙수,팥빙수,1,1,0,0,당도가 적당하다,0,
1822231387,컴포즈커피 신림대학점,음료,음료,밀크쉐이크,1,1,0,0,맛있다,0,
1822231387,컴포즈커피 신림대학점,디저트,케이크,돌체,1,1,0,0,맛있다,0,
1822231387,컴포즈커피 신림대학점,커피,라떼,생초콜릿 라떼,1,1,0,0,맛있다,0,
1822231387,컴포즈커피 신림대학점,베이커리,와플,와플,1,1,0,0,,0,
1822231387,컴포즈커피 신림대학점,푸드,간식,고기,1,1,0,0,맛있다,0,
1822231387,컴포즈커피 신림대학점,푸드,과일,딸기,1,0,1,0,,0,
1822231387,컴포즈커피 신림대학점,음료,음료,물,1,0,1,0,탄맛이 난다,0,
1822231387,컴포즈커피 신림대학점,커피,라떼,헤이즐럿라떼,1,1,0,0,맛있다,0,
1822231387,컴포즈커피 신림대학점,음료,에이드,자몽에이드,1,0,1,0,양이 적다,0,
1822231387,컴포즈커피 신림대학점,음료,음료,쿠키밀크쉐이크,1,1,0,0,,0,
1822231387,컴포즈커피 신림대학점,음료,밀크티,팥절미쉐이크,1,1,0,0,,0,
1822231387,컴포즈커피 신림대학점,커피,라떼,생초콜릿라떼,1,1,0,0,,0,
1822231387,컴포즈커피 신림대학점,커피,라떼,달고나라떼,1,0,0,1,괜찮다,0,
1822231387,컴포즈커피 신림대학점,커피,라떼,스노우베리라떼,1,0,1,0,그저 그렇다,0,
1822231387,컴포즈커피 신림대학점,커피,라떼,헤이즐넛라떼,1,1,0,0,저렴하다,0,
1822231387,컴포즈커피 신림대학점,커피,라떼,라떼,1,0,1,0,,0,
1822231387,컴포즈커피 신림대학점,커피,라떼,딸기요거트라떼,1,1,0,0,맛있다,0,
1822231387,컴포즈커피 신림대학점,베이커리,크로플,크로와플,1,1,0,0,맛있다,0,
1835166524,빽다방 서원역점,베이커리,빵,사라다빵,2,2,0,0,맛있다,7.7215,
1835166524,빽다방 서원역점,디저트,간식,아이스크림,2,2,0,0,맛있다,3.327,
1835166524,빽다방 서원역점,커피,아메리카노,아메리카노,4,3,0,1,맛있다,1.2802,
1835166524,빽다방 서원역점,커피,아메리카노,아이스아메리카노,4,2,1,1,맛이 시큼하다,0.6621,
1835166524,빽다방 서원역점,커피,라떼,바닐라라떼,2,1,0,1,달다,0,
1835166524,빽다방 서원역점,커피,라떼,딸기라떼,2,1,0,1,맛있다,0,
1835166524,빽다방 서원역점,베이커리,빵,핫도그 빵,1,0,1,0,,0,
1835166524,빽다방 서원역점,디저트,간식,딸바,1,1,0,0,,0,
1835166524,빽다방 서원역점,음료,스무디,요거트스무디,1,0,0,1,,0,
1835166524,빽다방 서원역점,커피,커피,디카 콜드브루,1,1,0,0,맛있다,0,
1835166524,빽다방 서원역점,음료,밀크티,초코멜로쉐이크,1,1,0,0,맛있다,0,
1835166524,빽다방 서원역점,디저트,간식,소프트아이스크림,1,1,0,0,맛있다,0,
1835166524,빽다방 서원역점,베이커리,빵,고메버터소금빵,1,1,0,0,맛있다,0,
1835166524,빽다방 서원역점,음료,에이드,쿨라임에이드,1,0,0,1,,0,
1835166524,빽다방 서원역점,음료,스무디,성주참외스무디,1,0,0,1,,0,
1835166524,빽다방 서원역점,커피,프라푸치노,딸기빽스치노소프트,1,1,0,0,중독성이 있다,0,
1835166524,빽다방 서원역점,커피,프라푸치노,딸기빽스치노 소프트 아이스크림,1,1,0,0,맛있다,0,
1835166524,빽다방 서원역점,커피,프라푸치노,빽스치노,1,1,0,0,맛있다,0,
1835166524,빽다방 서원역점,베이커리,빵,감자빵,1,1,0,0,쫀득하다,0,
1835166524,빽다방 서원역점,음료,주스,딸기주스,1,0,0,1,,0,
1835166524,빽다방 서원역점,디저트,간식,쿠키,1,0,0,1,,0,
1835166524,빽다방 서원역점,디저트,마카롱,마카롱,1,1,0,0,맛있다,0,
1835166524,빽다방 서원역점,베이커리,크로플,크로플,1,1,0,0,맛있다,0,
1835166524,빽다방 서원역점,음료,티,피치우롱,1,1,0,0,맛있다,0,
1835166524,빽다방 서원역점,커피,라떼,초코라떼,1,1,0,0,맛있다,0,
1835166524,빽다방 서원역점,커피,라떼,카페라떼,1,1,0,0,시원하다,0,
1835166524,빽다방 서원역점,음료,주스,우리포도주스,1,0,0,1,,0,
1843677294,301h(301에이치),베이커리,토스트,프렌치토스트,12,11,1,0,맛있다,45.5388,
1843677294,301h(301에이치),음료,음료,자몽우유,4,4,0,0,맛있다,20.9881,
1843677294,301h(301에이치),커피,라떼,서윗라떼,4,4,0,0,단데 찝찝하지 않다,20.9881,
1843677294,301h(301에이치),베이커리,빵,산도,4,3,0,1,맛있다,13.6616,
1843677294,301h(301에이치),디저트,치즈케이크,치즈케이크,7,7,0,0,맛있다,12.9208,
1843677294,301h(301에이치),디저트,간식,쿠키,7,7,0,0,맛있다,11.4527,
1843677294,301h(301에이치),커피,라떼,301h라떼,2,2,0,0,달달하고 맛있다,10.494,
1843677294,301h(301에이치),커피,라떼,쑥라떼,2,2,0,0,맛있다,6.6022,
1843677294,301h(301에이치),커피,라떼,라떼,6,5,0,1,맛있다,3.1595,
1843677294,301h(301에이치),커피,아메리카노,아이스아메리카노,4,4,0,0,고소하고 맛있다,2.6482,
1843677294,301h(301에이치),베이커리,빵,망고산도,3,1,1,1,맛있다,0,
1843677294,301h(301에이치),커피,라떼,시그니처 라떼,2,1,0,1,고소하고 맛있다,0,
1843677294,301h(301에이치),디저트,간식,브라우니,2,1,0,1,맛있다,0,
1843677294,301h(301에이치),커피,라떼,인절미 크림라떼,1,0,0,1,,0,
1843677294,301h(301에이치),디저트,치즈케이크,딸기 치즈 케이크,1,0,0,1,,0,
1843677294,301h(301에이치),디저트,케이크,얼그레이무화과바치케,1,1,0,0,맛있다,0,
1843677294,301h(301에이치),커피,라떼,라떼아트,1,1,0,0,정성가득하다,0,
1843677294,301h(301에이치),커피,라떼,카페라떼,1,1,0,0,아늑하다,0,
1843677294,301h(301에이치),커피,라떼,시그니처라떼,1,1,0,0,달달구수하다,0,
1843677294,301h(301에이치),푸드,과일,바나나,1,0,1,0,성의가 없다,0,
1843677294,301h(301에이치),커피,커피,디박,1,1,0,0,맛있다,0,
1843677294,301h(301에이치),음료,에이드,레몬에이드,1,1,0,0,맛있다,0,
1843677294,301h(301에이치),커피,라떼,아이스라떼,1,0,0,1,양이 작아 보인다,0,
1843677294,301h(301에이치),음료,음료,레모네이드,1,1,0,0,진하고 맛있다,0,
1843677294,301h(301에이치),커피,라떼,말차라떼,1,1,0,0,진하고 맛있다,0,
1843677294,301h(301에이치),커피,라떼,301라떼,1,1,0,0,맛있다,0,
1843677294,301h(301에이치),베이커리,빵,딸기산도,1,1,0,0,과일이 꽉 채워져 있다,0,
1843677294,301h(301에이치),디저트,치즈케이크,쑥치케,1,1,0,0,쑥향이 진하다,0,
1843677294,301h(301에이치),푸드,샌드위치,후르츠산도,1,1,0,0,맛있다,0,
1843677294,301h(301에이치),디저트,케이크,단호박치즈케익,1,1,0,0,고소하고 부드럽다,0,
1843677294,301h(301에이치),디저트,치즈케이크,치즈케익,1,1,0,0,맛있다,0,
1843677294,301h(301에이치),음료,티,레몬차,1,1,0,0,따뜻하다,0,
1843677294,301h(301에이치),음료,에이드,토마토바질에이드,1,1,0,0,맛있다,0,
1843677294,301h(301에이치),푸드,간식,바치케,1,1,0,0,크리미하고 맛있다,0,
1843677294,301h(301에이치),커피,라떼,시그니처 서윗라떼,1,1,0,0,맛있다,0,
1843677294,301h(301에이치),푸드,토스트,프렌치 토스트,1,1,0,0,맛있다,0,
1843677294,301h(301에이치),푸드,토스트,토스트,1,1,0,0,맛있다,0,
1843677294,301h(301에이치),디저트,간식,아이스크림,1,0,0,1,,0,
1843677294,301h(301에이치),커피,라떼,초코라떼,1,0,1,0,,0,
1843677294,301h(301에이치),디저트,간식,버터쿠키,1,1,0,0,좋다,0,
1843677294,301h(301에이치),음료,티,레몬티,1,1,0,0,,0,
1843677294,301h(301에이치),음료,티,아이스티,1,1,0,0,맛있다,0,
1843677294,301h(301에이치),디저트,간식,바나나브륄레,1,1,0,0,달콤하다,0,
1851637045,더 런드렛,푸드,간식,불고기셋트,1,1,0,0,맛있다,0,
1851637045,더 런드렛,푸드,샌드위치,불고기샌드위치,1,1,0,0,양이 푸짐하다,0,
1851637045,더 런드렛,커피,아메리카노,아이스아메리카노,1,0,0,1,,0,
1851637045,더 런드렛,베이커리,와플,쑥떡 와플,1,1,0,0,맛있다,0,
1851637045,더 런드렛,커피,아메리카노,아메리카노,1,1,0,0,풍미가 좋다,0,
1855487569,냥빵,베이커리,빵,냥빵,9,7,0,2,맛있다,36.7292,
1855487569,냥빵,베이커리,휘낭시에,휘낭시에,12,11,0,1,맛있다,23.7158,
1855487569,냥빵,베이커리,빵,크림치즈바게트,4,4,0,0,맛있다,20.9881,
1855487569,냥빵,푸드,푸드,잠봉뵈르,8,6,1,1,맛있다,18.1879,
1855487569,냥빵,베이커리,빵,프레첼,4,4,0,0,맛있다,16.5936,
1855487569,냥빵,베이커리,빵,크림치즈 바게트,3,3,0,0,배달이 빠르다,15.7411,
1855487569,냥빵,베이커리,빵,삼색냥빵,3,2,0,1,고구마가 많다,10.494,
1855487569,냥빵,베이커리,빵,치즈 냥빵,2,2,0,0,맛있다,10.494,
1855487569,냥빵,베이커리,빵,팥버터바게트,2,2,0,0,맛있다,10.494,
1855487569,냥빵,베이커리,빵,생크림팥빵,2,2,0,0,맛있다,10.494,
1855487569,냥빵,푸드,샌드위치,로스트비프샌드위치,2,2,0,0,맛있다,10.494,
1855487569,냥빵,디저트,케이크,밀푀유,2,2,0,0,맛있다,10.494,
1855487569,냥빵,베이커리,빵,키토빵,2,2,0,0,맛있다,10.494,
1855487569,냥빵,베이커리,빵,식빵,4,3,0,1,맛있다,10.3658,
1855487569,냥빵,베이커리,빵,앙버터,3,3,0,0,맛있다,10.3658,
1855487569,냥빵,베이커리,소스,크림치즈,4,4,0,0,맛있다,9.4266,
1855487569,냥빵,푸드,과일,체리,2,2,0,0,신선하다,8.2968,
1855487569,냥빵,베이커리,빵,베이글,3,3,0,0,겉면이 바삭하다,7.2414,
1855487569,냥빵,베이커리,빵,소금빵,5,4,1,0,맛있다,7.07,
1855487569,냥빵,디저트,케이크,딸기케이크,2,2,0,0,맛있다,6.0996,
1855487569,냥빵,디저트,케이크,케이크,8,5,1,2,맛있다,5.1069,
1855487569,냥빵,디저트,간식,브라우니,2,2,0,0,맛있다,4.9489,
1855487569,냥빵,디저트,간식,생크림,2,2,0,0,양이 많다,4.8276,
1855487569,냥빵,디저트,가나슈,까눌레,3,2,1,0,겉은 바삭하고 속은 촉촉하다,3.4553,
1855487569,냥빵,베이커리,빵,바게트,3,2,1,0,맛있다,3.3011,
1855487569,냥빵,베이커리,치아바타,치아바타,8,4,3,1,맛있다,0,
1855487569,냥빵,푸드,푸드,햄,2,1,0,1,맛이 풍부하다,0,
1855487569,냥빵,푸드,간식,치즈,2,1,0,1,맛이 풍부하다,0,
1855487569,냥빵,푸드,푸드,잠봉,2,1,1,0,빈약하다,0,
1855487569,냥빵,푸드,과일,딸기,1,1,0,0,달지 않다,0,
1855487569,냥빵,푸드,샌드위치,크로와상 샌드위치,1,1,0,0,든든하다,0,
1855487569,냥빵,푸드,푸드,재료,1,1,0,0,신선하다,0,
1855487569,냥빵,푸드,파니니,파니니,1,1,0,0,맛있다,0,
1855487569,냥빵,음료,음료,아몬드가루,1,1,0,0,부서지는 식감이다,0,
1855487569,냥빵,디저트,케이크,생크림케잌,1,1,0,0,맛있다,0,
1855487569,냥빵,베이커리,빵,깻잎 크림치즈바게트,1,1,0,0,맛있다,0,
1855487569,냥빵,베이커리,빵,팥버터 바게트,1,1,0,0,맛있다,0,
1855487569,냥빵,베이커리,빵,단호박 파운드,1,0,1,0,맛이 이상하다,0,
1855487569,냥빵,푸드,간식,호두,1,0,1,0,맛이 이상하다,0,
1855487569,냥빵,음료,음료,카카오큐브,1,1,0,0,맛있다,0,
1855487569,냥빵,디저트,케이크,케잌,1,1,0,0,맛있다,0,
1855487569,냥빵,베이커리,빵,냥빵치즈,1,1,0,0,맛있다,0,
1855487569,냥빵,베이커리,빵,앙버터바게트,1,1,0,0,맛있다,0,
1855487569,냥빵,푸드,소스,팥버터,1,1,0,0,맛있다,0,
1855487569,냥빵,디저트,간식,밀푀유 크림,1,1,0,0,맛있다,0,
1855487569,냥빵,베이커리,빵,초코식빵,1,1,0,0,쫀득하다,0,
1855487569,냥빵,디저트,가나슈,가나슈,1,0,1,0,초코 풍미가 약하다,0,
1855487569,냥빵,푸드,샌드위치,잠봉샌드위치,1,1,0,0,맛있다,0,
1855487569,냥빵,베이커리,빵,건강빵,1,1,0,0,,0,
1855487569,냥빵,디저트,케이크,키토케이크,1,1,0,0,,0,
1855487569,냥빵,푸드,소스,깻잎페스토,1,1,0,0,,0,
1855487569,냥빵,푸드,소스,바질페스토,1,0,0,1,,0,
1855487569,냥빵,디저트,간식,빨미까레,1,1,0,0,바삭하고 간편하다,0,
1855487569,냥빵,디저트,타르트,타르트,1,0,0,1,,0,
1855487569,냥빵,디저트,간식,동물성 생크림,1,1,0,0,맛있다,0,
1855487569,냥빵,디저트,치즈케이크,키토 바스크 치즈 케이크,1,1,0,0,담백하다,0,
1855487569,냥빵,디저트,간식,초코쿠키,1,1,0,0,부드럽다,0,
1855487569,냥빵,디저트,간식,냥 쿠키,1,1,0,0,맛있다,0,
1855487569,냥빵,베이커리,휘낭시에,피낭시에,1,1,0,0,겉은 바삭하고 속은 촉촉하다,0,
1855487569,냥빵,베이커리,마들렌,발바닥 모양 마들렌,1,0,1,0,생각과 다르다,0,
1855487569,냥빵,디저트,케이크,키토 딸기생크림케이크,1,0,1,0,,0,
1855487569,냥빵,디저트,케이크,빵이링 미니티라미수,1,0,0,1,,0,
1855487569,냥빵,디저트,케이크,티라미수,1,1,0,0,맛있다,0,
1855487569,냥빵,베이커리,머핀,레몬머핀,1,0,1,0,속세맛이다,0,
1855487569,냥빵,베이커리,빵,냥빵폼,1,1,0,0,맛있다,0,
1855487569,냥빵,디저트,케이크,케이크 생크림,1,1,0,0,달고 고소하며 부드럽다,0,
1855487569,냥빵,베이커리,빵,블루베리식빵,1,1,0,0,맛있다,0,
1855487569,냥빵,베이커리,빵,밀푀유 식빵,1,1,0,0,맛있다,0,
1855487569,냥빵,베이커리,빵,단호박파운드,1,1,0,0,건강한 맛이다,0,
1855487569,냥빵,베이커리,빵,깻잎포카치아,1,1,0,0,추천하다,0,
1855487569,냥빵,베이커리,빵,밀푀유냥빵,1,0,0,1,,0,
1855487569,냥빵,베이커리,빵,슈톨렌,1,0,0,1,,0,
1855487569,냥빵,푸드,샌드위치,잠봉뵈르 샌드위치,1,1,0,0,맛있다,0,
1855487569,냥빵,베이커리,치아바타,먹물치즈올리브치아바타,1,0,0,1,,0,
1855487569,냥빵,베이커리,빵,밤식빵,1,1,0,0,맛있다,0,
1855487569,냥빵,베이커리,치아바타,먹물치즈치아바타,1,1,0,0,부드럽고 쫄깃하다,0,
1855487569,냥빵,베이커리,빵,알밤페스츄리식빵,1,1,0,0,먹기 어렵지 않다,0,
1855487569,냥빵,베이커리,치아바타,바질토마토치아바타,1,1,0,0,상큼하다,0,
1855487569,냥빵,베이커리,빵,크림치즈바게뜨,1,1,0,0,맛있다,0,
1855487569,냥빵,베이커리,빵,생크림단팥빵,1,0,1,0,시큼하다,0,
1855487569,냥빵,음료,음료,로스트비트,1,1,0,0,,0,
1855487569,냥빵,푸드,간식,당근라페,1,1,0,0,풋내가 역하지 않다,0,
1855487569,냥빵,베이커리,빵,무화과크림치즈베이글,1,1,0,0,맛있다,0,
1855487569,냥빵,음료,음료,무설탕,1,1,0,0,,0,
1855487569,냥빵,베이커리,빵,통밀,1,1,0,0,,0,
1855487569,냥빵,디저트,타르트,무화과타르트,1,1,0,0,신선하다,0,
1855487569,냥빵,푸드,간식,고구마,1,1,0,0,많다,0,
1855487569,냥빵,푸드,샐러드,감자샐러드,1,0,1,0,,0,
1855487569,냥빵,베이커리,빵,감자빵,1,1,0,0,맛있다,0,
1855487569,냥빵,베이커리,빵,우유식빵,1,0,0,1,,0,
1855487569,냥빵,푸드,간식,알밤,1,1,0,0,실하다,0,
1855487569,냥빵,베이커리,치아바타,먹물올리브 치아바타,1,1,0,0,맛있다,0,
1855487569,냥빵,음료,주스,수박주스,1,1,0,0,맛있다,0,
1855487569,냥빵,푸드,샌드위치,감자샐러드샌드위치,1,1,0,0,부드럽고 담백하다,0,
1855487569,냥빵,디저트,푸딩,바나나푸딩,1,1,0,0,부드럽고 적당히 달다,0,
1855487569,냥빵,푸드,샌드위치,샐러드샌드위치,1,1,0,0,맛있고 가성비가 좋다,0,
1855487569,냥빵,베이커리,빵,호밀빵,1,0,1,0,,0,
1855487569,냥빵,디저트,케이크,파운드케익,1,1,0,0,맛있다,0,
1855487569,냥빵,베이커리,빵,무설탕 식빵,1,0,0,1,,0,
1855487569,냥빵,음료,음료,설탕,1,0,1,0,,0,
1855487569,냥빵,베이커리,빵,병아리콩파운드,1,1,0,0,맛있다,0,
1855487569,냥빵,베이커리,빵,바질포카치아,1,1,0,0,,0,
1855487569,냥빵,베이커리,빵,치즈식빵,1,1,0,0,맛있다,0,
1855487569,냥빵,푸드,간식,버터,1,0,1,0,빈약하다,0,
1855487569,냥빵,푸드,간식,키토 단호박 큐브,1,0,1,0,특별하지 않다,0,
1855653925,나인티스,베이커리,빵,붕어빵,5,5,0,0,맛있다,18.1879,
1855653925,나인티스,디저트,간식,호두초코쿠키,2,2,0,0,추천할 만하다,10.494,
1855653925,나인티스,디저트,빙수,빙수,4,4,0,0,맛있다,8.81,
1855653925,나인티스,디저트,케이크,당근케이크,2,2,0,0,맛있다,8.2968,
1855653925,나인티스,디저트,간식,쿠키,6,5,0,1,맛있다,8.1805,
1855653925,나인티스,베이커리,크로플,크로플,3,3,0,0,맛집이다,5.7445,
1855653925,나인티스,디저트,치즈케이크,바스크치즈케이크,2,2,0,0,촉촉하다,5.6983,
1855653925,나인티스,디저트,빙수,팥빙수,2,2,0,0,좋다,5.6983,
1855653925,나인티스,커피,라떼,딸기라떼,3,3,0,0,맛있다,4.4575,
1855653925,나인티스,디저트,치즈케이크,치즈케이크,2,2,0,0,촉촉하고 맛있다,3.6917,
1855653925,나인티스,커피,아메리카노,아이스아메리카노,4,4,0,0,맛있다,2.6482,
1855653925,나인티스,베이커리,빵,미니붕어빵,2,1,0,1,쫀득하다,0,
1855653925,나인티스,커피,라떼,바닐라라떼,1,1,0,0,진하다,0,
1855653925,나인티스,음료,음료,시나몬가루,1,0,1,0,,0,
1855653925,나인티스,커피,아메리카노,아메리카노,1,1,0,0,고소하다,0,
1855653925,나인티스,커피,라떼,시그니처 라떼,1,1,0,0,,0,
1855653925,나인티스,베이커리,빵,초코프레즐,1,1,0,0,맛있다,0,
1855653925,나인티스,베이커리,크로플,아이스크림 크로플,1,1,0,0,,0,
1855653925,나인티스,커피,라떼,붕어빵 시그니처라떼,1,1,0,0,맛있다,0,
1855653925,나인티스,베이커리,빵,미니 붕어빵,1,1,0,0,맛이 좋다,0,
1855653925,나인티스,디저트,치즈케이크,바스크 치즈케익,1,1,0,0,맛있다,0,
1855653925,나인티스,베이커리,간식,반죽,1,1,0,0,쫀득하다,0,
1855653925,나인티스,푸드,간식,팥,1,1,0,0,속이 꽉 차 있다,0,
1855653925,나인티스,커피,라떼,라떼,1,1,0,0,맛있다,0,
1855653925,나인티스,푸드,샌드위치,샌드위치,1,1,0,0,맛있다,0,
1855653925,나인티스,베이커리,크로플,연유인절미크로플,1,1,0,0,맛있다,0,
1855653925,나인티스,커피,라떼,시그니처라떼,1,1,0,0,맛있다,0,
1855653925,나인티스,술,술,뱅쇼,1,1,0,0,,0,
1855653925,나인티스,디저트,치즈케이크,치즈케익,1,1,0,0,맛있다,0,
1855653925,나인티스,베이커리,간식,흑임자쿠키,1,1,0,0,고소하고 맛있다,0,
1855653925,나인티스,디저트,치즈케이크,바스크치즈케익,1,1,0,0,느끼하지 않고 쫀쫀하다,0,
1855653925,나인티스,커피,라떼,카페라떼,1,1,0,0,,0,
1855653925,나인티스,디저트,간식,르뱅쿠키,1,1,0,0,,0,
1855653925,나인티스,디저트,케이크,케익,1,1,0,0,맛있다,0,
1855653925,나인티스,베이커리,머핀,머핀,1,1,0,0,달지 않다,0,
1855653925,나인티스,디저트,케이크,케이크,1,1,0,0,맛있다,0,
1856741524,커피니쉬(COFFEE NISHE),베이커리,타르트,에그타르트,19,19,0,0,맛있다,50.9594,
1856741524,커피니쉬(COFFEE NISHE),디저트,타르트,타르트,10,9,0,1,맛있다,27.4482,
1856741524,커피니쉬(COFFEE NISHE),커피,라떼,니쉬라떼,6,5,0,1,맛있다,26.2351,
1856741524,커피니쉬(COFFEE NISHE),디저트,간식,브라우니,8,8,0,0,맛있다,19.7955,
1856741524,커피니쉬(COFFEE NISHE),디저트,간식,쌀쿠키,3,3,0,0,맛있다,15.7411,
1856741524,커피니쉬(COFFEE NISHE),디저트,간식,말차 브라우니,3,3,0,0,맛있다,15.7411,
1856741524,커피니쉬(COFFEE NISHE),디저트,간식,마카다미아 쿠키,3,3,0,0,맛있다,15.7411,
1856741524,커피니쉬(COFFEE NISHE),푸드,간식,바치케,4,4,0,0,폭신하다,14.5503,
1856741524,커피니쉬(COFFEE NISHE),베이커리,마들렌,마들렌,8,6,1,1,맛있다,12.0691,
1856741524,커피니쉬(COFFEE NISHE),디저트,케이크,너츠베리케이크,3,2,0,1,맛있다,10.494,
1856741524,커피니쉬(COFFEE NISHE),디저트,간식,말차브라우니,3,2,0,1,진한 말차맛이다,10.494,
1856741524,커피니쉬(COFFEE NISHE),베이커리,타르트,쌀에그타르트,2,2,0,0,맛있다,10.494,
1856741524,커피니쉬(COFFEE NISHE),커피,커피,오렌지커피,2,2,0,0,추천한다,10.494,
1856741524,커피니쉬(COFFEE NISHE),베이커리,타르트,가나슈 타르트,2,2,0,0,맛있다,10.494,
1856741524,커피니쉬(COFFEE NISHE),커피,커피,디카페인 커피,3,3,0,0,맛있다,9.1494,
1856741524,커피니쉬(COFFEE NISHE),디저트,타르트,말차 타르트,2,2,0,0,맛있다,9.1078,
1856741524,커피니쉬(COFFEE NISHE),디저트,타르트,말차타르트,2,2,0,0,맛있다,9.1078,
1856741524,커피니쉬(COFFEE NISHE),디저트,간식,마카다미아,2,2,0,0,맛있다,8.2968,
1856741524,커피니쉬(COFFEE NISHE),디저트,간식,초코,4,3,0,1,맛있다,7.4233,
1856741524,커피니쉬(COFFEE NISHE),커피,라떼,말차라떼,3,3,0,0,맛있다,6.9078,
1856741524,커피니쉬(COFFEE NISHE),디저트,간식,쿠키,8,5,1,2,맛있다,6.5444,
1856741524,커피니쉬(COFFEE NISHE),디저트,치즈케이크,바스크치즈케이크,3,2,0,1,맛있다,5.6983,
1856741524,커피니쉬(COFFEE NISHE),커피,커피,디카페인,5,4,0,1,맛있다,5.5875,
1856741524,커피니쉬(COFFEE NISHE),디저트,치즈케이크,치즈케이크,3,3,0,0,맛있다,5.5375,
1856741524,커피니쉬(COFFEE NISHE),음료,음료,말차,3,2,0,1,맛있다,5.5242,
1856741524,커피니쉬(COFFEE NISHE),푸드,간식,치즈,2,2,0,0,맛이 풍부해지고 식감이 좋다,5.5242,
1856741524,커피니쉬(COFFEE NISHE),디저트,케이크,케이크,4,4,0,0,맛있다,5.1069,
1856741524,커피니쉬(COFFEE NISHE),커피,커피,원두,3,2,0,1,좋다,3.0669,
1856741524,커피니쉬(COFFEE NISHE),커피,라떼,라떼,4,4,0,0,맛있다,2.5276,
1856741524,커피니쉬(COFFEE NISHE),커피,아메리카노,아이스아메리카노,3,2,0,1,조합이 좋다,1.3241,
1856741524,커피니쉬(COFFEE NISHE),베이커리,타르트,쌀 에그타르트,2,1,0,1,작지 않고 가격이 괜찮다,0,
1856741524,커피니쉬(COFFEE NISHE),디저트,간식,너츠베리,2,0,2,0,,0,Y
1856741524,커피니쉬(COFFEE NISHE),커피,라떼,복숭아라떼,2,1,0,1,,0,
1856741524,커피니쉬(COFFEE NISHE),디저트,타르트,타르트지,2,1,1,0,잘 어울리고 맛있다,0,
1856741524,커피니쉬(COFFEE NISHE),음료,음료,복숭아우유,2,1,0,1,맛있다,0,
1856741524,커피니쉬(COFFEE NISHE),디저트,케이크,너츠케이크,2,1,0,1,꾸덕하다,0,
1856741524,커피니쉬(COFFEE NISHE),디저트,간식,초코 바치케,1,1,0,0,맛있다,0,
1856741524,커피니쉬(COFFEE NISHE),디저트,치즈케이크,치츠바스크치즈케잌,1,1,0,0,맛있다,0,
1856741524,커피니쉬(COFFEE NISHE),디저트,치즈케이크,초코바스크치즈케잌,1,1,0,0,맛있다,0,
1856741524,커피니쉬(COFFEE NISHE),커피,라떼,시나몬 밤라떼,1,0,0,1,,0,
1856741524,커피니쉬(COFFEE NISHE),디저트,케이크,초코 브라우니 케이크,1,1,0,0,쫀득하고 달지 않다,0,
1856741524,커피니쉬(COFFEE NISHE),베이커리,타르트,밤초코에그타르트,1,1,0,0,맛있다,0,
1856741524,커피니쉬(COFFEE NISHE),커피,라떼,시나몬 밤 라떼,1,1,0,0,맛있다,0,
1856741524,커피니쉬(COFFEE NISHE),음료,티,오렌지티,1,1,0,0,상큼하다,0,
1856741524,커피니쉬(COFFEE NISHE),디저트,타르트,흑임자 초코타르트,1,1,0,0,맛있다,0,
1856741524,커피니쉬(COFFEE NISHE),베이커리,타르트,초코에그 타르트,1,1,0,0,맛있다,0,
1856741524,커피니쉬(COFFEE NISHE),커피,라떼,롱고 흑임자라떼,1,1,0,0,맛있다,0,
1856741524,커피니쉬(COFFEE NISHE),디저트,간식,흑임자 시리즈,1,1,0,0,맛있다,0,
1856741524,커피니쉬(COFFEE NISHE),베이커리,마들렌,레몬마들렌,1,1,0,0,맛있다,0,
1856741524,커피니쉬(COFFEE NISHE),베이커리,마들렌,쌀 마들렌,1,0,0,1,,0,
1856741524,커피니쉬(COFFEE NISHE),베이커리,마들렌,쌀마들렌,1,0,0,1,,0,
1856741524,커피니쉬(COFFEE NISHE),디저트,간식,플레인,1,0,0,1,,0,
1856741524,커피니쉬(COFFEE NISHE),음료,과일,레몬,1,0,0,1,,0,
1856741524,커피니쉬(COFFEE NISHE),음료,티,얼그레이,1,0,0,1,,0,
1856741524,커피니쉬(COFFEE NISHE),베이커리,마들렌,초코마들렌,1,0,0,1,,0,
1856741524,커피니쉬(COFFEE NISHE),커피,커피,레몬커피,1,1,0,0,상큼하다,0,
1856741524,커피니쉬(COFFEE NISHE),음료,에이드,레몬에이드,1,1,0,0,,0,
1856741524,커피니쉬(COFFEE NISHE),커피,커피,과테말라 디카페인,1,0,0,1,,0,
1856741524,커피니쉬(COFFEE NISHE),커피,라떼,기본라떼,1,0,1,0,,0,
1856741524,커피니쉬(COFFEE NISHE),베이커리,간식,말차쿠키,1,1,0,0,맛있다,0,
1856741524,커피니쉬(COFFEE NISHE),베이커리,타르트,초코타르트,1,1,0,0,꾸덕하다,0,
1856741524,커피니쉬(COFFEE NISHE),디저트,소스,초코필링,1,1,0,0,진하다,0,
1856741524,커피니쉬(COFFEE NISHE),음료,과일,오렌지,1,0,1,0,달다,0,
1856741524,커피니쉬(COFFEE NISHE),디저트,간식,황치즈 쿠키,1,1,0,0,맛있다,0,
1856741524,커피니쉬(COFFEE NISHE),커피,아메리카노,오렌지 아메리카노,1,1,0,0,,0,
1856741524,커피니쉬(COFFEE NISHE),베이커리,소스,크림치즈,1,1,0,0,,0,
1856741524,커피니쉬(COFFEE NISHE),음료,음료,말차우유,1,1,0,0,맛있다,0,
1856741524,커피니쉬(COFFEE NISHE),커피,라떼,바닐라라떼,1,0,0,1,,0,
1856741524,커피니쉬(COFFEE NISHE),음료,티,애플민트티,1,0,0,1,,0,
1856741524,커피니쉬(COFFEE NISHE),커피,샷,샷추가,1,0,0,1,,0,
1856741524,커피니쉬(COFFEE NISHE),베이커리,타르트,가나슈타르트,1,1,0,0,쫀쫀하고 부드럽다,0,
1856741524,커피니쉬(COFFEE NISHE),디저트,가나슈,가나슈,1,1,0,0,쫀쫀하고 부드럽다,0,
1856741524,커피니쉬(COFFEE NISHE),디저트,간식,로이스 생초콜릿,1,0,0,1,,0,
1856741524,커피니쉬(COFFEE NISHE),디저트,타르트,말차초코타르트,1,1,0,0,맛있다,0,
1856741524,커피니쉬(COFFEE NISHE),디저트,가나슈,말차 가나슈,1,1,0,0,진하고 가득하다,0,
1856741524,커피니쉬(COFFEE NISHE),음료,밀크커피,아쌈 밀크티,1,1,0,0,맛있다,0,
1856741524,커피니쉬(COFFEE NISHE),디저트,케이크,말차케익,1,1,0,0,꾸덕하고 달달하다,0,
1856741524,커피니쉬(COFFEE NISHE),커피,아메리카노,아메리카노,1,1,0,0,산미가 있다,0,
1856741524,커피니쉬(COFFEE NISHE),디저트,가나슈,초코가나슈 타르트,1,0,0,1,,0,
1856741524,커피니쉬(COFFEE NISHE),커피,아메리카노,디카페인 아메리카노,1,0,0,1,,0,
1856741524,커피니쉬(COFFEE NISHE),음료,음료,아이스잔,1,0,0,1,,0,
1856741524,커피니쉬(COFFEE NISHE),푸드,간식,하트빨대,1,1,0,0,,0,
1856741524,커피니쉬(COFFEE NISHE),푸드,간식,계란필링,1,0,1,0,달지 않다,0,
1856741524,커피니쉬(COFFEE NISHE),디저트,치즈케이크,바스크치즈타르트,1,1,0,0,맛있다,0,
1856741524,커피니쉬(COFFEE NISHE),디저트,타르트,말차 치즈 타르트,1,1,0,0,맛있다,0,
1856741524,커피니쉬(COFFEE NISHE),푸드,간식,황치즈,1,1,0,0,맛있다,0,
1856741524,커피니쉬(COFFEE NISHE),디저트,타르트,고구마타르트,1,1,0,0,맛있다,0,
1856741524,커피니쉬(COFFEE NISHE),커피,라떼,카페라떼,1,1,0,0,부드럽고 맛있다,0,
1856741524,커피니쉬(COFFEE NISHE),커피,라떼,산딸기라떼,1,1,0,0,진하고 맛있다,0,
1856741524,커피니쉬(COFFEE NISHE),디저트,타르트,단호박타르트,1,1,0,0,맛있다,0,
1856741524,커피니쉬(COFFEE NISHE),베이커리,타르트,과일잼 타르트,1,1,0,0,맛있다,0,
1856741524,커피니쉬(COFFEE NISHE),음료,소스,사과잼,1,1,0,0,달다,0,
1856741524,커피니쉬(COFFEE NISHE),음료,음료,브라유니,1,1,0,0,맛있다,0,
1856741524,커피니쉬(COFFEE NISHE),디저트,치즈케이크,바스트 치즈케이크,1,1,0,0,맛있다,0,
1856741524,커피니쉬(COFFEE NISHE),푸드,과일,무화과,1,1,0,0,맛있다,0,
1856741524,커피니쉬(COFFEE NISHE),음료,과일,베리류,1,1,0,0,조화롭다,0,
1856741524,커피니쉬(COFFEE NISHE),커피,커피,원두종류,1,0,0,1,,0,
1856741524,커피니쉬(COFFEE NISHE),커피,커피,다크로스트,1,1,0,0,,0,
1856741524,커피니쉬(COFFEE NISHE),음료,음료,애플민트,1,1,0,0,맛있다,0,
1856741524,커피니쉬(COFFEE NISHE),커피,라떼,말차샷라떼,1,1,0,0,맛있다,0,
1856741524,커피니쉬(COFFEE NISHE),음료,음료,단 음료,1,0,1,0,달다,0,
1856741524,커피니쉬(COFFEE NISHE),푸드,간식,다크초코칩 쌀들렌,1,1,0,0,맛있다,0,
1856741524,커피니쉬(COFFEE NISHE),커피,라떼,바닐라빈 연유라떼,1,0,0,1,,0,
1856741524,커피니쉬(COFFEE NISHE),푸드,간식,글루텐프리,1,0,0,1,,0,
1856741524,커피니쉬(COFFEE NISHE),술,술,하이볼,1,0,0,1,,0,
1856741524,커피니쉬(COFFEE NISHE),디저트,케이크,니쉬 초코케이크,1,0,0,1,,0,
1856741524,커피니쉬(COFFEE NISHE),커피,라떼,딸기라떼,1,1,0,0,부드럽다,0,
1856741524,커피니쉬(COFFEE NISHE),음료,음료,딸기밀크,1,1,0,0,풍성하다,0,
1856741524,커피니쉬(COFFEE NISHE),디저트,케이크,브라우니케이크,1,1,0,0,맛있다,0,
1856741524,커피니쉬(COFFEE NISHE),디저트,케이크,홀케이크,1,0,0,1,,0,
1856741524,커피니쉬(COFFEE NISHE),베이커리,마들렌,초코 마들렌,1,1,0,0,고소하다,0,
1856741524,커피니쉬(COFFEE NISHE),베이커리,빵,레몬 마들렌,1,1,0,0,달콤새콤하다,0,
1870963849,메이지커피,커피,라떼,신대방라떼,6,5,0,1,맛있다,26.2351,
1870963849,메이지커피,베이커리,스콘,스콘,4,3,0,1,맛있다,6.6075,
1870963849,메이지커피,디저트,간식,브라우니,4,3,1,0,맛있다,4.9489,
1870963849,메이지커피,디저트,치즈케이크,치즈케이크,3,2,0,1,맛있다,3.6917,
1870963849,메이지커피,커피,라떼,라떼,4,3,0,1,고소하다,1.8957,
1870963849,메이지커피,커피,커피,디카페인,4,2,1,1,,1.3969,
1870963849,메이지커피,커피,커피,원두,3,1,0,2,,0,
1870963849,메이지커피,베이커리,간식,크림아몬드,2,1,1,0,별로다,0,
1870963849,메이지커피,음료,에이드,레몬에이드,2,1,0,1,,0,
1870963849,메이지커피,커피,커피,핸드드립커피,2,0,0,2,,0,
1870963849,메이지커피,디저트,간식,할로윈쿠키,1,1,0,0,,0,
1870963849,메이지커피,커피,라떼,바닐라라떼,1,1,0,0,맛있다,0,
1870963849,메이지커피,디저트,푸딩,바나나푸딩,1,1,0,0,맛있다,0,
1870963849,메이지커피,커피,라떼,카페라떼,1,0,0,1,,0,
1870963849,메이지커피,푸드,소스,딸기잼,1,1,0,0,,0,
1870963849,메이지커피,커피,라떼,딸기라떼,1,1,0,0,딸기가 많이 씹힌다,0,
1870963849,메이지커피,음료,음료,딸기범벅,1,1,0,0,,0,
1870963849,메이지커피,음료,음료,딸기우유,1,1,0,0,딸기가 많다,0,
1870963849,메이지커피,커피,아메리카노,디카페인 아이스아메리카노,1,0,0,1,,0,
1870963849,메이지커피,커피,라떼,디카페인 카페라떼,1,0,0,1,,0,
1870963849,메이지커피,음료,에이드,우쉬우쉬,1,1,0,0,맛있다,0,
1870963849,메이지커피,푸드,간식,버터,1,0,0,1,,0,
1870963849,메이지커피,디저트,간식,생크림,1,0,0,1,,0,
1870963849,메이지커피,푸드,간식,다크 초콜렛,1,0,0,1,,0,
1870963849,메이지커피,커피,커피,스페셜티 커피 우쉬우쉬,1,0,1,0,씁쓸하다,0,
1870963849,메이지커피,음료,음료,슈프림 펄프드,1,1,0,0,산미가 있다,0,
1870963849,메이지커피,디저트,케이크,케이크 시트,1,1,0,0,바삭하다,0,
1870963849,메이지커피,디저트,타르트,타르트,1,1,0,0,,0,
1870963849,메이지커피,커피,아메리카노,로오나 아메리카노,1,1,0,0,맛있다,0,
1870963849,메이지커피,커피,커피,핸드드립 커피,1,1,0,0,,0,
1870963849,메이지커피,커피,커피,핸드드립,1,1,0,0,맛있다,0,
1870963849,메이지커피,음료,에이드,오렌지에이드,1,0,0,1,,0,
1870963849,메이지커피,커피,커피,디카페인 카푸치노,1,0,0,1,,0,
1870963849,메이지커피,디저트,치즈케이크,치즈케익,1,0,0,1,,0,
1870963849,메이지커피,음료,티,홍차,1,1,0,0,향긋하다,0,
1870963849,메이지커피,음료,음료,두유,1,0,0,1,,0,
1870963849,메이지커피,커피,커피,아인슈페너,1,1,0,0,진하다,0,
1870963849,메이지커피,커피,아메리카노,아메리카노,1,1,0,0,진하다,0,
1870963849,메이지커피,디저트,케이크,파운드 케이크,1,1,0,0,훌륭하다,0,
1870963849,메이지커피,베이커리,간식,플로랑탱 아망드,1,1,0,0,맛있다,0,
1875549112,카페 아래로 ARERO,디저트,간식,쿠키,2,2,0,0,맛있다,3.2722,
1875549112,카페 아래로 ARERO,커피,라떼,라떼,5,5,0,0,맛있다,3.1595,
1875549112,카페 아래로 ARERO,커피,커피,원두,2,1,0,1,맛있다,0,
1875549112,카페 아래로 ARERO,커피,라떼,카페모카,1,1,0,0,맛있다,0,
1875549112,카페 아래로 ARERO,음료,주스,노아 주스,1,1,0,0,맛있다,0,
1875549112,카페 아래로 ARERO,푸드,푸드,육쪽갈릭,1,1,0,0,맛있다,0,
1875549112,카페 아래로 ARERO,커피,아메리카노,아이스아메리카노,1,1,0,0,,0,
1875549112,카페 아래로 ARERO,커피,라떼,아이스라떼,1,1,0,0,,0,
1875549112,카페 아래로 ARERO,커피,라떼,아몬드크림라떼,1,1,0,0,부드럽고 맛이 좋다,0,
1875549112,카페 아래로 ARERO,베이커리,스콘,생크림스콘,1,1,0,0,부드러운 식감이다,0,
1875549112,카페 아래로 ARERO,디저트,케이크,곰돌이케이크,1,1,0,0,맛있다,0,
1875549112,카페 아래로 ARERO,커피,커피,디카페인,1,1,0,0,,0,
1875549112,카페 아래로 ARERO,음료,티,차,1,1,0,0,좋다,0,
1875549112,카페 아래로 ARERO,음료,티,자몽허니블랙티,1,1,0,0,맛이 좋다,0,
1875549112,카페 아래로 ARERO,음료,과일,자몽,1,1,0,0,많이 들어있다,0,
1875549112,카페 아래로 ARERO,음료,음료,메론소다,1,1,0,0,맛있다,0,
1875549112,카페 아래로 ARERO,디저트,케이크,쇼콜라케이크,1,0,1,0,냉장고 냄새가 난다,0,
1875549112,카페 아래로 ARERO,베이커리,빵,프레첼,1,0,1,0,덜 익었다,0,
1875549112,카페 아래로 ARERO,커피,라떼,자색고구마라떼,1,1,0,0,보기 좋다,0,
1875549112,카페 아래로 ARERO,음료,주스,토마토주스,1,1,0,0,보기 좋다,0,
1875549112,카페 아래로 ARERO,디저트,케이크,케익,1,1,0,0,다양하다,0,
1875549112,카페 아래로 ARERO,디저트,빙수,빙수,1,1,0,0,맛있다,0,
1875549112,카페 아래로 ARERO,음료,티,수제차,1,1,0,0,맛있다,0,
1875549112,카페 아래로 ARERO,베이커리,빵,크림빵,1,1,0,0,좋아하다,0,
1875549112,카페 아래로 ARERO,음료,음료,음료수,1,1,0,0,맛있다,0,
1875549112,카페 아래로 ARERO,음료,음료,그린티,1,1,0,0,,0,
1875549112,카페 아래로 ARERO,커피,라떼,초코라떼,1,1,0,0,,0,
1875549112,카페 아래로 ARERO,커피,라떼,딸기라떼,1,1,0,0,,0,
1875549112,카페 아래로 ARERO,디저트,빙수,팥빙수,1,0,1,0,사이즈가 작다,0,
1875549112,카페 아래로 ARERO,베이커리,빵,허니버터브래드,1,0,0,1,,0,
1875549112,카페 아래로 ARERO,디저트,케이크,레드벨벳케이크,1,1,0,0,맛있다,0,
1875549112,카페 아래로 ARERO,베이커리,빵,크로와상,1,1,0,0,맛있다,0,
1875549112,카페 아래로 ARERO,디저트,케이크,레몬케이크,1,1,0,0,상큼하고 적당히 달다,0,
1875549112,카페 아래로 ARERO,베이커리,스콘,스콘,1,1,0,0,맛있다,0,
1875549112,카페 아래로 ARERO,음료,에이드,청포도에이드,1,1,0,0,맛있고 양이 많다,0,
1890485523,노와드코코 베이커리,베이커리,빵,무화과캄파뉴,9,7,1,1,맛있다,31.4821,
1890485523,노와드코코 베이커리,베이커리,빵,쌀식빵,6,6,0,0,맛있다,31.4821,
1890485523,노와드코코 베이커리,베이커리,빵,소금빵,13,12,1,0,맛있다,25.9232,
1890485523,노와드코코 베이커리,베이커리,빵,명란바게트,9,6,0,3,맛있다,24.8905,
1890485523,노와드코코 베이커리,디저트,케이크,레몬파운드,5,5,0,0,맛있다,22.7694,
1890485523,노와드코코 베이커리,베이커리,빵,쌀팥빵,5,4,0,1,맛있다,20.9881,
1890485523,노와드코코 베이커리,베이커리,빵,치즈캄파뉴,4,4,0,0,맛있다,20.9881,
1890485523,노와드코코 베이커리,베이커리,빵,밤식빵,6,5,0,1,맛있다,18.1879,
1890485523,노와드코코 베이커리,베이커리,빵,바게트,7,6,1,0,맛있다,16.5056,
1890485523,노와드코코 베이커리,디저트,케이크,몽블랑,4,4,0,0,맛있다,15.4429,
1890485523,노와드코코 베이커리,베이커리,마들렌,마들렌,7,6,0,1,맛있다,14.4829,
1890485523,노와드코코 베이커리,베이커리,빵,식빵,6,5,1,0,맛있다,13.8211,
1890485523,노와드코코 베이커리,베이커리,빵,비건빵,3,3,0,0,맛있고 친절하다,13.6616,
1890485523,노와드코코 베이커리,베이커리,빵,연유바게트,3,2,0,1,취향에 맞다,10.494,
1890485523,노와드코코 베이커리,베이커리,빵,올리브바게트,3,2,0,1,가격이 합리적이고 맛이 좋다,10.494,
1890485523,노와드코코 베이커리,푸드,간식,바토치,2,2,0,0,상큼하고 감칠맛 있다,10.494,
1890485523,노와드코코 베이커리,푸드,간식,마늘,2,2,0,0,최고다,10.494,
1890485523,노와드코코 베이커리,푸드,간식,명란,2,2,0,0,최고다,10.494,
1890485523,노와드코코 베이커리,베이커리,빵,콘브레드,2,2,0,0,고소하고 달다,10.494,
1890485523,노와드코코 베이커리,베이커리,빵,포카치아,2,2,0,0,올리브가 박혀 있다,10.494,
1890485523,노와드코코 베이커리,베이커리,빵,곡물식빵,2,2,0,0,맛있다,10.494,
1890485523,노와드코코 베이커리,베이커리,빵,올리브 바게트,2,2,0,0,만족스럽다,10.494,
1890485523,노와드코코 베이커리,베이커리,빵,단팥빵,3,3,0,0,맛있다,10.3658,
1890485523,노와드코코 베이커리,베이커리,빵,팥빵,2,2,0,0,부드럽고 맛있다,9.1078,
1890485523,노와드코코 베이커리,베이커리,간식,구움과자,2,2,0,0,,8.2968,
1890485523,노와드코코 베이커리,푸드,과일,무화과,2,2,0,0,맛있다,7.7215,
1890485523,노와드코코 베이커리,베이커리,빵,무화과깜빠뉴,2,2,0,0,맛있다,7.7215,
1890485523,노와드코코 베이커리,디저트,간식,브라우니,3,3,0,0,맛있다,7.4233,
1890485523,노와드코코 베이커리,베이커리,휘낭시에,휘낭시에,3,3,0,0,맛있다,6.4679,
1890485523,노와드코코 베이커리,베이커리,스콘,누네띠네스콘,3,2,1,0,맛있다,5.247,
1890485523,노와드코코 베이커리,베이커리,빵,마늘바게트,3,2,1,0,맛있다,5.247,
1890485523,노와드코코 베이커리,베이커리,빵,치즈깜빠뉴,3,2,1,0,맛있다,5.247,
1890485523,노와드코코 베이커리,디저트,간식,쿠키,3,2,0,1,맛있다,3.2722,
1890485523,노와드코코 베이커리,푸드,간식,올리브바질칩,3,1,0,2,,0,
1890485523,노와드코코 베이커리,디저트,간식,마스코바도칩,3,0,0,3,,0,
1890485523,노와드코코 베이커리,베이커리,빵,크림치즈먹물빵,2,1,0,1,맛있다,0,
1890485523,노와드코코 베이커리,디저트,케이크,파운드,2,1,0,1,맛있다,0,
1890485523,노와드코코 베이커리,베이커리,빵,크로와상,2,1,0,1,가격이 합리적이고 맛이 좋다,0,
1890485523,노와드코코 베이커리,푸드,소스,바질페스토,1,1,0,0,,0,
1890485523,노와드코코 베이커리,푸드,과일,방울토마토,1,0,1,0,양이 부족하다,0,
1890485523,노와드코코 베이커리,푸드,간식,모짜렐라 치즈,1,1,0,0,,0,
1890485523,노와드코코 베이커리,베이커리,빵,먹물빵,1,1,0,0,,0,
1890485523,노와드코코 베이커리,푸드,과일,토마토,1,0,1,0,양이 부족하다,0,
1890485523,노와드코코 베이커리,베이커리,빵,깜바뉴,1,1,0,0,맛있다,0,
1890485523,노와드코코 베이커리,베이커리,빵,군옥수수식빵,1,1,0,0,버터향이 좋다,0,
1890485523,노와드코코 베이커리,디저트,간식,코코로쉐,1,1,0,0,맛있다,0,
1890485523,노와드코코 베이커리,디저트,간식,노와드코코,1,1,0,0,맛있다,0,
1890485523,노와드코코 베이커리,베이커리,빵,크렌베리 식빵,1,1,0,0,쫄깃하다,0,
1890485523,노와드코코 베이커리,베이커리,빵,무설탕빵,1,1,0,0,,0,
1890485523,노와드코코 베이커리,베이커리,빵,무화과깜파뉴,1,1,0,0,맛있다,0,
1890485523,노와드코코 베이커리,베이커리,빵,소금빵 에프굽,1,1,0,0,맛있다,0,
1890485523,노와드코코 베이커리,베이커리,빵,크랜베리빵,1,1,0,0,맛있다,0,
1890485523,노와드코코 베이커리,베이커리,빵,모카빵,1,1,0,0,맛있다,0,
1890485523,노와드코코 베이커리,베이커리,빵,밤알,1,1,0,0,굵다,0,
1890485523,노와드코코 베이커리,베이커리,빵,바질토마토치즈빵,1,1,0,0,맛있다,0,
1890485523,노와드코코 베이커리,베이커리,빵,치즈깜파뉴,1,1,0,0,짭쪼롭고 쫄깃하다,0,
1890485523,노와드코코 베이커리,푸드,간식,롤치즈,1,1,0,0,,0,
1890485523,노와드코코 베이커리,푸드,간식,체다치즈,1,1,0,0,,0,
1890485523,노와드코코 베이커리,푸드,간식,허니버터칩설탕,1,1,0,0,달지 않고 파삭하다,0,
1890485523,노와드코코 베이커리,디저트,케이크,파운드케잌,1,0,1,0,,0,
1890485523,노와드코코 베이커리,베이커리,소스,크림치즈,1,1,0,0,맛있다,0,
1890485523,노와드코코 베이커리,베이커리,파이,오렌지파운드,1,1,0,0,시원하고 촉촉하며 상큼하다,0,
1890485523,노와드코코 베이커리,베이커리,빵,유기농식빵,1,0,0,1,,0,
1890485523,노와드코코 베이커리,베이커리,빵,연유크림바게트,1,0,1,0,기대에 못 미친다,0,
1890485523,노와드코코 베이커리,음료,음료,연유,1,1,0,0,,0,
1890485523,노와드코코 베이커리,디저트,간식,다크초코브라우니,1,1,0,0,꾸덕하고 진하다,0,
1890485523,노와드코코 베이커리,푸드,간식,다크초코맛,1,1,0,0,진하다,0,
1890485523,노와드코코 베이커리,베이커리,빵,쌀단팥빵,1,1,0,0,맛있다,0,
1890485523,노와드코코 베이커리,음료,주스,크랜베리,1,0,1,0,,0,
1890485523,노와드코코 베이커리,푸드,간식,올리브버터칩,1,1,0,0,무조건 사야 한다,0,
1890485523,노와드코코 베이커리,디저트,케이크,케이크,1,1,0,0,맛있다,0,
1890485523,노와드코코 베이커리,베이커리,빵,캄파뉴,1,0,1,0,,0,
1890485523,노와드코코 베이커리,베이커리,빵,마늘마게트,1,1,0,0,추천할 만하다,0,
1890485523,노와드코코 베이커리,푸드,간식,느와드 코코,1,1,0,0,,0,
1890485523,노와드코코 베이커리,베이커리,빵,올리브 포카치아,1,1,0,0,짭짤하다,0,
1890485523,노와드코코 베이커리,푸드,푸드,크로크무슈,1,1,0,0,맛있다,0,
1890485523,노와드코코 베이커리,베이커리,빵,초코캄파뉴,1,1,0,0,맛있다,0,
1890485523,노와드코코 베이커리,베이커리,빵,무화과 깜빠뉴,1,1,0,0,담백하다,0,
1890485523,노와드코코 베이커리,베이커리,빵,먹물크림치즈빵,1,1,0,0,크림치즈가 듬뿍 들어있다,0,
1890485523,노와드코코 베이커리,푸드,과일,올리브,1,1,0,0,풍미가 깊다,0,
1890485523,노와드코코 베이커리,베이커리,빵,무화과 깜파뉴,1,1,0,0,맛이 좋다,0,
1890485523,노와드코코 베이커리,베이커리,빵,치즈 깜파뉴,1,1,0,0,맛이 좋다,0,
1890485523,노와드코코 베이커리,베이커리,빵,마늘 바게트,1,1,0,0,단맛이 강하지 않다,0,
1890485523,노와드코코 베이커리,베이커리,빵,깜빠뉴,1,1,0,0,담백하고 자극적이지 않다,0,
1890485523,노와드코코 베이커리,베이커리,빵,우유식빵,1,1,0,0,목넘김이 좋다,0,
1890485523,노와드코코 베이커리,디저트,가나슈,쇼콜라만델,1,0,1,0,,0,
1890485523,노와드코코 베이커리,베이커리,간식,샤브레,1,1,0,0,맛있다,0,
1890485523,노와드코코 베이커리,푸드,간식,올리브칩,1,0,0,1,,0,
1890485523,노와드코코 베이커리,베이커리,빵,쌀빵,1,1,0,0,좋다,0,
1890485523,노와드코코 베이커리,베이커리,빵,소세지 바게트,1,1,0,0,취향에 맞다,0,
1890485523,노와드코코 베이커리,푸드,간식,올리브 바질칩,1,1,0,0,취향에 맞다,0,
1890485523,노와드코코 베이커리,베이커리,빵,천연발효종,1,1,0,0,,0,
1890485523,노와드코코 베이커리,베이커리,빵,무화과 캄파뉴,1,1,0,0,맛있다,0,
1890485523,노와드코코 베이커리,베이커리,빵,치즈 깜빠뉴,1,1,0,0,맛있다,0,
1890485523,노와드코코 베이커리,디저트,간식,초코,1,1,0,0,많다,0,
1890485523,노와드코코 베이커리,푸드,간식,호두,1,1,0,0,많다,0,
1890485523,노와드코코 베이커리,음료,음료,아마씨,1,1,0,0,많다,0,
1890485523,노와드코코 베이커리,푸드,간식,건포도,1,1,0,0,많다,0,
1890485523,노와드코코 베이커리,베이커리,빵,아몬드크로와상,1,1,0,0,새콤하다,0,
1890485523,노와드코코 베이커리,디저트,간식,베리류의잼,1,1,0,0,,0,
1890485523,노와드코코 베이커리,음료,음료,콩포트,1,1,0,0,,0,
1890485523,노와드코코 베이커리,베이커리,빵,펌킨트라이앵글,1,1,0,0,달콤하다,0,
1890485523,노와드코코 베이커리,푸드,소스,호박페이스트,1,1,0,0,달콤하다,0,
1890485523,노와드코코 베이커리,푸드,간식,식품첨가제,1,0,1,0,,0,
1890485523,노와드코코 베이커리,베이커리,마들렌,초코마들렌,1,1,0,0,,0,
1890485523,노와드코코 베이커리,베이커리,빵,호텔빵,1,1,0,0,맛있다,0,
1890485523,노와드코코 베이커리,베이커리,빵,펌프킨트라이앵글,1,1,0,0,맛있다,0,
1890485523,노와드코코 베이커리,푸드,간식,단팥,1,1,0,0,맛있다,0,
1890485523,노와드코코 베이커리,베이커리,빵,소세지바게트,1,1,0,0,맛있다,0,
1890485523,노와드코코 베이커리,푸드,과일,밤,1,1,0,0,많다,0,
1890485523,노와드코코 베이커리,베이커리,빵,건강빵,1,0,0,1,,0,
1890485523,노와드코코 베이커리,베이커리,빵,연유 바게트,1,1,0,0,맛있다,0,
1890485523,노와드코코 베이커리,베이커리,간식,무화과 러스크,1,1,0,0,바삭하고 달달하며 쫀득하다,0,
1890485523,노와드코코 베이커리,베이커리,치아바타,무화과치아바타,1,1,0,0,혜자스럽다,0,
1890485523,노와드코코 베이커리,베이커리,빵,무화과빵,1,1,0,0,크다,0,
1891671120,히포커피 신림점,베이커리,크로플,크로플,2,2,0,0,싸고 맛있다,3.8296,
1891671120,히포커피 신림점,커피,아메리카노,아이스아메리카노,2,2,0,0,산미가 적고 구수하다,1.3241,
1891671120,히포커피 신림점,커피,아메리카노,아메리카노,4,3,0,1,맛있다,1.2802,
1891671120,히포커피 신림점,베이커리,빵,붕어빵,1,1,0,0,,0,
1891671120,히포커피 신림점,베이커리,빵,허니브레드,1,1,0,0,맛있다,0,
1891671120,히포커피 신림점,디저트,간식,아이스크림,1,1,0,0,부드럽다,0,
1891671120,히포커피 신림점,커피,라떼,바닐라라떼,1,0,1,0,바닐라맛이 덜하다,0,
1891671120,히포커피 신림점,커피,커피,원두향,1,1,0,0,향이 좋다,0,
1891671120,히포커피 신림점,커피,라떼,솔티크림라떼,1,1,0,0,맛있다,0,
1891671120,히포커피 신림점,음료,티,유자허니캐모마일,1,1,0,0,맛있다,0,
1891671120,히포커피 신림점,음료,밀크티,얼그레이 밀크티,1,1,0,0,맛있다,0,
1891671120,히포커피 신림점,커피,라떼,죠리퐁라떼,1,1,0,0,맛있다,0,
1891671120,히포커피 신림점,베이커리,크로플,브라운치즈크로플,1,0,1,0,맛이 없다,0,
1891671120,히포커피 신림점,베이커리,크로플,브라운 치즈크로플,1,1,0,0,맛있다,0,
1891671120,히포커피 신림점,음료,음료,망고코코넛,1,1,0,0,맛있다,0,
1891671120,히포커피 신림점,음료,스무디,퐁퐁쉐이크,1,1,0,0,맛있다,0,
1895198982,바나다커피 신림신원점,디저트,간식,아이스크림,2,1,0,1,맛있다,0,
1895198982,바나다커피 신림신원점,음료,밀크티,타로 버블티,1,0,0,1,,0,
1895198982,바나다커피 신림신원점,커피,라떼,라테류,1,1,0,0,맛있다,0,
1895198982,바나다커피 신림신원점,음료,음료,그린티,1,1,0,0,맛있다,0,
1895198982,바나다커피 신림신원점,커피,라떼,라테,1,1,0,0,맛있다,0,
1895198982,바나다커피 신림신원점,음료,티,아이스티,1,1,0,0,양이 많다,0,
1895198982,바나다커피 신림신원점,음료,스무디,요거트스무디,1,1,0,0,맛있다,0,
1895198982,바나다커피 신림신원점,음료,음료,바닐라맛,1,0,0,1,,0,
1895198982,바나다커피 신림신원점,음료,음료,캬라멜맛,1,0,0,1,,0,
1895198982,바나다커피 신림신원점,커피,라떼,바닐라라떼,1,1,0,0,,0,
1895198982,바나다커피 신림신원점,커피,커피,디카페인 커피,1,0,0,1,연하다,0,
1895198982,바나다커피 신림신원점,베이커리,빵,모카번,1,1,0,0,,0,
1911048461,카페오아시아,커피,라떼,라떼,2,2,0,0,맛있다,1.2638,
1915060705,cafe 66(카페 66),커피,라떼,돌체라떼,1,0,0,1,,0,
1915060705,cafe 66(카페 66),커피,라떼,라떼,1,1,0,0,맛있다,0,
1938249972,Mono Hertz(모노헤르쯔),베이커리,빵,베이글,63,60,2,1,맛있다,140.001,
1938249972,Mono Hertz(모노헤르쯔),베이커리,소스,크림치즈,20,17,0,3,맛있다,40.0631,
1938249972,Mono Hertz(모노헤르쯔),베이커리,빵,블루베리 베이글,5,5,0,0,맛있다,26.2351,
1938249972,Mono Hertz(모노헤르쯔),베이커리,빵,어니언 베이글,4,4,0,0,맛있다,20.9881,
1938249972,Mono Hertz(모노헤르쯔),커피,라떼,아이스크림라떼,5,5,0,0,맛있다,17.2763,
1938249972,Mono Hertz(모노헤르쯔),커피,커피,핸드드립,5,5,0,0,맛있다,16.5056,
1938249972,Mono Hertz(모노헤르쯔),푸드,간식,대파베이컨,3,3,0,0,천상의 맛이다,15.7411,
1938249972,Mono Hertz(모노헤르쯔),베이커리,크로플,크로플,10,8,2,0,맛있다,11.4889,
1938249972,Mono Hertz(모노헤르쯔),디저트,가나슈,월넛크림치즈,2,2,0,0,강추하다,10.494,
1938249972,Mono Hertz(모노헤르쯔),푸드,파니니,파니니,3,3,0,0,만족스럽다,10.3658,
1938249972,Mono Hertz(모노헤르쯔),음료,음료,말차,3,3,0,0,맛있다,8.2864,
1938249972,Mono Hertz(모노헤르쯔),디저트,간식,아이스크림,4,4,0,0,부드럽다,6.654,
1938249972,Mono Hertz(모노헤르쯔),커피,에스프레소,에스프레소,2,2,0,0,부드럽다,5.0779,
1938249972,Mono Hertz(모노헤르쯔),커피,커피,디카페인,2,2,0,0,,2.7938,
1938249972,Mono Hertz(모노헤르쯔),커피,아메리카노,아메리카노,4,3,0,1,향과 맛이 괜찮다,1.2802,
1938249972,Mono Hertz(모노헤르쯔),커피,라떼,라떼,3,2,0,1,고소하다,1.2638,
1938249972,Mono Hertz(모노헤르쯔),커피,라떼,아이스라떼,2,1,0,1,힘이 난다,0,
1938249972,Mono Hertz(모노헤르쯔),커피,커피,드립커피,2,1,0,1,,0,
1938249972,Mono Hertz(모노헤르쯔),커피,아메리카노,아이스아메리카노,2,0,0,2,,0,
1938249972,Mono Hertz(모노헤르쯔),음료,음료,피프티피프티,2,1,1,0,맛있다,0,
1938249972,Mono Hertz(모노헤르쯔),푸드,토스트,토스트,2,1,0,1,,0,
1938249972,Mono Hertz(모노헤르쯔),베이커리,크로플,생크림 크로플,1,0,1,0,,0,
1938249972,Mono Hertz(모노헤르쯔),베이커리,크로플,플레인 크로플,1,0,1,0,,0,
1938249972,Mono Hertz(모노헤르쯔),커피,라떼,카페라떼,1,0,1,0,특유의 이상한 맛이 나서 취향이 아니다,0,
1938249972,Mono Hertz(모노헤르쯔),베이커리,빵,통밀베이글,1,1,0,0,쫄깃하고 고소하다,0,
1938249972,Mono Hertz(모노헤르쯔),음료,티,차,1,1,0,0,맛있다,0,
1938249972,Mono Hertz(모노헤르쯔),푸드,샌드위치,샌드위치,1,1,0,0,맛있다,0,
1938249972,Mono Hertz(모노헤르쯔),푸드,샌드위치,베이글 샌드위치,1,1,0,0,맛있다,0,
1938249972,Mono Hertz(모노헤르쯔),커피,라떼,바닐라라떼,1,1,0,0,맛있다,0,
1938249972,Mono Hertz(모노헤르쯔),커피,에스프레소,모노헤르쯔 게이샤 핸드드립,1,1,0,0,최고다,0,
1938249972,Mono Hertz(모노헤르쯔),푸드,푸드,저녁,1,0,0,1,,0,
1938249972,Mono Hertz(모노헤르쯔),푸드,샌드위치,카프레제 파니니,1,1,0,0,구성이 알차고 맛있다,0,
1938249972,Mono Hertz(모노헤르쯔),커피,커피,핸드드립커피,1,1,0,0,,0,
1938249972,Mono Hertz(모노헤르쯔),디저트,가나슈,치즈크림,1,1,0,0,맛있다,0,
1938249972,Mono Hertz(모노헤르쯔),디저트,간식,말차아이스크림,1,1,0,0,맛있다,0,
1938249972,Mono Hertz(모노헤르쯔),푸드,샌드위치,닭안심 파니니,1,1,0,0,맛있다,0,
1938249972,Mono Hertz(모노헤르쯔),베이커리,크로플,어니언 베이글크로플,1,1,0,0,맛있다,0,
1938249972,Mono Hertz(모노헤르쯔),베이커리,빵,신림베이글,1,1,0,0,맛있다,0,
1938249972,Mono Hertz(모노헤르쯔),푸드,푸드,파베이컨 크림치즈,1,1,0,0,맛있다,0,
1938249972,Mono Hertz(모노헤르쯔),베이커리,빵,통밓베이글,1,1,0,0,맛있다,0,
1938249972,Mono Hertz(모노헤르쯔),푸드,간식,바질아보타드크림치즈,1,1,0,0,맛있다,0,
1938249972,Mono Hertz(모노헤르쯔),음료,음료,피프티피프티 말차,1,1,0,0,맛있다,0,
1938249972,Mono Hertz(모노헤르쯔),푸드,파니니,파니니 치즈,1,1,0,0,맛있다,0,
1938249972,Mono Hertz(모노헤르쯔),커피,커피,아몬드커피,1,1,0,0,맛있다,0,
1938249972,Mono Hertz(모노헤르쯔),커피,커피,핸드드립 커피,1,1,0,0,맛있다,0,
1938249972,Mono Hertz(모노헤르쯔),푸드,간식,대파&베이컨 크림치즈,1,1,0,0,잘 어울리다,0,
1938249972,Mono Hertz(모노헤르쯔),베이커리,빵,호두 크렌베리 베이글,1,1,0,0,달달새콤하다,0,
1938249972,Mono Hertz(모노헤르쯔),푸드,간식,바질&아보카도 크림치즈,1,1,0,0,고소짭짤하다,0,
1938249972,Mono Hertz(모노헤르쯔),커피,커피,시그니처메뉴 말차크림커피,1,1,0,0,잘 어울리다,0,
1938249972,Mono Hertz(모노헤르쯔),베이커리,빵,수제베이글,1,1,0,0,건강하다,0,
1938249972,Mono Hertz(모노헤르쯔),푸드,소스,수제크림치즈,1,1,0,0,건강하다,0,
1938249972,Mono Hertz(모노헤르쯔),베이커리,빵,어니언베이글,1,1,0,0,쫀득쫀득하다,0,
1938249972,Mono Hertz(모노헤르쯔),푸드,간식,대파베이컨크림치즈,1,1,0,0,대존맛이다,0,
1938249972,Mono Hertz(모노헤르쯔),푸드,소스,블루베리 크림치즈,1,1,0,0,맛있다,0,
1938249972,Mono Hertz(모노헤르쯔),푸드,간식,대파크림,1,1,0,0,맛있다,0,
1938249972,Mono Hertz(모노헤르쯔),베이커리,빵,통밀 쎼사미 베이글,1,1,0,0,맛있다,0,
1938249972,Mono Hertz(모노헤르쯔),푸드,간식,대파 크림치즈,1,1,0,0,맛있다,0,
1938249972,Mono Hertz(모노헤르쯔),베이커리,빵,런던베이글,1,1,0,0,맛있다,0,
1938249972,Mono Hertz(모노헤르쯔),커피,커피,디카페인 커피,1,1,0,0,,0,
1938249972,Mono Hertz(모노헤르쯔),베이커리,빵,베이글 크림치즈,1,1,0,0,맛있다,0,
1938249972,Mono Hertz(모노헤르쯔),음료,음료,빨대,1,1,0,0,편하다,0,
1938249972,Mono Hertz(모노헤르쯔),음료,과일,블루베리,1,1,0,0,천상의 맛이다,0,
1938249972,Mono Hertz(모노헤르쯔),베이커리,빵,통밀 쎄서미 베이글,1,1,0,0,성공적이다,0,
1938249972,Mono Hertz(모노헤르쯔),푸드,간식,바질 아보카도 크림치즈,1,1,0,0,성공적이다,0,
1938249972,Mono Hertz(모노헤르쯔),베이커리,빵,쪽파 베이글 크림치즈,1,1,0,0,성공적이다,0,
1938249972,Mono Hertz(모노헤르쯔),커피,커피,원두,1,1,0,0,성공적이다,0,
1938249972,Mono Hertz(모노헤르쯔),커피,에스프레소,초코브라이트 핸드드립,1,1,0,0,강추하다,0,
1938249972,Mono Hertz(모노헤르쯔),음료,음료,시나몬,1,1,0,0,맛있다,0,
1938249972,Mono Hertz(모노헤르쯔),푸드,과일,어니언,1,1,0,0,맛있다,0,
1938249972,Mono Hertz(모노헤르쯔),음료,티,모노가토 말차,1,1,0,0,맛있다,0,
1938249972,Mono Hertz(모노헤르쯔),음료,음료,블루베리크림치즈,1,1,0,0,맛있다,0,
1938249972,Mono Hertz(모노헤르쯔),베이커리,빵,시나몬베이글,1,1,0,0,맛있다,0,
1938249972,Mono Hertz(모노헤르쯔),베이커리,빵,올리브 베이글,1,0,0,1,,0,
1938249972,Mono Hertz(모노헤르쯔),베이커리,빵,시나몬 레이즌 베이글,1,1,0,0,맛있다,0,
1938249972,Mono Hertz(모노헤르쯔),베이커리,빵,메이플월넛,1,1,0,0,맛있다,0,
1938249972,Mono Hertz(모노헤르쯔),푸드,푸드,잠봉뵈르,1,1,0,0,부드럽고 맛있다,0,
1938249972,Mono Hertz(모노헤르쯔),커피,라떼,아몬드크리미라떼,1,1,0,0,맛있다,0,
1938249972,Mono Hertz(모노헤르쯔),푸드,샐러드,아보카도바질,1,1,0,0,,0,
1938249972,Mono Hertz(모노헤르쯔),푸드,과일,올리브,1,1,0,0,,0,
1938249972,Mono Hertz(모노헤르쯔),베이커리,빵,통밀,1,1,0,0,,0,
1938249972,Mono Hertz(모노헤르쯔),푸드,샌드위치,훈제연어베이글샌드위치,1,1,0,0,,0,
1942413696,우체국 옆 빵집,베이커리,빵,소금빵,29,20,3,6,맛있다,40.0631,
1942413696,우체국 옆 빵집,베이커리,치아바타,치아바타,14,11,2,1,맛있다,28.5082,
1942413696,우체국 옆 빵집,베이커리,빵,모카번,5,4,0,1,맛있다,18.2155,
1942413696,우체국 옆 빵집,베이커리,빵,깜빠뉴,5,4,0,1,맛있다,16.5936,
1942413696,우체국 옆 빵집,베이커리,빵,초코빵,7,4,1,2,맛있다,15.7411,
1942413696,우체국 옆 빵집,베이커리,빵,단호박깜빠뉴,3,3,0,0,속이 실하다,15.7411,
1942413696,우체국 옆 빵집,베이커리,빵,밤식빵,3,3,0,0,맛있다,10.9128,
1942413696,우체국 옆 빵집,베이커리,빵,견과류빵,4,3,1,0,맛있다,10.494,
1942413696,우체국 옆 빵집,베이커리,빵,올리브치즈빵,2,2,0,0,맛있다,10.494,
1942413696,우체국 옆 빵집,베이커리,빵,얼그레이식빵,2,2,0,0,맛있다,10.494,
1942413696,우체국 옆 빵집,베이커리,빵,무화과 깜빠뉴,2,2,0,0,고소하다,7.7215,
1942413696,우체국 옆 빵집,베이커리,빵,바게트,6,4,2,0,가성비가 좋다,6.6022,
1942413696,우체국 옆 빵집,베이커리,빵,단팥빵,5,3,2,0,맛있다,3.4553,
1942413696,우체국 옆 빵집,베이커리,빵,치즈소금빵,4,1,2,1,,0,Y
1942413696,우체국 옆 빵집,베이커리,빵,감자빵,3,1,0,2,부드럽고 맛있다,0,
1942413696,우체국 옆 빵집,베이커리,빵,식빵,2,1,0,1,,0,
1942413696,우체국 옆 빵집,베이커리,빵,크로와상,2,1,0,1,맛있다,0,
1942413696,우체국 옆 빵집,베이커리,빵,미니바게트,2,1,0,1,맛있다,0,
1942413696,우체국 옆 빵집,커피,아메리카노,아메리카노,1,1,0,0,,0,
1942413696,우체국 옆 빵집,베이커리,빵,무화과깜빠뉴,1,0,0,1,,0,
1942413696,우체국 옆 빵집,베이커리,빵,살구/무화과깜빠뉴,1,1,0,0,,0,
1942413696,우체국 옆 빵집,베이커리,치아바타,토마토/치즈 치아바타,1,1,0,0,,0,
1942413696,우체국 옆 빵집,베이커리,빵,푸가스,1,1,0,0,,0,
1942413696,우체국 옆 빵집,베이커리,빵,깜파뉴,1,0,1,0,,0,
1942413696,우체국 옆 빵집,베이커리,빵,크림치즈번,1,0,1,0,,0,
1942413696,우체국 옆 빵집,베이커리,빵,호밀올리브빵,1,1,0,0,맛있다,0,
1942413696,우체국 옆 빵집,베이커리,치아바타,올리브 치아바타,1,1,0,0,맛있다,0,
1942413696,우체국 옆 빵집,베이커리,빵,식빵류,1,0,1,0,,0,
1942413696,우체국 옆 빵집,베이커리,빵,쏘세지빵,1,0,1,0,,0,
1942413696,우체국 옆 빵집,베이커리,빵,소시지빵,1,1,0,0,,0,
1942413696,우체국 옆 빵집,베이커리,치아바타,토마토 치아바타,1,1,0,0,맛있다,0,
1942413696,우체국 옆 빵집,푸드,간식,버터,1,1,0,0,고소하다,0,
1942413696,우체국 옆 빵집,베이커리,빵,번,1,0,0,1,,0,
1942413696,우체국 옆 빵집,베이커리,빵,크로아상,1,0,0,1,,0,
1942413696,우체국 옆 빵집,베이커리,빵,대형 크로와상,1,1,0,0,,0,
1942413696,우체국 옆 빵집,베이커리,빵,얼그레이 식빵,1,0,1,0,,0,
1942413696,우체국 옆 빵집,베이커리,빵,긴소시지빵,1,1,0,0,취향에 맞다,0,
1942413696,우체국 옆 빵집,베이커리,치아바타,할라피뇨 치아바타,1,1,0,0,맛있다,0,
1942413696,우체국 옆 빵집,베이커리,빵,소세지빵,1,1,0,0,맛있다,0,
1942413696,우체국 옆 빵집,베이커리,치아바타,치즈치아버터,1,1,0,0,촉촉하다,0,
1942413696,우체국 옆 빵집,베이커리,휘낭시에,휘낭시에,1,0,0,1,,0,
1942413696,우체국 옆 빵집,디저트,마카롱,마카롱,1,0,0,1,,0,
1942413696,우체국 옆 빵집,베이커리,빵,크루와상,1,1,0,0,토실토실하다,0,
1942413696,우체국 옆 빵집,디저트,간식,초코릿,1,1,0,0,좋다,0,
1942413696,우체국 옆 빵집,푸드,과일,단호박,1,1,0,0,달달하다,0,
1942413696,우체국 옆 빵집,베이커리,빵,쿠루아상,1,1,0,0,초콜릿 맛이 강하다,0,
1942413696,우체국 옆 빵집,베이커리,빵,미니크로와상,1,1,0,0,맛있다,0,
1942413696,우체국 옆 빵집,베이커리,빵,앙버터,1,1,0,0,맛있다,0,
1942413696,우체국 옆 빵집,베이커리,빵,미니크루와상,1,1,0,0,최고다,0,
1942413696,우체국 옆 빵집,베이커리,빵,단백한빵,1,1,0,0,단백하다,0,
1942413696,우체국 옆 빵집,베이커리,빵,크루아상,1,0,0,1,,0,
1942413696,우체국 옆 빵집,베이커리,빵,커피번,1,0,0,1,,0,
1942413696,우체국 옆 빵집,베이커리,빵,무화과 깜파뉴,1,1,0,0,,0,
1942413696,우체국 옆 빵집,베이커리,빵,단호박 깜파뉴,1,1,0,0,,0,
1942413696,우체국 옆 빵집,베이커리,치아바타,올리브치아바타,1,1,0,0,맛있다,0,
1942413696,우체국 옆 빵집,베이커리,빵,연유버터빵,1,1,0,0,,0,
1948149609,킹덤보드게임카페 신림점,디저트,빙수,빙수,3,3,0,0,맛있다,6.6075,
1948149609,킹덤보드게임카페 신림점,디저트,빙수,돼지바 빙수,1,1,0,0,양이 많다,0,
1948149609,킹덤보드게임카페 신림점,술,술,칵테일,1,1,0,0,맛있다,0,
1948149609,킹덤보드게임카페 신림점,음료,음료,체리콕,1,1,0,0,,0,
1948149609,킹덤보드게임카페 신림점,푸드,간식,라면,1,0,0,1,,0,
1948149609,킹덤보드게임카페 신림점,푸드,간식,주전부리,1,0,0,1,,0,
19489918,Lee 집 coffee,디저트,치즈케이크,치즈케이크,18,15,0,3,맛있다,27.6874,
19489918,Lee 집 coffee,디저트,치즈케이크,치즈케익,7,5,1,1,맛있다,11.0485,
19489918,Lee 집 coffee,디저트,케이크,케이크,7,5,1,1,맛있다,5.1069,
19489918,Lee 집 coffee,커피,아메리카노,아메리카노,4,3,0,1,맛있다,1.2802,
19489918,Lee 집 coffee,커피,커피,디카페인,2,1,1,0,고소하고 부드럽다,0,
19489918,Lee 집 coffee,커피,커피,원두,2,1,0,1,산미가 있다,0,
19489918,Lee 집 coffee,커피,라떼,라떼,2,1,1,0,온도가 높다,0,
19489918,Lee 집 coffee,커피,라떼,디카페인라떼,1,1,0,0,맛있다,0,
19489918,Lee 집 coffee,디저트,케이크,한손케익,1,1,0,0,적당한 크기에 부드럽고 맛있다,0,
19489918,Lee 집 coffee,커피,커피,드립,1,0,0,1,,0,
19489918,Lee 집 coffee,디저트,케이크,케이크 2호,1,0,0,1,,0,
19489918,Lee 집 coffee,디저트,케이크,케이크 1호,1,0,0,1,,0,
19489918,Lee 집 coffee,디저트,케이크,한손사이즈,1,0,0,1,,0,
19489918,Lee 집 coffee,디저트,케이크,컵케이크 사이즈,1,0,0,1,,0,
19489918,Lee 집 coffee,음료,티,카모마일,1,0,0,1,,0,
19489918,Lee 집 coffee,음료,티,티벡,1,0,0,1,,0,
19489918,Lee 집 coffee,푸드,간식,좌석,1,0,1,0,불편하다,0,
19489918,Lee 집 coffee,푸드,간식,치즈맛,1,0,1,0,치즈맛이 없다,0,
19489918,Lee 집 coffee,베이커리,빵,대왕카스테라,1,0,0,1,,0,
19489918,Lee 집 coffee,커피,라떼,아이스라떼,1,1,0,0,부드럽고 진하다,0,
19489918,Lee 집 coffee,디저트,케이크,컵케익,1,1,0,0,맛있다,0,
19489918,Lee 집 coffee,음료,티,아이스티,1,1,0,0,맛있다,0,
19489918,Lee 집 coffee,디저트,치즈케이크,쌀치즈케익,1,1,0,0,부드럽다,0,
19489918,Lee 집 coffee,베이커리,빵,카스테라,1,0,0,1,,0,
19489918,Lee 집 coffee,음료,티,차,1,1,0,0,맛있다,0,
19489918,Lee 집 coffee,디저트,치즈케이크,쌀치즈케이크,1,1,0,0,부드럽다,0,
19489918,Lee 집 coffee,커피,라떼,헤이즐넛카레라떼,1,0,0,1,,0,
19489918,Lee 집 coffee,디저트,케이크,쌀케이크,1,0,0,1,,0,
19489918,Lee 집 coffee,디저트,빙수,빙수,1,1,0,0,맛있다,0,
19489918,Lee 집 coffee,커피,커피,아침전투커피,1,0,0,1,,0,
19489918,Lee 집 coffee,음료,스무디,스무디,1,1,0,0,맛있다,0,
19489918,Lee 집 coffee,커피,라떼,달커치노,1,1,0,0,거품이 풍성하다,0,
19489918,Lee 집 coffee,디저트,간식,흑설탕,1,1,0,0,풍미가 있다,0,
19489918,Lee 집 coffee,커피,아메리카노,아이스아메리카노,1,1,0,0,맛있다,0,
19489918,Lee 집 coffee,디저트,케이크,케익,1,0,1,0,,0,
1950539217,시그니처커피2호점,디저트,간식,젤라또,1,0,1,0,,0,
1950539217,시그니처커피2호점,커피,아메리카노,아메리카노,1,0,0,1,,0,
1950539217,시그니처커피2호점,푸드,샌드위치,샌드위치,1,1,0,0,맛있다,0,
1950539217,시그니처커피2호점,디저트,간식,아이스크림 젤라또,1,0,0,1,,0,
1950539217,시그니처커피2호점,디저트,간식,녹차젤라또,1,0,0,1,,0,
1950539217,시그니처커피2호점,커피,아메리카노,아이스아메리카노,1,1,0,0,쓴맛이 좋다,0,
1950539217,시그니처커피2호점,베이커리,간식,베이글칩,1,1,0,0,맛있다,0,
1950539217,시그니처커피2호점,커피,라떼,녹차라떼,1,1,0,0,맛있다,0,
1950539217,시그니처커피2호점,푸드,간식,군고구마,1,0,0,1,,0,
1955366992,블루포트 서울대점,푸드,핫도그,핫도그,3,3,0,0,맛있다,10.3658,
1955366992,블루포트 서울대점,커피,커피,콜드브루,2,2,0,0,맛있다,5.3641,
1955366992,블루포트 서울대점,커피,아메리카노,아이스아메리카노,4,1,0,3,맛있다,0,
1955366992,블루포트 서울대점,디저트,간식,쿠키,2,1,0,1,,0,
1955366992,블루포트 서울대점,커피,라떼,얼그레이크림라떼,1,0,0,1,,0,
1955366992,블루포트 서울대점,음료,과일,키위바나나,1,1,0,0,맛있다,0,
1955366992,블루포트 서울대점,커피,라떼,녹차라떼,1,1,0,0,최고다,0,
1955366992,블루포트 서울대점,푸드,푸드,크로무슈,1,1,0,0,,0,
1955366992,블루포트 서울대점,베이커리,머핀,머핀,1,1,0,0,가성비가 좋다,0,
1955366992,블루포트 서울대점,커피,라떼,흑당라떼,1,1,0,0,맛있다,0,
1955366992,블루포트 서울대점,커피,라떼,라떼류,1,1,0,0,맛있다,0,
1955366992,블루포트 서울대점,음료,에이드,한라봉에이드,1,1,0,0,맛있다,0,
1955366992,블루포트 서울대점,커피,라떼,콜드브루라떼,1,1,0,0,맛있다,0,
1955366992,블루포트 서울대점,커피,라떼,아인슈패너라떼,1,1,0,0,맛있다,0,
1955366992,블루포트 서울대점,음료,티,차,1,1,0,0,맛있다,0,
1955366992,블루포트 서울대점,음료,음료,히비스커스,1,1,0,0,맛있다,0,
1955366992,블루포트 서울대점,커피,커피,아인슈페너,1,0,0,1,,0,
1955366992,블루포트 서울대점,음료,음료,대추차,1,1,0,0,,0,
1960060661,카페마실,디저트,마카롱,마카롱,4,1,0,3,맛있다,0,
1960955361,attendo(아텐도),디저트,케이크,케이크,23,20,2,1,맛있다,22.9812,
1960955361,attendo(아텐도),디저트,케이크,망고케이크,4,4,0,0,맛있다,18.2155,
1960955361,attendo(아텐도),디저트,케이크,시트,3,3,0,0,촉촉하다,13.6616,
1960955361,attendo(아텐도),디저트,케이크,체리케이크,2,2,0,0,맛이 좋다,10.494,
1960955361,attendo(아텐도),디저트,케이크,얼그레이무화과케이크,2,2,0,0,달지 않고 맛이 좋다,10.494,
1960955361,attendo(아텐도),디저트,케이크,복숭아케이크,2,2,0,0,,9.1078,
1960955361,attendo(아텐도),디저트,케이크,딸기생크림케이크,2,2,0,0,과일이 꽉 차 있고 신선하다,8.2968,
1960955361,attendo(아텐도),디저트,케이크,조각케이크,2,2,0,0,마음에 들다,6.9105,
1960955361,attendo(아텐도),푸드,과일,딸기,4,3,0,1,싱싱하다,6.9078,
1960955361,attendo(아텐도),디저트,케이크,딸기케이크,2,2,0,0,맛있다,6.0996,
1960955361,attendo(아텐도),디저트,케이크,메론케이크,2,0,1,1,그저 그렇다,0,
1960955361,attendo(아텐도),커피,라떼,바닐라라떼,1,0,1,0,달지 않다,0,
1960955361,attendo(아텐도),커피,아메리카노,아메리카노,1,1,0,0,고소하다,0,
1960955361,attendo(아텐도),디저트,케이크,골드키위생크림케이크,1,1,0,0,과일이 꽉 차 있고 신선하다,0,
1960955361,attendo(아텐도),디저트,케이크,밤케이크,1,1,0,0,맛있다,0,
1960955361,attendo(아텐도),푸드,소스,랭크림,1,1,0,0,부드럽다,0,
1960955361,attendo(아텐도),푸드,과일,밤,1,1,0,0,촉촉하다,0,
1960955361,attendo(아텐도),디저트,케이크,키위케이크,1,1,0,0,맛이 좋다,0,
1960955361,attendo(아텐도),술,술,라임모히또,1,0,0,1,,0,
1960955361,attendo(아텐도),음료,에이드,자몽에이드,1,0,0,1,,0,
1960955361,attendo(아텐도),디저트,케이크,망고 케이크,1,1,0,0,맛있다,0,
1960955361,attendo(아텐도),푸드,간식,버터,1,1,0,0,고급스럽다,0,
1960955361,attendo(아텐도),푸드,과일,딸기 슬라이스,1,1,0,0,좋다,0,
1960955361,attendo(아텐도),디저트,간식,생크림,1,1,0,0,부드럽다,0,
1960955361,attendo(아텐도),음료,티,티,1,1,0,0,맛있다,0,
1960955361,attendo(아텐도),음료,티,얼그레이,1,1,0,0,조화롭다,0,
1960955361,attendo(아텐도),음료,티,미드나잇아워티,1,1,0,0,맛있다,0,
1960955361,attendo(아텐도),푸드,과일,무화과,1,1,0,0,은근히 들어가 있다,0,
1960955361,attendo(아텐도),디저트,케이크,호지차몽블랑조각케이크,1,1,0,0,맛있다,0,
1960955361,attendo(아텐도),디저트,푸딩,호지밤푸딩,1,1,0,0,맛있다,0,
1960955361,attendo(아텐도),디저트,케이크,아텐도케이크,1,1,0,0,맛있다,0,
1960955361,attendo(아텐도),커피,라떼,라떼,1,1,0,0,맛있다,0,
1960955361,attendo(아텐도),음료,에이드,히비스커스 에이드,1,1,0,0,맛있다,0,
1962810174,1.5도씨,푸드,간식,수세미,2,2,0,0,,10.494,
1962810174,1.5도씨,디저트,간식,쿠키,2,2,0,0,맛있다,3.2722,
1962810174,1.5도씨,푸드,소스,올리브 오일,1,1,0,0,맛있다,0,
1962810174,1.5도씨,푸드,소스,화이트 발사믹,1,1,0,0,맛있다,0,
1962810174,1.5도씨,커피,라떼,바닐라라떼,1,1,0,0,맛있다,0,
1962810174,1.5도씨,디저트,간식,수제쿠키,1,1,0,0,맛있다,0,
1962810174,1.5도씨,푸드,간식,비건간식,1,1,0,0,많다,0,
1962810174,1.5도씨,푸드,간식,곤약해면,1,0,0,1,,0,
1962810174,1.5도씨,음료,과일,건파인애플,1,0,0,1,,0,
1962810174,1.5도씨,음료,음료,유리빨대,1,1,0,0,,0,
1962810174,1.5도씨,푸드,간식,천연수세미,1,1,0,0,,0,
1962810174,1.5도씨,음료,음료,스테인레스 가위,1,1,0,0,,0,
1962810174,1.5도씨,음료,티,작두콩차,1,1,0,0,,0,
1962810174,1.5도씨,푸드,간식,삼베 수세미,1,1,0,0,,0,
1962810174,1.5도씨,음료,티,잎차,1,1,0,0,,0,
1962810174,1.5도씨,커피,커피,브리터정수필터,1,1,0,0,,0,
1962810174,1.5도씨,푸드,소스,올리브오일,1,1,0,0,,0,
1967361178,저스트 로맨틱,베이커리,타르트,에그타르트,7,6,0,1,맛있다,16.0924,
1967361178,저스트 로맨틱,베이커리,빵,생식빵,3,3,0,0,부드럽고 쫀쫀하다,15.7411,
1967361178,저스트 로맨틱,베이커리,빵,소금빵,8,7,1,0,맛있다,14.1399,
1967361178,저스트 로맨틱,푸드,푸드,잠봉뵈르,2,2,0,0,담백하고 맛있다,7.2752,
1967361178,저스트 로맨틱,푸드,간식,버터,2,2,0,0,좋다,6.6022,
1967361178,저스트 로맨틱,베이커리,빵,바게트,2,2,0,0,맛있다,6.6022,
1967361178,저스트 로맨틱,커피,커피,디카페인 커피,2,2,0,0,맛있다,6.0996,
1967361178,저스트 로맨틱,디저트,케이크,케익,3,3,0,0,맛있다,6.0844,
1967361178,저스트 로맨틱,디저트,케이크,케이크,4,4,0,0,맛있다,5.1069,
1967361178,저스트 로맨틱,디저트,치즈케이크,치즈케이크,2,2,0,0,맛있다,3.6917,
1967361178,저스트 로맨틱,베이커리,휘낭시에,휘낭시에,3,2,1,0,맛있다,2.156,
1967361178,저스트 로맨틱,커피,아메리카노,아메리카노,2,2,0,0,맛있다,0.8535,
1967361178,저스트 로맨틱,베이커리,소보로,명란소금빵,2,0,1,1,,0,
1967361178,저스트 로맨틱,커피,아메리카노,아이스아메리카노,2,1,1,0,진하고 향긋하다,0,
1967361178,저스트 로맨틱,베이커리,빵,올리브 소금빵,1,1,0,0,맛있다,0,
1967361178,저스트 로맨틱,푸드,샌드위치,잠봉뵈르 샌드위치,1,0,0,1,,0,
1967361178,저스트 로맨틱,베이커리,빵,샌드위치 빵,1,1,0,0,바삭하고 촉촉하다,0,
1967361178,저스트 로맨틱,푸드,푸드,잠봉,1,1,0,0,,0,
1967361178,저스트 로맨틱,음료,음료,허브맛,1,1,0,0,,0,
1967361178,저스트 로맨틱,푸드,소스,명란마요크림 소스,1,0,0,1,,0,
1967361178,저스트 로맨틱,베이커리,빵,명란바게트,1,0,0,1,,0,
1967361178,저스트 로맨틱,베이커리,휘낭시에,캬라멜 휘낭시에,1,0,1,0,,0,
1967361178,저스트 로맨틱,베이커리,치아바타,감자치아바타,1,1,0,0,,0,
1967361178,저스트 로맨틱,베이커리,빵,명란빵,1,1,0,0,,0,
1967361178,저스트 로맨틱,베이커리,빵,고구마 깜빠뉴,1,1,0,0,촉촉하고 고구마 맛이 잘 느껴진다,0,
1967361178,저스트 로맨틱,푸드,간식,고구마,1,1,0,0,고구마 맛이 잘 느껴진다,0,
1967361178,저스트 로맨틱,푸드,간식,고구마 크림치즈,1,1,0,0,고구마 맛이 인공적이지 않다,0,
1967361178,저스트 로맨틱,베이커리,빵,바질토마토 소금빵,1,1,0,0,맛있다,0,
1967361178,저스트 로맨틱,베이커리,빵,더블치즈베이글,1,1,0,0,,0,
1967361178,저스트 로맨틱,푸드,소스,필링,1,1,0,0,부드럽다,0,
1967361178,저스트 로맨틱,음료,음료,바닐라향,1,1,0,0,향이 좋다,0,
1967361178,저스트 로맨틱,푸드,간식,계란필링,1,1,0,0,풍미가 뛰어나다,0,
1967361178,저스트 로맨틱,디저트,파이,파이부분,1,1,0,0,바삭하다,0,
1967361178,저스트 로맨틱,베이커리,빵,다른빵,1,1,0,0,맛있다,0,
1967361178,저스트 로맨틱,커피,커피,디카페인 원두,1,1,0,0,,0,
1967361178,저스트 로맨틱,베이커리,빵,올리브치즈베이글,1,1,0,0,맛있다,0,
1967361178,저스트 로맨틱,커피,라떼,로맨틱크림라떼,1,1,0,0,맛있다,0,
1967361178,저스트 로맨틱,베이커리,빵,코끼리 베이글,1,1,0,0,맛있다,0,
1967361178,저스트 로맨틱,베이커리,빵,포비베이글,1,1,0,0,맛있다,0,
1967361178,저스트 로맨틱,베이커리,빵,치즈베이글,1,1,0,0,맛있다,0,
1967361178,저스트 로맨틱,커피,라떼,바닐라라떼,1,1,0,0,맛있다,0,
1967361178,저스트 로맨틱,커피,라떼,말차라떼,1,1,0,0,맛있다,0,
1967361178,저스트 로맨틱,음료,밀크커피,냉침밀크티,1,1,0,0,좋다,0,
1967361178,저스트 로맨틱,음료,음료,과일청,1,1,0,0,,0,
1967361178,저스트 로맨틱,커피,커피,원두,1,1,0,0,좋다,0,
1967361178,저스트 로맨틱,디저트,치즈케이크,바스크치즈케이크,1,1,0,0,맛있다,0,
1967361178,저스트 로맨틱,음료,티,페퍼민트티,1,1,0,0,,0,
1967361178,저스트 로맨틱,음료,티,패션후르츠망고오렌지티,1,1,0,0,,0,
1967361178,저스트 로맨틱,디저트,케이크,테누아 바니유 케익,1,1,0,0,맛있다,0,
1967361178,저스트 로맨틱,디저트,케이크,딸기몽블랑,1,0,1,0,,0,
1967361178,저스트 로맨틱,디저트,휘낭시에,츄러스 휘낭시에,1,1,0,0,츄러스 맛을 잘 구현했다,0,
1967361178,저스트 로맨틱,디저트,케이크,딸기 케이크,1,1,0,0,좋다,0,
1967361178,저스트 로맨틱,음료,음료,바닐라빈,1,1,0,0,맛있다,0,
1967361178,저스트 로맨틱,디저트,간식,초코알갱이,1,1,0,0,씹는 맛이 예술이다,0,
1967361178,저스트 로맨틱,커피,라떼,카페라떼,1,1,0,0,맛있다,0,
1967361178,저스트 로맨틱,디저트,케이크,수제케이크,1,1,0,0,맛있다,0,
1967361178,저스트 로맨틱,베이커리,스콘,스콘,1,1,0,0,맛있다,0,
1967361178,저스트 로맨틱,디저트,케이크,카페딸기케잌,1,1,0,0,맛있다,0,
1967361178,저스트 로맨틱,디저트,케이크,얼그레이케잌,1,1,0,0,맛있다,0,
1967361178,저스트 로맨틱,디저트,케이크,몽블랑,1,1,0,0,맛있다,0,
1967361178,저스트 로맨틱,음료,티,말차티,1,1,0,0,맛있다,0,
1967361178,저스트 로맨틱,디저트,휘낭시에,츄러스휘낭시에,1,0,0,1,,0,
1967361178,저스트 로맨틱,디저트,간식,츄러스맛,1,1,0,0,괜찮다,0,
1967361178,저스트 로맨틱,음료,음료,청,1,1,0,0,맛있다,0,
1967361178,저스트 로맨틱,커피,에스프레소,흑임자 슈페너,1,1,0,0,맛있다,0,
1967361178,저스트 로맨틱,푸드,간식,팥,1,1,0,0,맛있다,0,
1967361178,저스트 로맨틱,디저트,간식,동물성크림,1,1,0,0,맛있다,0,
1983267165,cup&coffee 컵앤커피,커피,아메리카노,아메리카노,1,1,0,0,맛있다,0,
1983496552,카페 리버스(Cafe Reverse),음료,스무디,천혜향스무디,2,2,0,0,씹히는 느낌이 좋다,10.494,
1983496552,카페 리버스(Cafe Reverse),커피,커피,아바라,2,2,0,0,맛있다,10.494,
1983496552,카페 리버스(Cafe Reverse),디저트,간식,초코,2,2,0,0,초코가 잘 어울린다,4.9489,
1983496552,카페 리버스(Cafe Reverse),베이커리,휘낭시에,휘낭시에,3,2,0,1,매력적이다,4.312,
1983496552,카페 리버스(Cafe Reverse),디저트,케이크,케이크,2,2,0,0,맛있다,2.5535,
1983496552,카페 리버스(Cafe Reverse),커피,라떼,바닐라라떼,3,2,0,1,최고다,2.0847,
1983496552,카페 리버스(Cafe Reverse),푸드,과일,체리,1,1,0,0,체리가 잘 어울린다,0,
1983496552,카페 리버스(Cafe Reverse),음료,음료,망고스무디,1,1,0,0,맛있다,0,
1983496552,카페 리버스(Cafe Reverse),커피,라떼,라떼,1,1,0,0,맛있다,0,
1983496552,카페 리버스(Cafe Reverse),커피,아메리카노,아이스아메리카노,1,1,0,0,맛있다,0,
1983496552,카페 리버스(Cafe Reverse),커피,라떼,스카피크림라떼,1,0,0,1,,0,
1983496552,카페 리버스(Cafe Reverse),커피,라떼,스카치크림라떼,1,1,0,0,맛있다,0,
1983496552,카페 리버스(Cafe Reverse),커피,커피,스카치크림블랙,1,1,0,0,맛있다,0,
1983496552,카페 리버스(Cafe Reverse),베이커리,빵,멜츠브레드 시나몬,1,1,0,0,맛있다,0,
1983496552,카페 리버스(Cafe Reverse),커피,커피,스카치크림 블랙 커피,1,1,0,0,부드럽고 고소하다,0,
1983496552,카페 리버스(Cafe Reverse),커피,샷,말샷추,1,1,0,0,맛있다,0,
1983496552,카페 리버스(Cafe Reverse),베이커리,빵,멜츠브레드초코,1,1,0,0,,0,
1983496552,카페 리버스(Cafe Reverse),음료,티,얼그레이,1,0,0,1,,0,
1983496552,카페 리버스(Cafe Reverse),디저트,간식,플레인,1,0,0,1,,0,
1983496552,카페 리버스(Cafe Reverse),음료,음료,말차,1,0,0,1,,0,
1983496552,카페 리버스(Cafe Reverse),디저트,간식,시그니처 도전 크림,1,1,0,0,,0,
1997196431,파스쿠찌 서울대관정도서관점,디저트,간식,젤라또,2,2,0,0,가격 대비 괜찮다,6.6022,
1997196431,파스쿠찌 서울대관정도서관점,디저트,케이크,케이크,2,2,0,0,좋다,2.5535,
1997196431,파스쿠찌 서울대관정도서관점,커피,아메리카노,아메리카노,2,1,0,1,맛있다,0,
1997196431,파스쿠찌 서울대관정도서관점,커피,에스프레소,에스프레소 아포가토,1,1,0,0,,0,
1997196431,파스쿠찌 서울대관정도서관점,푸드,파니니,파니니,1,1,0,0,맛있다,0,
1997196431,파스쿠찌 서울대관정도서관점,푸드,간식,브런치 세트,1,1,0,0,좋다,0,
1997196431,파스쿠찌 서울대관정도서관점,커피,라떼,아이스바닐라골든라떼,1,1,0,0,,0,
1997196431,파스쿠찌 서울대관정도서관점,음료,음료,아이스바닐라골든,1,1,0,0,,0,
1997196431,파스쿠찌 서울대관정도서관점,푸드,간식,에그불고기,1,0,0,1,,0,
1997196431,파스쿠찌 서울대관정도서관점,푸드,샌드위치,바질닭가슴살파니니,1,1,0,0,맛있다,0,
1997196431,파스쿠찌 서울대관정도서관점,푸드,간식,브런치세트,1,1,0,0,맛있다,0,
1997196431,파스쿠찌 서울대관정도서관점,커피,라떼,바닐라라떼,1,1,0,0,맛이 괜찮다,0,
1997196431,파스쿠찌 서울대관정도서관점,커피,커피,디카페인,1,0,1,0,디카페인이 아니다,0,
1997196431,파스쿠찌 서울대관정도서관점,푸드,샌드위치,샌드위치,1,1,0,0,좋다,0,
1997196431,파스쿠찌 서울대관정도서관점,베이커리,빵,퀸아망,1,1,0,0,달다,0,
1997196431,파스쿠찌 서울대관정도서관점,푸드,샌드위치,바베큐치킨 파니니,1,0,0,1,,0,
1997196431,파스쿠찌 서울대관정도서관점,푸드,샌드위치,치킨바질 파니니,1,1,0,0,바삭하다,0,
1997196431,파스쿠찌 서울대관정도서관점,푸드,샌드위치,잠봉샌드위치 브런치 세트,1,1,0,0,맛있다,0,
1997196431,파스쿠찌 서울대관정도서관점,커피,라떼,카페라떼,1,1,0,0,맛있다,0,
1997196431,파스쿠찌 서울대관정도서관점,음료,음료,아이스초코,1,1,0,0,맛있다,0,
1997196431,파스쿠찌 서울대관정도서관점,푸드,파니니,프로방스 바질 치킨 파니니,1,1,0,0,맛있다,0,
1997196431,파스쿠찌 서울대관정도서관점,커피,라떼,디카페인 콜드브루 라떼,1,0,1,0,취향이 아니다,0,
1997196431,파스쿠찌 서울대관정도서관점,음료,티,캐모마일차,1,1,0,0,좋다,0,
1997196431,파스쿠찌 서울대관정도서관점,음료,빙수,그라니따,1,1,0,0,좋다,0,
1997196431,파스쿠찌 서울대관정도서관점,디저트,빙수,과일 종류 그라니따,1,1,0,0,,0,
1997196431,파스쿠찌 서울대관정도서관점,음료,음료,샤인머스캣 그라니따,1,1,0,0,맛있다,0,
1997196431,파스쿠찌 서울대관정도서관점,디저트,간식,천일염 젤라또,1,1,0,0,맛있다,0,
1997196431,파스쿠찌 서울대관정도서관점,음료,음료,파인비타 그라니따,1,0,1,0,별로다,0,
1997196431,파스쿠찌 서울대관정도서관점,디저트,간식,아이스크림,1,0,0,1,,0,
1997196431,파스쿠찌 서울대관정도서관점,음료,에이드,와일드 패션 망고 리프레셔,1,1,0,0,추천할 만하다,0,
1997196431,파스쿠찌 서울대관정도서관점,커피,아메리카노,아이스아메리카노,1,1,0,0,,0,
1997196431,파스쿠찌 서울대관정도서관점,음료,티,차,1,1,0,0,,0,
1997196431,파스쿠찌 서울대관정도서관점,커피,라떼,초코라떼,1,0,1,0,식었다,0,
1997196431,파스쿠찌 서울대관정도서관점,디저트,간식,초코칩,1,1,0,0,맛있다,0,
1997196431,파스쿠찌 서울대관정도서관점,술,술,뱅쇼,1,1,0,0,맛있다,0,
1997196431,파스쿠찌 서울대관정도서관점,베이커리,빵,샐러드빵,1,1,0,0,맛있다,0,
1997196431,파스쿠찌 서울대관정도서관점,음료,티,캐모마일 티,1,1,0,0,맛있다,0,
1997196431,파스쿠찌 서울대관정도서관점,디저트,빙수,빙수,1,0,1,0,양이 적다,0,
1997196431,파스쿠찌 서울대관정도서관점,음료,음료,복숭아 그라니따,1,1,0,0,맛있다,0,
1999335528,카페느티나무 음대점,푸드,샌드위치,그릴드치킨샌드위치,2,2,0,0,맛있다,10.494,
1999335528,카페느티나무 음대점,음료,스무디,요거트 스무디,1,1,0,0,맛있다,0,
1999335528,카페느티나무 음대점,음료,음료,아이스샤인머스캣청,1,1,0,0,맛있다,0,
1999335528,카페느티나무 음대점,베이커리,빵,슈크림카스테라,1,1,0,0,맛있다,0,
2000492859,디저트 참 잘하는집 신림점,베이커리,크로플,크로플,5,5,0,0,맛있다,9.5741,
2000492859,디저트 참 잘하는집 신림점,푸드,과일,옥수수,2,0,0,2,,0,
2000492859,디저트 참 잘하는집 신림점,커피,라떼,바닐라라떼,1,1,0,0,달다,0,
2000492859,디저트 참 잘하는집 신림점,커피,라떼,카라멜라떼,1,1,0,0,달다,0,
2000492859,디저트 참 잘하는집 신림점,커피,에스프레소,마끼아또,1,0,0,1,,0,
2000492859,디저트 참 잘하는집 신림점,커피,라떼,카라멜 마끼아또,1,0,0,1,,0,
2000492859,디저트 참 잘하는집 신림점,베이커리,빵,소금빵,1,0,1,0,생크림이 녹았다,0,
2000492859,디저트 참 잘하는집 신림점,디저트,간식,생크림,1,0,1,0,녹았다,0,
2000492859,디저트 참 잘하는집 신림점,푸드,간식,로제 떡볶이,1,1,0,0,맛있다,0,
2003414258,Cafe 912,음료,과일,과일,2,2,0,0,많이 들어가 있다,6.6022,
2003414258,Cafe 912,베이커리,휘낭시에,휘낭시에,2,1,0,1,예쁘고 귀엽다,0,
2003414258,Cafe 912,베이커리,빵,산도,1,1,0,0,맛있다,0,
2003414258,Cafe 912,커피,라떼,라떼,1,1,0,0,맛있다,0,
2003414258,Cafe 912,커피,커피,디카페인,1,1,0,0,,0,
2003414258,Cafe 912,커피,라떼,디카페인 라떼,1,1,0,0,좋다,0,
2003414258,Cafe 912,디저트,케이크,딸기보틀케이크,1,1,0,0,맛있다,0,
2003414258,Cafe 912,커피,라떼,딸기라떼,1,1,0,0,맛있다,0,
2003414258,Cafe 912,디저트,휘낭시에,쏘낭시에,1,1,0,0,맛있다,0,
2003414258,Cafe 912,베이커리,빵,고구마계란빵,1,0,0,1,,0,
2003414258,Cafe 912,베이커리,빵,소금빵,1,1,0,0,바삭하다,0,
2003414258,Cafe 912,디저트,케이크,보틀케이크,1,1,0,0,가성비가 좋다,0,
2003414258,Cafe 912,디저트,케이크,케이크,1,1,0,0,맛있다,0,
2013443678,바나프레소 신림역점,디저트,케이크,티라미수케이크,1,1,0,0,맛있다,0,
2013443678,바나프레소 신림역점,커피,아메리카노,유자셔벗아메리카노,1,1,0,0,좋다,0,
2013443678,바나프레소 신림역점,커피,라떼,딸기라떼,1,1,0,0,,0,
2013443678,바나프레소 신림역점,커피,아메리카노,아이스아메리카노,1,0,0,1,,0,
2015517499,그릭하다,푸드,간식,그릭요거트,58,52,0,6,맛있다,189.1545,
2015517499,그릭하다,디저트,간식,요거트,21,21,0,0,맛있다,61.8332,
2015517499,그릭하다,베이커리,빵,베이글,20,19,0,1,맛있다,45.8624,
2015517499,그릭하다,푸드,간식,그릭치즈,9,8,0,1,맛있다,41.9762,
2015517499,그릭하다,푸드,간식,토핑,11,11,0,0,신선하고 조합이 다양하다,33.5478,
2015517499,그릭하다,푸드,과일,바나나,8,8,0,0,조화롭다,30.8858,
2015517499,그릭하다,푸드,간식,그래놀라,6,6,0,0,맛있다,27.3233,
2015517499,그릭하다,디저트,간식,코코넛청크,6,6,0,0,잘 어울리다,27.3233,
2015517499,그릭하다,음료,과일,과일,8,8,0,0,신선하다,26.4089,
2015517499,그릭하다,디저트,빙수,아사이볼,8,4,0,4,,20.9881,
2015517499,그릭하다,음료,과일,블루베리,6,5,0,1,조화롭다,18.1879,
2015517499,그릭하다,베이커리,소스,크림치즈,7,7,0,0,맛있다,16.4966,
2015517499,그릭하다,음료,음료,꿀,4,3,0,1,달달하다,15.7411,
2015517499,그릭하다,음료,음료,치아씨드,3,3,0,0,잘 어울리다,15.7411,
2015517499,그릭하다,음료,과일,샤인머스캣,2,2,0,0,,10.494,
2015517499,그릭하다,푸드,토스트,그릭토스트,2,2,0,0,,10.494,
2015517499,그릭하다,푸드,간식,그릭하다,2,2,0,0,맛있다,10.494,
2015517499,그릭하다,푸드,간식,그레놀라,2,2,0,0,잘 어울리다,7.7215,
2015517499,그릭하다,커피,아메리카노,아메리카노,2,2,0,0,맛있다,0.8535,
2015517499,그릭하다,음료,음료,프로틴하다,1,1,0,0,,0,
2015517499,그릭하다,푸드,간식,견과류,1,1,0,0,,0,
2015517499,그릭하다,음료,음료,샤인키위드링킹 요거트,1,1,0,0,,0,
2015517499,그릭하다,음료,과일,키위,1,1,0,0,,0,
2015517499,그릭하다,음료,음료,샤인키위그릭요거트,1,1,0,0,,0,
2015517499,그릭하다,푸드,간식,그릭아사이볼,1,1,0,0,,0,
2015517499,그릭하다,음료,음료,카야잼,1,1,0,0,,0,
2015517499,그릭하다,음료,음료,가을하다 메뉴,1,1,0,0,맛있다,0,
2015517499,그릭하다,음료,음료,시나몬,1,1,0,0,잘 어울린다,0,
2015517499,그릭하다,음료,음료,물,1,1,0,0,,0,
2015517499,그릭하다,베이커리,빵,통밀베이글,1,1,0,0,씹는 맛이 살아있다,0,
2015517499,그릭하다,푸드,간식,그릭볼,1,1,0,0,부드럽고 담백하다,0,
2015517499,그릭하다,음료,음료,알룰로스,1,1,0,0,,0,
2015517499,그릭하다,푸드,간식,황치즈 그릭요거트,1,1,0,0,맛있다,0,
2015517499,그릭하다,푸드,푸드,재료,1,1,0,0,신선하다,0,
2015517499,그릭하다,베이커리,빵,베이글 블루베리그릭치즈,1,1,0,0,상큼하다,0,
2015517499,그릭하다,푸드,간식,다이어트하자,1,1,0,0,신선하다,0,
2015517499,그릭하다,디저트,치즈케이크,딸기크림치즈,1,1,0,0,맛있다,0,
2015517499,그릭하다,푸드,샌드위치,베이글세트,1,1,0,0,잘 어울리다,0,
2015517499,그릭하다,음료,음료,블루베리크림치즈,1,1,0,0,맛있다,0,
2015517499,그릭하다,음료,음료,블루베리크림,1,1,0,0,맛있다,0,
2015517499,그릭하다,디저트,간식,코코넛플레이크,1,1,0,0,맛있다,0,
2015517499,그릭하다,베이커리,빵,베이글 옵션,1,1,0,0,,0,
2015517499,그릭하다,푸드,간식,토핑종류,1,1,0,0,다양하다,0,
2015517499,그릭하다,커피,아메리카노,그릭치즈 베이글 아이스아메리카노 조합,1,1,0,0,조합이 좋다,0,
2015517499,그릭하다,음료,음료,아사이,1,1,0,0,맛이 알맞고 좋다,0,
2015517499,그릭하다,디저트,간식,피넛버터,1,1,0,0,,0,
2015517499,그릭하다,푸드,간식,수제그래놀라,1,1,0,0,,0,
2015517499,그릭하다,디저트,간식,플레인,1,0,0,1,,0,
2015517499,그릭하다,디저트,간식,바나나 토핑,1,0,0,1,,0,
2015517499,그릭하다,베이커리,빵,배이글,1,1,0,0,따뜻하고 쫄깃하다,0,
2015517499,그릭하다,푸드,간식,현미그릭놀라,1,1,0,0,식감이 좋고 고소하다,0,
2015517499,그릭하다,푸드,간식,신림그릭요거트,1,1,0,0,맛있다,0,
2015517499,그릭하다,음료,음료,프루츠하다,1,0,0,1,,0,
2015517499,그릭하다,음료,음료,피티망고,1,1,0,0,달달하다,0,
2015517499,그릭하다,음료,과일,베리,1,1,0,0,식감이 좋다,0,
2015517499,그릭하다,디저트,치즈케이크,말차팥그릭치즈,1,1,0,0,든든하고 맛있다,0,
2015517499,그릭하다,베이커리,빵,그릭베이글,1,1,0,0,맛있다,0,
2015517499,그릭하다,디저트,간식,꿀스틱,1,1,0,0,,0,
2015517499,그릭하다,음료,과일,사과,1,1,0,0,부드럽다,0,
2015517499,그릭하다,음료,소스,사과잼,1,1,0,0,조화롭다,0,
2015517499,그릭하다,음료,음료,시나몬파우더,1,1,0,0,조화롭다,0,
2015517499,그릭하다,푸드,간식,그릭요거트볼,1,1,0,0,꾸덕하다,0,
2015517499,그릭하다,푸드,간식,그래놀라 토핑,1,1,0,0,,0,
2015517499,그릭하다,디저트,간식,코코넛 청크,1,1,0,0,,0,
2015517499,그릭하다,음료,음료,사과그릭요거트,1,1,0,0,맛있다,0,
2026148277,컴포즈커피 신림신화교점,디저트,케이크,돌체세레나데,1,1,0,0,맛있다,0,
2026148277,컴포즈커피 신림신화교점,푸드,간식,팥절미,1,1,0,0,,0,
2036918789,쉼표브레드,베이커리,타르트,에그타르트,14,12,1,1,맛있다,29.5028,
2036918789,쉼표브레드,베이커리,빵,초코페스츄리,5,5,0,0,맛있다,26.2351,
2036918789,쉼표브레드,베이커리,치아바타,치아바타,9,8,0,1,맛있다,25.3407,
2036918789,쉼표브레드,베이커리,빵,식빵,7,7,0,0,부드럽다,24.1869,
2036918789,쉼표브레드,베이커리,빵,우유식빵,3,3,0,0,촉촉하고 밀도 있다,11.5822,
2036918789,쉼표브레드,디저트,간식,약과,3,3,0,0,맛있다,10.9128,
2036918789,쉼표브레드,베이커리,빵,초코패스츄리,2,2,0,0,맛있다,10.494,
2036918789,쉼표브레드,베이커리,빵,단팥빵,3,3,0,0,맛있다,10.3658,
2036918789,쉼표브레드,베이커리,빵,바게트,3,3,0,0,맛있다,9.9033,
2036918789,쉼표브레드,베이커리,빵,무화과깜빠뉴,2,2,0,0,맛있다,7.7215,
2036918789,쉼표브레드,디저트,간식,쿠키,3,3,0,0,맛있다,4.9083,
2036918789,쉼표브레드,베이커리,빵,소금빵,2,2,0,0,버터 풍미가 느껴진다,4.7133,
2036918789,쉼표브레드,베이커리,빵,무화과 깜빠뉴,3,2,1,0,맛있다,3.8607,
2036918789,쉼표브레드,디저트,케이크,케이크,2,2,0,0,부드럽고 맛있다,2.5535,
2036918789,쉼표브레드,베이커리,빵,곡물빵,2,1,1,0,맛있다,0,
2036918789,쉼표브레드,베이커리,빵,모닝빵,2,1,0,1,크기가 크다,0,
2036918789,쉼표브레드,푸드,간식,첨가물,1,0,1,0,,0,
2036918789,쉼표브레드,커피,아메리카노,아이스아메리카노,1,1,0,0,깔끔하고 풍미가 좋다,0,
2036918789,쉼표브레드,술,술,뱅오쇼콜라,1,0,0,1,,0,
2036918789,쉼표브레드,베이커리,빵,앙버터,1,1,0,0,,0,
2036918789,쉼표브레드,커피,라떼,바닐라라떼,1,1,0,0,좋다,0,
2036918789,쉼표브레드,디저트,케이크,청포도케이크,1,1,0,0,,0,
2036918789,쉼표브레드,디저트,케이크,오레오케이크,1,1,0,0,,0,
2036918789,쉼표브레드,베이커리,간식,말차쿠키,1,1,0,0,맛있다,0,
2036918789,쉼표브레드,베이커리,빵,슈크림빵,1,1,0,0,맛있다,0,
2036918789,쉼표브레드,푸드,과일,무화과,1,1,0,0,,0,
2036918789,쉼표브레드,푸드,샌드위치,치아바타 치즈 쏙쏙,1,1,0,0,맛있다,0,
2036918789,쉼표브레드,베이커리,치아바타,치아바타 그린 올리브,1,1,0,0,맛있다,0,
2036918789,쉼표브레드,베이커리,빵,소세지 빵,1,1,0,0,맛있다,0,
2036918789,쉼표브레드,음료,음료,말차,1,1,0,0,맛있다,0,
2036918789,쉼표브레드,베이커리,빵,소세지페스츄리,1,1,0,0,맛있다,0,
2036918789,쉼표브레드,푸드,간식,다식,1,1,0,0,맛있다,0,
2036918789,쉼표브레드,푸드,과일,토마토,1,0,0,1,,0,
2036918789,쉼표브레드,베이커리,빵,아침빵,1,0,0,1,,0,
2036918789,쉼표브레드,베이커리,치아바타,올리브 치아바타,1,1,0,0,,0,
2036918789,쉼표브레드,디저트,케이크,티라미수,1,1,0,0,맛있다,0,
2036918789,쉼표브레드,베이커리,빵,소세지 페스츄리,1,1,0,0,부드럽고 맛있다,0,
2036918789,쉼표브레드,베이커리,빵,무화과빵,1,1,0,0,식감이 쫀득하고 고소하다,0,
2036918789,쉼표브레드,베이커리,빵,마늘빵,1,1,0,0,좋아하다,0,
2036918789,쉼표브레드,베이커리,마들렌,마들렌,1,1,0,0,,0,
2050250795,감성커피(신림우림시장점),커피,라떼,라떼,2,2,0,0,맛있다,1.2638,
2050250795,감성커피(신림우림시장점),디저트,간식,땅콩과자,1,1,0,0,고소하고 부드럽다,0,
2050250795,감성커피(신림우림시장점),커피,커피,원두,1,1,0,0,고소하다,0,
2050250795,감성커피(신림우림시장점),베이커리,빵,땅콩빵,1,1,0,0,맛있다,0,
2050250795,감성커피(신림우림시장점),디저트,간식,두바이 초콜릿 땅콩과자,1,1,0,0,맛있다,0,
2060372277,소재지,디저트,치즈케이크,치즈케이크,4,4,0,0,맛있다,7.3833,
2060372277,소재지,커피,아메리카노,아메리카노,4,4,0,0,맛있다,1.707,
2060372277,소재지,베이커리,휘낭시에,휘낭시에,1,1,0,0,시나몬향이 좋고 바삭쫀득하다,0,
2060372277,소재지,디저트,치즈케이크,치즈케익,1,1,0,0,맛있다,0,
2060372277,소재지,커피,커피,디카페인,1,1,0,0,,0,
2060372277,소재지,음료,티,옥수수차,1,1,0,0,,0,
2060372277,소재지,음료,에이드,크림레몬소다,1,1,0,0,맛있다,0,
2060372277,소재지,디저트,케이크,케이크,1,1,0,0,맛있다,0,
2060372277,소재지,커피,라떼,일반 라떼,1,1,0,0,부드럽고 고소하다,0,
2060372277,소재지,디저트,간식,생크림,1,1,0,0,부드럽고 고소하다,0,
2068091364,컴포즈커피 신림녹두점,커피,라떼,고구마라떼,1,1,0,0,달달하고 구수하다,0,
2068091364,컴포즈커피 신림녹두점,커피,아메리카노,아이스아메리카노,1,1,0,0,얼음이 많다,0,
2068091364,컴포즈커피 신림녹두점,음료,음료,망고 스무디,1,1,0,0,맛있다,0,
2068091364,컴포즈커피 신림녹두점,디저트,치즈케이크,치즈케이크,1,1,0,0,맛있다,0,
20735237,할리스 신림점,디저트,케이크,바닐라딜라이트,4,3,0,1,맛있다,13.6616,
20735237,할리스 신림점,커피,라떼,딸기치즈케익할리치노,2,1,0,1,맛있다,0,
20735237,할리스 신림점,베이커리,빵,옥수수빵,2,0,2,0,작다,0,Y
20735237,할리스 신림점,디저트,치즈케이크,치즈케이크,2,1,1,0,맛있다,0,
20735237,할리스 신림점,음료,티,버블티,2,1,1,0,맛있다,0,
20735237,할리스 신림점,커피,아메리카노,아메리카노,2,0,0,2,,0,
20735237,할리스 신림점,베이커리,빵,에그마요 소금빵,1,1,0,0,맛있다,0,
20735237,할리스 신림점,디저트,간식,춘식이 치즈 브륄레 고구마,1,1,0,0,맛있다,0,
20735237,할리스 신림점,푸드,간식,치즈,1,1,0,0,맛있다,0,
20735237,할리스 신림점,푸드,간식,고구마,1,1,0,0,맛있다,0,
20735237,할리스 신림점,술,술,뱅쇼,1,0,0,1,,0,
20735237,할리스 신림점,음료,주스,오렌지 자몽 생과일 주스,1,1,0,0,,0,
20735237,할리스 신림점,푸드,샌드위치,올리브베이컨 파니니,1,0,0,1,,0,
20735237,할리스 신림점,베이커리,간식,말차크림카스텔라,1,0,0,1,,0,
20735237,할리스 신림점,베이커리,빵,치즈에그브리오슈,1,1,0,0,맛있다,0,
20735237,할리스 신림점,커피,커피,블랙아리아,1,1,0,0,맛있다,0,
20735237,할리스 신림점,커피,프라푸치노,망고코코할리치노,1,0,0,1,,0,
20735237,할리스 신림점,커피,샷,에스프레소샷,1,0,0,1,,0,
20735237,할리스 신림점,음료,음료,딸기유자스파클링,1,0,0,1,,0,
20735237,할리스 신림점,커피,샷,에스프레소 샷,1,0,0,1,,0,
20735237,할리스 신림점,커피,아메리카노,몬스터아메리카노,1,0,0,1,,0,
20735237,할리스 신림점,베이커리,빵,에그마요소금빵,1,0,1,0,작다,0,
20735237,할리스 신림점,푸드,간식,수플레 오믈렛 라이스,1,0,0,1,,0,
20735237,할리스 신림점,커피,에스프레소,에스프레소,1,1,0,0,향이 진하고 맛이 깔끔하다,0,
20735237,할리스 신림점,디저트,케이크,케잌,1,1,0,0,맛있다,0,
20735237,할리스 신림점,커피,라떼,돌체라떼,1,0,0,1,,0,
20735237,할리스 신림점,푸드,소스,딸기잼,1,0,0,1,,0,
20735237,할리스 신림점,음료,티,티,1,1,0,0,,0,
20735237,할리스 신림점,음료,티,핑크파인 캐모마일티,1,0,0,1,,0,
20735237,할리스 신림점,음료,티,핑크파인캐모마일티,1,1,0,0,맛있다,0,
20735237,할리스 신림점,커피,라떼,라떼,1,0,0,1,,0,
20735237,할리스 신림점,푸드,스프,트러플머쉬룸수프볼,1,1,0,0,맛있다,0,
20735237,할리스 신림점,커피,라떼,딸기라떼,1,0,1,0,,0,
20735237,할리스 신림점,커피,라떼,할리스라떼,1,0,0,1,,0,
20735237,할리스 신림점,디저트,케이크,바닐라딜라이트 케이크,1,1,0,0,맛있다,0,
20735237,할리스 신림점,커피,커피,디카페인,1,1,0,0,맛있다,0,
20735237,할리스 신림점,디저트,케이크,보늬밤 케이크,1,1,0,0,맛있다,0,
20735237,할리스 신림점,음료,음료,피치 딸기 크러쉬,1,1,0,0,맛있다,0,
20735237,할리스 신림점,디저트,빙수,애플망고 치즈케이크 빙수,1,1,0,0,달달하고 시원하다,0,
20735237,할리스 신림점,베이커리,휘낭시에,휘낭시에,1,1,0,0,촉촉하고 부드럽다,0,
20735237,할리스 신림점,푸드,푸드,할리스 홈트세트,1,1,0,0,,0,
2078841652,비행커피,베이커리,와플,와플,14,13,1,0,맛있다,24.8276,
2078841652,비행커피,푸드,샌드위치,맛살샌드위치,2,2,0,0,한끼 식사로 적당하다,10.494,
2078841652,비행커피,푸드,샌드위치,샌드위치,3,3,0,0,속이 꽉 차다,4.8283,
2078841652,비행커피,디저트,간식,생크림,2,2,0,0,쫀득하고 달달하다,4.8276,
2078841652,비행커피,커피,아메리카노,아메리카노,5,5,0,0,맛있다,2.1337,
2078841652,비행커피,푸드,간식,떡볶이,2,1,0,1,맛있다,0,
2078841652,비행커피,푸드,간식,치즈,2,1,0,1,양이 많다,0,
2078841652,비행커피,베이커리,와플,초코바나나 와플,1,0,0,1,,0,
2078841652,비행커피,푸드,토스트,콘치즈 토스트,1,0,0,1,,0,
2078841652,비행커피,베이커리,빵,크로칸슈,1,0,1,0,차갑고 으깨지고 냉동 맛이 난다,0,
2078841652,비행커피,음료,음료,골드메달,1,0,0,1,,0,
2078841652,비행커피,음료,주스,토마토 주스,1,1,0,0,맛있다,0,
2078841652,비행커피,푸드,토스트,토스트,1,0,1,0,덜 익고 짜다,0,
2078841652,비행커피,베이커리,와플,누텔라와플,1,1,0,0,입맛에 맞다,0,
2078841652,비행커피,베이커리,와플,누텔라바나나와플,1,1,0,0,든든하다,0,
2078841652,비행커피,음료,주스,수박주스,1,1,0,0,,0,
2078841652,비행커피,음료,주스,토마토주스,1,1,0,0,,0,
2095673682,워킹카우,디저트,간식,고구마브륄레,1,1,0,0,맛있다,0,
2095673682,워킹카우,커피,커피,드립커피,1,1,0,0,맛있다,0,
2095673682,워킹카우,디저트,간식,카우쿠키,1,1,0,0,귀엽다,0,
2095673682,워킹카우,커피,커피,오렌지아인슈패너,1,1,0,0,맛있다,0,
2095673682,워킹카우,디저트,케이크,고구마케이크,1,1,0,0,맛있다,0,
2095673682,워킹카우,커피,커피,콜드브루,1,1,0,0,맛있다,0,
2095673682,워킹카우,커피,라떼,딸기라떼,1,1,0,0,맛있다,0,
21016946,엔제리너스 구로디지털역점,푸드,샌드위치,반미 샌드위치,2,2,0,0,바삭하고 맛있다,10.494,
21016946,엔제리너스 구로디지털역점,베이커리,스콘,크림치즈스콘,2,2,0,0,부드럽다,10.494,
21016946,엔제리너스 구로디지털역점,푸드,샌드위치,반미샌드위치,3,2,0,1,맛있다,9.1078,
21016946,엔제리너스 구로디지털역점,푸드,간식,불고기반미,2,2,0,0,푸짐하다,9.1078,
21016946,엔제리너스 구로디지털역점,푸드,샌드위치,반미세트,2,2,0,0,맛있다,9.1078,
21016946,엔제리너스 구로디지털역점,디저트,케이크,조각케익,2,2,0,0,맛있다,8.2968,
21016946,엔제리너스 구로디지털역점,푸드,핫도그,핫도그,2,2,0,0,,6.9105,
21016946,엔제리너스 구로디지털역점,베이커리,빵,베이글,2,2,0,0,맛있다,4.8276,
21016946,엔제리너스 구로디지털역점,디저트,케이크,케익,2,2,0,0,좋다,4.0563,
21016946,엔제리너스 구로디지털역점,커피,라떼,아이스라떼,2,2,0,0,,3.9024,
21016946,엔제리너스 구로디지털역점,푸드,샌드위치,샌드위치,2,2,0,0,맛있다,3.2189,
21016946,엔제리너스 구로디지털역점,커피,아메리카노,아메리카노,4,4,0,0,맛있다,1.707,
21016946,엔제리너스 구로디지털역점,커피,라떼,라떼,2,2,0,0,맛있다,1.2638,
21016946,엔제리너스 구로디지털역점,푸드,샌드위치,반미,7,4,3,0,맛있다,0,
21016946,엔제리너스 구로디지털역점,커피,아메리카노,아이스아메리카노,2,0,0,2,,0,
21016946,엔제리너스 구로디지털역점,디저트,케이크,케이크,2,1,1,0,퍼석퍼석하다,0,
21016946,엔제리너스 구로디지털역점,푸드,간식,에그마요,2,0,1,1,흘러서 불편하다,0,
21016946,엔제리너스 구로디지털역점,커피,라떼,바닐라라떼,1,1,0,0,맛있다,0,
21016946,엔제리너스 구로디지털역점,푸드,핫도그,뉴욕핫도그,1,1,0,0,맛있다,0,
21016946,엔제리너스 구로디지털역점,커피,라떼,말차라떼,1,1,0,0,맛있다,0,
21016946,엔제리너스 구로디지털역점,음료,음료,고흥유자 아이스,1,1,0,0,맛있다,0,
21016946,엔제리너스 구로디지털역점,음료,음료,허니레몬,1,0,1,0,달다,0,
21016946,엔제리너스 구로디지털역점,음료,음료,설탕,1,0,1,0,많이 들어갔다,0,
21016946,엔제리너스 구로디지털역점,디저트,케이크,고구마 케이크,1,1,0,0,맛있다,0,
21016946,엔제리너스 구로디지털역점,디저트,간식,너티밀바IR,1,0,0,1,,0,
21016946,엔제리너스 구로디지털역점,음료,음료,아이스샤인머스캣청,1,1,0,0,,0,
21016946,엔제리너스 구로디지털역점,커피,라떼,레드빈라떼,1,1,0,0,맛있다,0,
21016946,엔제리너스 구로디지털역점,푸드,토스트,햄 치즈 토스트,1,0,0,1,,0,
21016946,엔제리너스 구로디지털역점,베이커리,빵,옥수수방울 빵,1,0,1,0,,0,
21016946,엔제리너스 구로디지털역점,음료,음료,딱복,1,1,0,0,,0,
21016946,엔제리너스 구로디지털역점,푸드,간식,불고기 반미 샌드위치 토핑,1,1,0,0,양이 많다,0,
21016946,엔제리너스 구로디지털역점,음료,티,레몬티,1,0,1,0,싱겁다,0,
21016946,엔제리너스 구로디지털역점,베이커리,빵,앙버터,1,1,0,0,맛있다,0,
21016946,엔제리너스 구로디지털역점,커피,라떼,아이스카페라떼,1,1,0,0,고소하다,0,
21016946,엔제리너스 구로디지털역점,베이커리,빵,바게트,1,1,0,0,부드럽다,0,
21016946,엔제리너스 구로디지털역점,푸드,간식,바질토마토,1,1,0,0,맛있다,0,
21016946,엔제리너스 구로디지털역점,커피,커피,디카페인,1,0,0,1,,0,
21016946,엔제리너스 구로디지털역점,커피,프라푸치노,자바프라프치노,1,0,0,1,,0,
21016946,엔제리너스 구로디지털역점,디저트,케이크,티그레,1,1,0,0,겉은 바삭하고 속은 촉촉하다,0,
21016946,엔제리너스 구로디지털역점,커피,라떼,밤라떼,1,1,0,0,맛있다,0,
21016946,엔제리너스 구로디지털역점,음료,티,차,1,0,1,0,비싸다,0,
21016946,엔제리너스 구로디지털역점,디저트,케이크,고구마케익,1,1,0,0,맛있다,0,
21016946,엔제리너스 구로디지털역점,푸드,간식,바질새우,1,0,1,0,비리다,0,
21016946,엔제리너스 구로디지털역점,음료,과일,생오이,1,0,1,0,비리다,0,
21016946,엔제리너스 구로디지털역점,푸드,간식,칵테일새우,1,0,1,0,비리다,0,
21016946,엔제리너스 구로디지털역점,커피,아메리카노,너티아이스아메리카노,1,0,0,1,,0,
31259521,커피브라운,커피,라떼,브라운라떼,1,1,0,0,맛있다,0,
31259521,커피브라운,커피,아메리카노,아이스아메리카노,1,0,0,1,,0,
31259521,커피브라운,음료,음료,오곡쉐이크,1,1,0,0,,0,
31259521,커피브라운,커피,라떼,라떼,1,0,0,1,,0,
323723978,탐앤탐스 삼모타워 신림역점,베이커리,빵,프레즐,5,4,1,0,맛있다,15.7411,
323723978,탐앤탐스 삼모타워 신림역점,음료,에이드,자몽에이드,2,2,0,0,맛있다,3.9779,
323723978,탐앤탐스 삼모타워 신림역점,커피,아메리카노,아메리카노,4,2,1,1,연하다,0.4267,
323723978,탐앤탐스 삼모타워 신림역점,커피,아메리카노,아이스아메리카노,3,1,0,2,좋다,0,
323723978,탐앤탐스 삼모타워 신림역점,커피,라떼,카페라떼,2,1,1,0,맛이 없다,0,
323723978,탐앤탐스 삼모타워 신림역점,디저트,빙수,망고빙수,2,1,0,1,맛있다,0,
323723978,탐앤탐스 삼모타워 신림역점,음료,주스,수박주스,2,1,1,0,맛이 밍밍하다,0,
323723978,탐앤탐스 삼모타워 신림역점,베이커리,빵,프렛즐,1,0,0,1,,0,
323723978,탐앤탐스 삼모타워 신림역점,음료,티,쌍화차,1,0,0,1,,0,
323723978,탐앤탐스 삼모타워 신림역점,음료,주스,수박쥬스,1,0,0,1,,0,
323723978,탐앤탐스 삼모타워 신림역점,베이커리,빵,허니버터브레드,1,1,0,0,입에서 살살 녹는다,0,
323723978,탐앤탐스 삼모타워 신림역점,디저트,간식,휘핑 크림,1,1,0,0,부드럽다,0,
323723978,탐앤탐스 삼모타워 신림역점,베이커리,빵,허니브레드,1,1,0,0,맛있다,0,
323723978,탐앤탐스 삼모타워 신림역점,음료,티,레몬생강차,1,0,1,0,싱겁다,0,
323723978,탐앤탐스 삼모타워 신림역점,음료,티,레몬차,1,1,0,0,진하다,0,
323723978,탐앤탐스 삼모타워 신림역점,커피,커피,탐앤탐스,1,1,0,0,맛있다,0,
323723978,탐앤탐스 삼모타워 신림역점,음료,티,레몬허니티,1,0,0,1,,0,
323723978,탐앤탐스 삼모타워 신림역점,베이커리,빵,갈릭버터브레드,1,0,0,1,,0,
323723978,탐앤탐스 삼모타워 신림역점,음료,티,페퍼민트티,1,0,0,1,,0,
323723978,탐앤탐스 삼모타워 신림역점,푸드,간식,치즈,1,1,0,0,맛있다,0,
323723978,탐앤탐스 삼모타워 신림역점,디저트,간식,민트초코,1,0,0,1,,0,
323723978,탐앤탐스 삼모타워 신림역점,음료,음료,멜론스무디,1,1,0,0,맛있다,0,
323723978,탐앤탐스 삼모타워 신림역점,음료,티,허니자몽 얼그레이,1,1,0,0,맛있다,0,
323723978,탐앤탐스 삼모타워 신림역점,베이커리,빵,콘프레즐,1,1,0,0,맛있다,0,
323723978,탐앤탐스 삼모타워 신림역점,디저트,빙수,초코쿠키빙수,1,1,0,0,,0,
323723978,탐앤탐스 삼모타워 신림역점,음료,주스,사과주스,1,1,0,0,,0,
323723978,탐앤탐스 삼모타워 신림역점,음료,주스,오렌지자몽 클린쥬스,1,1,0,0,맛있다,0,
323723978,탐앤탐스 삼모타워 신림역점,음료,주스,당근사과주스,1,1,0,0,,0,
323723978,탐앤탐스 삼모타워 신림역점,커피,라떼,라떼,1,0,1,0,성의 없이 만들다,0,
323723978,탐앤탐스 삼모타워 신림역점,베이커리,빵,프레첼,1,1,0,0,맛있다,0,
323723978,탐앤탐스 삼모타워 신림역점,푸드,소스,갈릭소스,1,1,0,0,맛있다,0,
323723978,탐앤탐스 삼모타워 신림역점,커피,라떼,딸기라떼,1,1,0,0,맛있다,0,
323723978,탐앤탐스 삼모타워 신림역점,커피,에스프레소,에스프레소,1,0,1,0,,0,
323723978,탐앤탐스 삼모타워 신림역점,베이커리,빵,고구마 프레첼,1,1,0,0,맛있다,0,
323723978,탐앤탐스 삼모타워 신림역점,디저트,치즈케이크,퐁신퐁신치즈,1,1,0,0,많다,0,
323723978,탐앤탐스 삼모타워 신림역점,디저트,케이크,쇼콜라케이크,1,1,0,0,진하다,0,
33752525,파스쿠찌 센트로서울대점,디저트,간식,젤라또,5,4,1,0,맛있다,9.9033,
33752525,파스쿠찌 센트로서울대점,푸드,파니니,파니니,2,2,0,0,맛있다,6.9105,
33752525,파스쿠찌 센트로서울대점,푸드,샌드위치,샌드위치,7,4,0,3,맛있다,6.4378,
33752525,파스쿠찌 센트로서울대점,커피,라떼,라떼,2,2,0,0,맛있다,1.2638,
33752525,파스쿠찌 센트로서울대점,커피,아메리카노,아메리카노,2,2,0,0,맛있다,0.8535,
33752525,파스쿠찌 센트로서울대점,커피,아메리카노,아이스아메리카노,2,0,0,2,,0,
33752525,파스쿠찌 센트로서울대점,디저트,케이크,초코케이크,2,1,1,0,맛이 별로다,0,
33752525,파스쿠찌 센트로서울대점,커피,커피,디카페인,2,1,1,0,,0,
33752525,파스쿠찌 센트로서울대점,커피,에스프레소,에스프레소 세트,2,1,0,1,깜찍하고 맛있다,0,
33752525,파스쿠찌 센트로서울대점,디저트,케이크,케이크,2,1,1,0,예쁘고 맛있다,0,
33752525,파스쿠찌 센트로서울대점,푸드,간식,모짜렐라볼,2,1,1,0,짜다,0,
33752525,파스쿠찌 센트로서울대점,푸드,파니니,햄치즈루꼴라파니니,1,0,0,1,,0,
33752525,파스쿠찌 센트로서울대점,커피,아메리카노,핫아,1,0,0,1,,0,
33752525,파스쿠찌 센트로서울대점,푸드,파니니,파스쿠치 파니니,1,1,0,0,맛있다,0,
33752525,파스쿠찌 센트로서울대점,푸드,간식,브런치 플레이트,1,1,0,0,,0,
33752525,파스쿠찌 센트로서울대점,푸드,간식,에그멜팅 불고기,1,1,0,0,맛있다,0,
33752525,파스쿠찌 센트로서울대점,디저트,케이크,오마이초코 조각 케이크,1,0,0,1,,0,
33752525,파스쿠찌 센트로서울대점,푸드,샐러드,야채뷔페,1,0,0,1,,0,
33752525,파스쿠찌 센트로서울대점,커피,라떼,카페라떼,1,1,0,0,편하다,0,
33752525,파스쿠찌 센트로서울대점,커피,에스프레소,에스프레소 스트라파짜토,1,0,0,1,,0,
33752525,파스쿠찌 센트로서울대점,디저트,케이크,얼그레이 케이크,1,1,0,0,달고 맛있다,0,
33752525,파스쿠찌 센트로서울대점,커피,에스프레소,에스프레소아포가또,1,1,0,0,,0,
33752525,파스쿠찌 센트로서울대점,푸드,푸드,햄치즈루꼴라브런치,1,1,0,0,알차고 맛있다,0,
33752525,파스쿠찌 센트로서울대점,커피,에스프레소,에스프레소 플레이트,1,1,0,0,예쁘고 맛있다,0,
33752525,파스쿠찌 센트로서울대점,커피,에스프레소,아포가토,1,0,0,1,,0,
33752525,파스쿠찌 센트로서울대점,디저트,케이크,케익,1,1,0,0,크다,0,
33752525,파스쿠찌 센트로서울대점,디저트,케이크,티라미수,1,1,0,0,맛있다,0,
33752525,파스쿠찌 센트로서울대점,디저트,케이크,블루베리 요거트 케이크,1,1,0,0,맛있다,0,
33752525,파스쿠찌 센트로서울대점,음료,음료,수박 그라니따,1,1,0,0,맛있다,0,
33752525,파스쿠찌 센트로서울대점,커피,커피,콘파냐,1,0,1,0,,0,
33752525,파스쿠찌 센트로서울대점,푸드,푸드,잠봉멀티그레인루,1,0,0,1,,0,
33752525,파스쿠찌 센트로서울대점,커피,라떼,흑임자라떼,1,0,0,1,,0,
33752525,파스쿠찌 센트로서울대점,커피,라떼,카페모카,1,0,0,1,,0,
33752525,파스쿠찌 센트로서울대점,디저트,케이크,고구마케이크,1,1,0,0,맛있다,0,
33752525,파스쿠찌 센트로서울대점,음료,음료,카카오골드,1,1,0,0,찐한 맛이다,0,
33752525,파스쿠찌 센트로서울대점,디저트,간식,초코,1,1,0,0,찐한 맛이다,0,
33752525,파스쿠찌 센트로서울대점,디저트,간식,딸기 젤라또,1,1,0,0,색이 진하고 맛있다,0,
33752525,파스쿠찌 센트로서울대점,커피,샷,샷추가,1,0,0,1,,0,
33752525,파스쿠찌 센트로서울대점,음료,음료,스트로베리 핫쵸코,1,1,0,0,,0,
33752525,파스쿠찌 센트로서울대점,음료,음료,라즈베리 핫초코,1,1,0,0,,0,
33752525,파스쿠찌 센트로서울대점,음료,음료,딸기맛 초코,1,1,0,0,,0,
33752525,파스쿠찌 센트로서울대점,음료,티,체리윈터드림티,1,1,0,0,맛있다,0,
33752525,파스쿠찌 센트로서울대점,커피,커피,카푸치노,1,1,0,0,맛있다,0,
33752525,파스쿠찌 센트로서울대점,커피,커피,파스쿠치,1,0,0,1,,0,
33752525,파스쿠찌 센트로서울대점,커피,라떼,파스쿠찌라떼,1,1,0,0,맛있다,0,
33752525,파스쿠찌 센트로서울대점,푸드,간식,헤이오트,1,1,0,0,맛있다,0,
33752525,파스쿠찌 센트로서울대점,커피,라떼,바닐라라떼,1,1,0,0,맛있다,0,
33752525,파스쿠찌 센트로서울대점,음료,음료,복숭아 그라니따,1,1,0,0,맛있다,0,
33752525,파스쿠찌 센트로서울대점,디저트,케이크,카사타 티라미수,1,1,0,0,부드럽고 촉촉하다,0,
33752525,파스쿠찌 센트로서울대점,커피,라떼,오트라떼,1,1,0,0,달다,0,
33752525,파스쿠찌 센트로서울대점,커피,라떼,토피넛라떼,1,1,0,0,,0,
33752525,파스쿠찌 센트로서울대점,베이커리,빵,베이글,1,0,0,1,,0,
33752525,파스쿠찌 센트로서울대점,베이커리,소스,크림치즈,1,0,0,1,,0,
36476370,아마스빈버블티,음료,티,버블티,17,11,0,6,맛있다,38.0079,
36476370,아마스빈버블티,푸드,간식,펄,6,5,0,1,맛있다,20.7421,
36476370,아마스빈버블티,음료,음료,오레오쉐이크,4,3,0,1,맛있다,13.6616,
36476370,아마스빈버블티,음료,밀크티,초코버블티,2,2,0,0,맛있다,10.494,
36476370,아마스빈버블티,커피,아메리카노,아이스아메리카노,3,2,0,1,고소하고 맛있다,1.3241,
36476370,아마스빈버블티,음료,간식,타피오카펄,2,1,1,0,쫄깃하고 맛있다,0,
36476370,아마스빈버블티,음료,음료,알로에펄,2,1,1,0,맛있다,0,
36476370,아마스빈버블티,음료,스무디,복숭아 요거트스무디,2,0,1,1,,0,
36476370,아마스빈버블티,음료,티,흑당버블티,1,1,0,0,맛있고 포장이 깔끔하다,0,
36476370,아마스빈버블티,디저트,빙수,팥빙수컵,1,0,1,0,별로다,0,
36476370,아마스빈버블티,음료,주스,수박주스,1,0,1,0,달다,0,
36476370,아마스빈버블티,음료,스무디,오레오 스무디 화이트,1,0,0,1,,0,
36476370,아마스빈버블티,음료,음료,딸기 코코넛,1,1,0,0,맛있다,0,
36476370,아마스빈버블티,음료,음료,녹차,1,1,0,0,맛이 진하다,0,
36476370,아마스빈버블티,음료,음료,녹차쉐이크,1,1,0,0,,0,
36476370,아마스빈버블티,음료,티,아마스빈초코버블티,1,0,1,0,,0,
36476370,아마스빈버블티,음료,음료,곤약펄,1,0,1,0,,0,
36476370,아마스빈버블티,음료,밀크티,얼그레이 밀크티,1,0,0,1,,0,
36476370,아마스빈버블티,음료,에이드,버블자몽에이드,1,1,0,0,맛있다,0,
36476370,아마스빈버블티,음료,음료,딸기요거트버블,1,0,1,0,맛이 묽고 이쉬웠다,0,
36476370,아마스빈버블티,푸드,과일,생딸기,1,0,0,1,,0,
36476370,아마스빈버블티,푸드,소스,딸기청,1,0,0,1,,0,
36476370,아마스빈버블티,음료,음료,고구마 버블티,1,0,0,1,,0,
36476370,아마스빈버블티,음료,스무디,점보요거스트로베리스무디,1,0,0,1,,0,
36476370,아마스빈버블티,음료,티,얼그레이,1,0,1,0,입맛에 맞지 않다,0,
36476370,아마스빈버블티,음료,밀크커피,아쌈밀크티,1,0,1,0,입맛에 맞지 않다,0,
36476370,아마스빈버블티,디저트,간식,녹차오레오,1,1,0,0,맛있다,0,
36476370,아마스빈버블티,디저트,간식,녹차 오레오,1,0,0,1,,0,
36476370,아마스빈버블티,디저트,케이크,하동녹차 오레오,1,0,0,1,,0,
36476370,아마스빈버블티,음료,음료,쉐이크,1,1,0,0,맛있다,0,
36476370,아마스빈버블티,음료,음료,버블쉐이크,1,1,0,0,,0,
36476370,아마스빈버블티,음료,음료,오레오초코쉐이크,1,1,0,0,,0,
36476370,아마스빈버블티,디저트,치즈케이크,신상봄딸기 치즈큐브,1,1,0,0,,0,
36476370,아마스빈버블티,음료,음료,라스베리 소다,1,1,0,0,,0,
36476370,아마스빈버블티,음료,음료,코코펄,1,1,0,0,배부르다,0,
36476370,아마스빈버블티,음료,음료,복숭아요거트,1,1,0,0,배부르다,0,
36476370,아마스빈버블티,음료,스무디,애플망고스무디,1,0,0,1,,0,
36476370,아마스빈버블티,음료,에이드,레자몽에이드,1,1,0,0,상큼하다,0,
36476370,아마스빈버블티,커피,커피,아마스빈,1,1,0,0,맛있다,0,
36782594,미남커피,베이커리,머핀,머핀,5,4,0,1,먹을만하다,15.4429,
36782594,미남커피,베이커리,빵,소금빵,7,6,0,1,맛있다,14.1399,
36782594,미남커피,베이커리,머핀,치즈머핀,2,2,0,0,먹을만하다,10.494,
36782594,미남커피,음료,티,자몽차,2,2,0,0,맛있다,7.7215,
36782594,미남커피,커피,라떼,라떼,3,3,0,0,맛있다,1.8957,
36782594,미남커피,커피,아메리카노,아메리카노,3,0,0,3,무난하다,0,
36782594,미남커피,커피,라떼,토피넛라떼,2,1,1,0,찐하지 않다,0,
36782594,미남커피,커피,라떼,아이스카페라떼,1,0,0,1,,0,
36782594,미남커피,음료,티,자몽아이스차,1,1,0,0,,0,
36782594,미남커피,커피,라떼,아이스라떼,1,1,0,0,,0,
36782594,미남커피,음료,에이드,자몽에이드,1,1,0,0,맛있다,0,
36782594,미남커피,커피,라떼,초코라떼,1,1,0,0,맛있다,0,
36782594,미남커피,푸드,샌드위치,샌드위치,1,0,0,1,,0,
36782594,미남커피,디저트,간식,쿠키,1,0,1,0,,0,
36782594,미남커피,커피,커피,디카페인,1,1,0,0,맛있다,0,
36782594,미남커피,음료,티,아이스유자차,1,0,1,0,맛이 없다,0,
36782594,미남커피,커피,라떼,코코넛라떼,1,1,0,0,맛있다,0,
36782594,미남커피,음료,티,아이스티,1,1,0,0,맛있다,0,
36782594,미남커피,커피,에스프레소,아포가토,1,1,0,0,맛있다,0,
36782594,미남커피,디저트,마카롱,마카롱,1,1,0,0,맛있다,0,
36782594,미남커피,커피,아메리카노,아이스아메리카노,1,0,1,0,맛있다,0,
36782594,미남커피,음료,티,유자차,1,1,0,0,맛있다,0,
36782594,미남커피,커피,라떼,카페라떼,1,1,0,0,맛있다,0,
36782594,미남커피,커피,프라푸치노,코코넛커피프라페,1,1,0,0,맛있다,0,
36782594,미남커피,커피,라떼,그린티라떼,1,0,1,0,,0,
36782594,미남커피,음료,음료,아포카도,1,0,1,0,별로다,0,
36935851,걸작커피,커피,아메리카노,아이스아메리카노,2,1,0,1,,0,
36935851,걸작커피,음료,에이드,자몽에이드,1,1,0,0,맛있다,0,
36935851,걸작커피,푸드,토스트,토스트,1,1,0,0,맛있다,0,
36935851,걸작커피,디저트,케이크,로투스케이크,1,1,0,0,조용하고 편안하다,0,
36935851,걸작커피,커피,라떼,아이스라떼,1,1,0,0,조합이 잘 어울리다,0,
36935851,걸작커피,음료,티,유자차,1,1,0,0,맛있다,0,
36935851,걸작커피,커피,라떼,연유라떼,1,1,0,0,깔끔하다,0,
36935851,걸작커피,커피,라떼,딸기라떼,1,1,0,0,진하고 달다,0,
36935851,걸작커피,커피,라떼,지니라떼,1,1,0,0,,0,
36935851,걸작커피,커피,아메리카노,아메리카노,1,0,0,1,,0,
36935851,걸작커피,베이커리,마들렌,마들렌,1,0,0,1,,0,
36935851,걸작커피,디저트,간식,쿠키,1,0,0,1,,0,
36935851,걸작커피,베이커리,파이,호두파이,1,0,1,0,,0,
37057223,마티스커피,디저트,치즈케이크,바스크치즈케이크,8,8,0,0,맛있다,22.793,
37057223,마티스커피,커피,커피,드립커피,8,7,0,1,맛있다,22.1731,
37057223,마티스커피,디저트,간식,파르페,7,5,1,1,맛있다,18.2155,
37057223,마티스커피,디저트,치즈케이크,치즈케이크,6,6,0,0,맛있다,11.075,
37057223,마티스커피,커피,커피,핸드드립커피,3,3,0,0,맛있다,10.9128,
37057223,마티스커피,디저트,빙수,녹차빙수,2,2,0,0,플레이팅에 센스가 있다,10.494,
37057223,마티스커피,커피,커피,핸드드립,6,3,0,3,,9.9033,
37057223,마티스커피,커피,커피,케냐,2,2,0,0,,8.2968,
37057223,마티스커피,커피,커피,핸드드립 커피,2,2,0,0,맛있다,7.7215,
37057223,마티스커피,디저트,케이크,케이크,9,6,1,2,맛있다,6.3837,
37057223,마티스커피,커피,커피,디카페인,3,2,0,1,맛있다,2.7938,
37057223,마티스커피,커피,라떼,라떼,3,3,0,0,진하고 구수하다,1.8957,
37057223,마티스커피,커피,아메리카노,아메리카노,5,4,1,0,맛있다,1.2802,
37057223,마티스커피,베이커리,와플,와플,4,2,2,0,맛있다,0,
37057223,마티스커피,커피,커피,원두,2,1,0,1,종류가 다양하다,0,
37057223,마티스커피,디저트,케이크,퐁당초코숲,1,1,0,0,맛이 나쁘지 않다,0,
37057223,마티스커피,음료,음료,녹차,1,1,0,0,,0,
37057223,마티스커피,디저트,간식,초코아이스크림,1,1,0,0,,0,
37057223,마티스커피,베이커리,간식,베이킹,1,1,0,0,,0,
37057223,마티스커피,푸드,간식,빽순대,1,1,0,0,,0,
37057223,마티스커피,커피,커피,콜롬비아커피,1,1,0,0,,0,
37057223,마티스커피,커피,커피,베트남 커피,1,1,0,0,,0,
37057223,마티스커피,커피,커피,핸드드립 케냐,1,0,0,1,,0,
37057223,마티스커피,디저트,치즈케이크,말차바스크치즈케익,1,1,0,0,,0,
37057223,마티스커피,커피,커피,콜롬비아 게이샤,1,1,0,0,맛있다,0,
37057223,마티스커피,음료,음료,체리콕,1,1,0,0,맛있다,0,
37057223,마티스커피,커피,커피,핸드드립 브라질 빈할 코코넛,1,1,0,0,맛있다,0,
37057223,마티스커피,음료,티,유자차,1,1,0,0,맛있다,0,
37057223,마티스커피,디저트,케이크,말차케익,1,0,0,1,,0,
37057223,마티스커피,커피,커피,브라질 누텔라 콜드브루,1,1,0,0,맛있다,0,
37057223,마티스커피,디저트,치즈케이크,바스크 치크 케익,1,1,0,0,,0,
37057223,마티스커피,디저트,치즈케이크,수제 바스크 치즈케이크,1,1,0,0,진하다,0,
37057223,마티스커피,커피,라떼,쪼꼬라떼,1,1,0,0,,0,
37057223,마티스커피,푸드,샌드위치,잠봉샌드위치,1,1,0,0,맛있다,0,
37057223,마티스커피,커피,커피,누텔라 콜드브루,1,1,0,0,초콜렛향이 가득하다,0,
37057223,마티스커피,푸드,푸드,잠봉뵈르,1,1,0,0,맛있다,0,
37057223,마티스커피,푸드,푸드,잠봉,1,1,0,0,맛있다,0,
37057223,마티스커피,커피,커피,마티스커피 드립백,1,1,0,0,맛있다,0,
37057223,마티스커피,디저트,간식,쿠키,1,1,0,0,맛있다,0,
37057223,마티스커피,커피,커피,에티오피아 시다마 벤사 하마쇼 워시드,1,1,0,0,,0,
37057223,마티스커피,커피,커피,에티오피아 시다마 벤사 내츄럴,1,1,0,0,,0,
37057223,마티스커피,커피,커피,드립백,1,1,0,0,,0,
37057223,마티스커피,음료,음료,오레오 쉐이크,1,1,0,0,맛있다,0,
37057223,마티스커피,커피,프라푸치노,프라페,1,1,0,0,맛있다,0,
37057223,마티스커피,커피,커피,브루잉,1,1,0,0,맛있다,0,
37057223,마티스커피,커피,커피,코스타리카 시나몬,1,1,0,0,좋다,0,
37057223,마티스커피,음료,음료,브라질 웰치스,1,1,0,0,좋다,0,
37057223,마티스커피,디저트,빙수,빙수,1,1,0,0,맛있다,0,
37057223,마티스커피,디저트,빙수,팥빙수,1,1,0,0,맛있다,0,
37057223,마티스커피,디저트,간식,아이스크림,1,1,0,0,맛있다,0,
37057223,마티스커피,커피,커피,브라질원두,1,1,0,0,,0,
37057223,마티스커피,디저트,빙수,꽃빙수,1,1,0,0,좋다,0,
37057223,마티스커피,디저트,빙수,눈꽃빙수,1,1,0,0,맛있다,0,
37057223,마티스커피,음료,소스,수제쨈,1,1,0,0,맛있다,0,
37057223,마티스커피,커피,커피,커피원액,1,0,0,1,,0,
37057223,마티스커피,커피,커피,코스타리카시나몬커피,1,1,0,0,맛이 놀랍다,0,
37057223,마티스커피,베이커리,스콘,스콘,1,1,0,0,맛이 감동적이다,0,
37057223,마티스커피,푸드,소스,딸기잼,1,1,0,0,수제이다,0,
37057223,마티스커피,커피,라떼,디카페인바닐라라떼,1,1,0,0,디카페인 특유의 맛이 나지 않는다,0,
37057223,마티스커피,커피,커피,드립,1,1,0,0,종류가 많다,0,
37057223,마티스커피,커피,커피,비엔나커피,1,1,0,0,맛있다,0,
37057223,마티스커피,푸드,샌드위치,샌드위치,1,0,1,0,맛이 밋밋하다,0,
37057223,마티스커피,커피,아메리카노,아이스아메리카노,1,0,0,1,,0,
37057223,마티스커피,푸드,과일,토마토,1,0,1,0,,0,
37057223,마티스커피,푸드,과일,양상추,1,1,0,0,많이 들어있다,0,
37057223,마티스커피,커피,커피,코스타리카 아이스,1,0,1,0,산미가 강하다,0,
37057223,마티스커피,음료,음료,체리음료,1,1,0,0,맛있다,0,
37171967,투썸플레이스 신림로점,디저트,케이크,케이크,23,16,0,7,맛있다,20.4277,
37171967,투썸플레이스 신림로점,디저트,케이크,투썸케이크,3,3,0,0,맛있다,13.6616,
37171967,투썸플레이스 신림로점,음료,주스,생딸기주스,2,2,0,0,맛있다,9.1078,
37171967,투썸플레이스 신림로점,푸드,간식,스초생,2,2,0,0,맛있다,9.1078,
37171967,투썸플레이스 신림로점,디저트,케이크,홀케이크,3,2,0,1,구매가 용이하다,8.2968,
37171967,투썸플레이스 신림로점,디저트,케이크,티라미수,4,3,0,1,맛있다,7.6169,
37171967,투썸플레이스 신림로점,디저트,케이크,조각케이크,2,2,0,0,맛있다,6.9105,
37171967,투썸플레이스 신림로점,디저트,케이크,케잌,2,2,0,0,맛있다,6.0996,
37171967,투썸플레이스 신림로점,베이커리,스콘,스콘,2,2,0,0,맛있다,4.405,
37171967,투썸플레이스 신림로점,디저트,케이크,케익,2,2,0,0,맛있다,4.0563,
37171967,투썸플레이스 신림로점,푸드,과일,딸기,4,1,2,1,싱싱하지 않다,0,Y
37171967,투썸플레이스 신림로점,디저트,간식,아이스크림,4,1,1,2,녹지 않다,0,
37171967,투썸플레이스 신림로점,술,술,뱅쇼,3,1,2,0,맛있다,0,Y
37171967,투썸플레이스 신림로점,커피,아메리카노,바나나샷아메리카노,2,0,1,1,밍밍하다,0,
37171967,투썸플레이스 신림로점,디저트,케이크,조각케잌,2,0,0,2,,0,
37171967,투썸플레이스 신림로점,커피,커피,원두,2,0,1,1,,0,
37171967,투썸플레이스 신림로점,디저트,간식,생크림,2,0,2,0,,0,Y
37171967,투썸플레이스 신림로점,음료,주스,수박주스,2,0,2,0,맛이 별로다,0,Y
37171967,투썸플레이스 신림로점,커피,라떼,바닐라라떼,2,0,0,2,,0,
37171967,투썸플레이스 신림로점,디저트,케이크,조각케익,2,1,1,0,신선하지 않다,0,
37171967,투썸플레이스 신림로점,커피,아메리카노,아이스아메리카노,2,0,1,1,,0,
37171967,투썸플레이스 신림로점,커피,라떼,초코라떼,1,0,1,0,,0,
37171967,투썸플레이스 신림로점,커피,라떼,밤라떼,1,0,1,0,우유맛이 강하다,0,
37171967,투썸플레이스 신림로점,디저트,간식,말차아박,1,1,0,0,맛있다,0,
37171967,투썸플레이스 신림로점,디저트,케이크,고구마 생크림 케이크,1,0,0,1,,0,
37171967,투썸플레이스 신림로점,디저트,가나슈,우유크림,1,0,1,0,,0,
37171967,투썸플레이스 신림로점,음료,음료,밀크티쉐이크,1,0,0,1,,0,
37171967,투썸플레이스 신림로점,음료,티,티,1,1,0,0,양이 많다,0,
37171967,투썸플레이스 신림로점,디저트,간식,투썸 디저트,1,1,0,0,맛있다,0,
37171967,투썸플레이스 신림로점,커피,프라푸치노,애플망고피치프라페,1,1,0,0,맛있다,0,
37171967,투썸플레이스 신림로점,디저트,케이크,피치케이크,1,1,0,0,맛있다,0,
37171967,투썸플레이스 신림로점,디저트,케이크,뉴욕치즈케이크,1,1,0,0,맛있다,0,
37171967,투썸플레이스 신림로점,음료,과일,애플망고,1,1,0,0,맛있다,0,
37171967,투썸플레이스 신림로점,디저트,간식,숫자초,1,1,0,0,,0,
37171967,투썸플레이스 신림로점,커피,라떼,콜드브루라떼,1,0,1,0,맛이 밍밍하다,0,
37171967,투썸플레이스 신림로점,디저트,케이크,케이크 종류,1,1,0,0,종류가 많다,0,
37171967,투썸플레이스 신림로점,디저트,간식,플레인요거트,1,0,0,1,,0,
37171967,투썸플레이스 신림로점,커피,샷,샷,1,0,1,0,,0,
37171967,투썸플레이스 신림로점,디저트,케이크,블루베리요거트케이크,1,0,1,0,,0,
37171967,투썸플레이스 신림로점,커피,커피,디카페인커피,1,1,0,0,,0,
37171967,투썸플레이스 신림로점,음료,음료,로얄밀크티쉐이크,1,1,0,0,맛있다,0,
37171967,투썸플레이스 신림로점,음료,밀크티,얼그레이밀크티쉬,1,1,0,0,커피와 잘 어울린다,0,
37171967,투썸플레이스 신림로점,디저트,케이크,초코케잌,1,1,0,0,맛있다,0,
37171967,투썸플레이스 신림로점,디저트,케이크,딸기생크림 케익,1,1,0,0,맛있다,0,
37171967,투썸플레이스 신림로점,디저트,케이크,생일케잌,1,1,0,0,,0,
37171967,투썸플레이스 신림로점,디저트,간식,떡먹는스트로베리초콜릿,1,0,0,1,,0,
37171967,투썸플레이스 신림로점,디저트,케이크,투썸 케이크,1,0,0,1,,0,
37171967,투썸플레이스 신림로점,디저트,케이크,복숭아생크림케이크,1,0,1,0,비주얼이 좋지 않다,0,
37171967,투썸플레이스 신림로점,푸드,소스,화이트스초생,1,1,0,0,맛있다,0,
37171967,투썸플레이스 신림로점,디저트,치즈케이크,치즈케이크,1,1,0,0,맛있다,0,
37171967,투썸플레이스 신림로점,음료,과일,스트로베리,1,0,1,0,,0,
37171967,투썸플레이스 신림로점,디저트,간식,초코생크림,1,0,0,1,,0,
37171967,투썸플레이스 신림로점,음료,과일,라즈베리,1,0,0,1,,0,
37171967,투썸플레이스 신림로점,디저트,케이크,오벌 티라미수,1,0,0,1,,0,
37171967,투썸플레이스 신림로점,디저트,케이크,홀 케이크,1,0,0,1,,0,
37171967,투썸플레이스 신림로점,푸드,간식,오벌,1,0,1,0,느끼하다,0,
37171967,투썸플레이스 신림로점,커피,라떼,디카페인라떼,1,0,0,1,,0,
37171967,투썸플레이스 신림로점,커피,커피,디카페인콜드브루,1,1,0,0,맛있다,0,
37171967,투썸플레이스 신림로점,음료,과일,수박,1,1,0,0,달다,0,
37171967,투썸플레이스 신림로점,디저트,케이크,생일케이크,1,0,0,1,,0,
37171967,투썸플레이스 신림로점,디저트,케이크,딸기 생크림케익,1,0,1,0,신선하지 않다,0,
37171967,투썸플레이스 신림로점,디저트,케이크,그뤼에르 치즈 무스 케이크,1,0,1,0,상태가 좋지 않다,0,
37171967,투썸플레이스 신림로점,디저트,케이크,블루베리 요거트 케이크,1,1,0,0,상태가 좋다,0,
37437869,데니스커피 남강점,커피,라떼,라떼,2,2,0,0,맛이 예술이다,1.2638,
37437869,데니스커피 남강점,커피,라떼,민트초코라떼,1,1,0,0,맛이 특별하다,0,
37437869,데니스커피 남강점,음료,티,버블티,1,1,0,0,,0,
37437869,데니스커피 남강점,음료,음료,블루베리 요거트,1,1,0,0,맛있다,0,
37437869,데니스커피 남강점,푸드,샐러드,샐러드,1,1,0,0,고퀄리티이다,0,
378139764,엔제리너스 대학점,푸드,샌드위치,반미,2,2,0,0,맛있다,9.1078,
378139764,엔제리너스 대학점,푸드,샌드위치,반미세트,2,2,0,0,맛있다,9.1078,
378139764,엔제리너스 대학점,커피,아메리카노,아메리카노,4,2,2,0,맛이 이상하다,0,
378139764,엔제리너스 대학점,커피,라떼,라떼,1,1,0,0,맛있다,0,
378139764,엔제리너스 대학점,푸드,푸드,오트,1,0,0,1,,0,
378139764,엔제리너스 대학점,푸드,샌드위치,에그마요반미,1,1,0,0,맛있다,0,
378139764,엔제리너스 대학점,커피,커피,디카페인 커피,1,1,0,0,맛있다,0,
378139764,엔제리너스 대학점,푸드,샌드위치,반미샌드위치,1,1,0,0,,0,
378139764,엔제리너스 대학점,푸드,간식,불고기반미,1,1,0,0,맛있다,0,
378139764,엔제리너스 대학점,디저트,간식,아이스크림,1,1,0,0,,0,
378139764,엔제리너스 대학점,푸드,샌드위치,에그반미샌드위치,1,1,0,0,맛있다,0,
378139764,엔제리너스 대학점,음료,음료,리얼베리 초코베리,1,0,0,1,,0,
378139764,엔제리너스 대학점,디저트,케이크,초코조각케익,1,0,0,1,,0,
378139764,엔제리너스 대학점,디저트,간식,초코베리,1,0,0,1,,0,
38299517,원브릿지,베이커리,휘낭시에,휘낭시에,11,11,0,0,맛있다,23.7158,
38299517,원브릿지,술,술,칵테일,8,7,1,0,맛있다,23.1644,
38299517,원브릿지,베이커리,크로플,크로플,12,11,0,1,맛있다,21.063,
38299517,원브릿지,베이커리,빵,호두파운드,3,3,0,0,맛있다,15.7411,
38299517,원브릿지,디저트,케이크,티라미수,5,5,0,0,촉촉하다,12.6949,
38299517,원브릿지,푸드,과일,양파,2,2,0,0,맛있다,10.494,
38299517,원브릿지,베이커리,크로플,생딸기 생크림 크로플,2,2,0,0,맛있다,10.494,
38299517,원브릿지,커피,라떼,쑥크림라떼,2,2,0,0,맛있다,10.494,
38299517,원브릿지,디저트,간식,빼빼로,2,2,0,0,맛있다,10.494,
38299517,원브릿지,디저트,케이크,블루베리케익,2,2,0,0,맛있다,10.494,
38299517,원브릿지,디저트,케이크,레몬머랭케이크,2,2,0,0,맛있다,10.494,
38299517,원브릿지,디저트,케이크,딸기케이크,3,3,0,0,달지 않다,9.1494,
38299517,원브릿지,푸드,간식,불고기,2,2,0,0,맛있다,9.1078,
38299517,원브릿지,디저트,케이크,파운드케이크,2,2,0,0,맛있다,9.1078,
38299517,원브릿지,디저트,케이크,생크림케이크,2,2,0,0,맛있다,9.1078,
38299517,원브릿지,디저트,치즈케이크,바스크치즈케이크,4,3,0,1,부드럽다,8.5474,
38299517,원브릿지,음료,밀크티,얼그레이 밀크티,2,2,0,0,맛있다,8.2968,
38299517,원브릿지,푸드,간식,치즈,3,3,0,0,맛있다,8.2864,
38299517,원브릿지,디저트,간식,초콜렛,2,2,0,0,고급스럽다,7.7215,
38299517,원브릿지,음료,티,자몽차,2,2,0,0,맛있다,7.7215,
38299517,원브릿지,음료,음료,히비스커스,2,2,0,0,잘 어울리다,7.2752,
38299517,원브릿지,디저트,케이크,케잌,2,2,0,0,맛있다,6.0996,
38299517,원브릿지,디저트,케이크,케익,4,3,0,1,맛있다,6.0844,
38299517,원브릿지,디저트,케이크,케이크,7,5,1,1,맛있다,5.1069,
38299517,원브릿지,디저트,간식,브라우니,5,3,1,1,꾸덕하다,4.9489,
38299517,원브릿지,커피,라떼,녹차라떼,2,2,0,0,맛있다,4.7133,
38299517,원브릿지,커피,라떼,초코라떼,2,2,0,0,진하다,4.5026,
38299517,원브릿지,음료,에이드,자몽에이드,2,2,0,0,맛있다,3.9779,
38299517,원브릿지,디저트,간식,아이스크림,2,2,0,0,꾸덕하다,3.327,
38299517,원브릿지,디저트,간식,쿠키,3,2,0,1,맛있다,3.2722,
38299517,원브릿지,커피,라떼,카페라떼,2,2,0,0,맛있다,2.9716,
38299517,원브릿지,커피,라떼,바닐라라떼,2,2,0,0,맛있다,2.0847,
38299517,원브릿지,커피,아메리카노,아메리카노,4,4,0,0,맛있다,1.707,
38299517,원브릿지,커피,아메리카노,아이스아메리카노,5,3,1,1,원두가 연하다,1.3241,
38299517,원브릿지,베이커리,빵,미니파운드,2,1,1,0,작다,0,
38299517,원브릿지,커피,커피,아인슈페너,2,1,0,1,맛있다,0,
38299517,원브릿지,음료,주스,키위주스,1,1,0,0,상큼하다,0,
38299517,원브릿지,디저트,치즈케이크,쑥 바스케치즈케이크,1,1,0,0,맛있다,0,
38299517,원브릿지,디저트,치즈케이크,치즈케익,1,1,0,0,맛있다,0,
38299517,원브릿지,디저트,케이크,몽블랑,1,0,0,1,,0,
38299517,원브릿지,커피,라떼,아이스크림라떼,1,1,0,0,맛있다,0,
38299517,원브릿지,디저트,케이크,약과케이크,1,1,0,0,맛있다,0,
38299517,원브릿지,디저트,간식,약과,1,1,0,0,맛있다,0,
38299517,원브릿지,디저트,간식,찐 브라우니,1,1,0,0,,0,
38299517,원브릿지,술,술,뱅쇼콜라,1,1,0,0,맛있다,0,
38299517,원브릿지,음료,티,히비스커스 허브티,1,1,0,0,끝맛이 상큼하다,0,
38299517,원브릿지,음료,티,히비스커스 허브차,1,1,0,0,끝맛이 상큼하다,0,
38299517,원브릿지,베이커리,크로플,치즈비프 크로플,1,1,0,0,간이 맞다,0,
38299517,원브릿지,푸드,소스,딸기잼,1,1,0,0,맛있다,0,
38299517,원브릿지,푸드,소스,소스,1,1,0,0,맛있다,0,
38299517,원브릿지,베이커리,크로플,치즈비츠크로플,1,1,0,0,강추하다,0,
38299517,원브릿지,베이커리,크로플,불고기크로플,1,1,0,0,맛있다,0,
38299517,원브릿지,커피,라떼,쇼콜라떼,1,1,0,0,맛있다,0,
38299517,원브릿지,베이커리,크로플,쇼콜라떼 크로플,1,1,0,0,맛있다,0,
38299517,원브릿지,베이커리,크로플,불고기 크로플,1,1,0,0,느끼하지 않다,0,
38299517,원브릿지,베이커리,크로플,브라운치즈 아이스크림 크로플,1,1,0,0,맛있다,0,
38299517,원브릿지,디저트,간식,초코스모어 쿠키,1,1,0,0,많이 달지 않다,0,
38299517,원브릿지,베이커리,빵,쑥파운드,1,1,0,0,향이 진하다,0,
38299517,원브릿지,디저트,케이크,딸기케익,1,1,0,0,맛있다,0,
38299517,원브릿지,음료,티,허브티,1,1,0,0,맛있다,0,
38299517,원브릿지,음료,티,루이보스티,1,1,0,0,맛있다,0,
38299517,원브릿지,음료,티,히비스커스 티,1,1,0,0,맛있다,0,
38299517,원브릿지,디저트,간식,초코 스모어 쿠키,1,1,0,0,맛있다,0,
38299517,원브릿지,푸드,간식,안주류,1,1,0,0,,0,
38299517,원브릿지,음료,티,허브차,1,1,0,0,맛있다,0,
38299517,원브릿지,커피,커피,더치커피,1,1,0,0,,0,
38299517,원브릿지,커피,커피,원두향,1,1,0,0,은은하게 퍼진다,0,
38299517,원브릿지,디저트,간식,수제디저트,1,1,0,0,맛있다,0,
38299517,원브릿지,음료,음료,블루베리음료,1,1,0,0,맛있다,0,
38299517,원브릿지,음료,음료,딸기우유,1,1,0,0,새콤달콤하다,0,
38299517,원브릿지,푸드,토스트,토스트,1,1,0,0,이쁘다,0,
38299517,원브릿지,커피,라떼,아이스크림 라떼,1,1,0,0,맛있다,0,
38299517,원브릿지,디저트,간식,수제 디저트,1,1,0,0,정성이 가득하다,0,
38299517,원브릿지,디저트,간식,초코 브라우니,1,1,0,0,달지 않다,0,
38299517,원브릿지,디저트,간식,초코 스모어,1,1,0,0,달지 않다,0,
38299517,원브릿지,디저트,간식,달쓰브릿지 디저트,1,1,0,0,맛있다,0,
38299517,원브릿지,푸드,간식,좌석,1,1,0,0,넓고 깔끔하다,0,
38299517,원브릿지,음료,음료,오레오쉐이크,1,1,0,0,진하다,0,
38299517,원브릿지,음료,밀크커피,로얄밀크티,1,1,0,0,맛있다,0,
38299517,원브릿지,디저트,케이크,딸기크림치즈파운드케이크,1,1,0,0,촉촉하고 상큼하다,0,
38299517,원브릿지,디저트,케이크,흑임자크림케이크,1,1,0,0,쫀득하고 부드럽다,0,
38299517,원브릿지,디저트,케이크,파운드케잌,1,1,0,0,맛있다,0,
38299517,원브릿지,디저트,케이크,레드벨벳,1,1,0,0,맛있다,0,
38299517,원브릿지,푸드,간식,나초,1,1,0,0,맛있다,0,
38299517,원브릿지,술,술,모히또,1,1,0,0,맛있다,0,
38299517,원브릿지,푸드,샐러드,카프리제,1,1,0,0,맛있다,0,
38299517,원브릿지,베이커리,크로플,브라운치즈 크로플,1,1,0,0,조화가 좋다,0,
38299517,원브릿지,푸드,간식,브리치즈구이,1,1,0,0,궁합이 좋다,0,
38299517,원브릿지,술,술,레몬첼로,1,1,0,0,궁합이 좋다,0,
38299517,원브릿지,디저트,간식,르뱅쿠키,1,1,0,0,맛있다,0,
38299517,원브릿지,디저트,간식,동물성크림,1,1,0,0,신선하다,0,
38299517,원브릿지,커피,라떼,쑥라떼,1,1,0,0,맛있다,0,
38299517,원브릿지,디저트,간식,플레인요거트,1,1,0,0,맛있다,0,
38299517,원브릿지,디저트,케이크,블루베리케잌,1,1,0,0,맛있다,0,
38299517,원브릿지,음료,에이드,레몬에이드,1,1,0,0,상큼하다,0,
38299517,원브릿지,베이커리,휘낭시에,휘낭시에 오리지날,1,1,0,0,맛있다,0,
38299517,원브릿지,베이커리,빵,쑥 파운드,1,0,0,1,,0,
38299517,원브릿지,디저트,케이크,캐잌,1,1,0,0,맛있다,0,
38299517,원브릿지,디저트,머랭,머랭쿠키,1,1,0,0,손이 간다,0,
38299517,원브릿지,푸드,과일,딸기,1,1,0,0,씹힌다,0,
38299517,원브릿지,디저트,간식,초콜릿,1,1,0,0,맛있다,0,
38299517,원브릿지,디저트,간식,달쓰브릿지,1,1,0,0,,0,
38299517,원브릿지,디저트,간식,녹차브라우니,1,0,1,0,상태가 안 좋다,0,
38299517,원브릿지,푸드,간식,호두,1,1,0,0,가득 들어있다,0,
38299517,원브릿지,디저트,가나슈,우유크림,1,1,0,0,고소하다,0,
38299517,원브릿지,디저트,머랭,레몬머랭,1,1,0,0,상큼하다,0,
38299517,원브릿지,커피,라떼,라떼,1,1,0,0,양이 많다,0,
38299517,원브릿지,커피,라떼,딸기라떼,1,1,0,0,,0,
38299517,원브릿지,커피,라떼,생딸기라떼,1,1,0,0,,0,
38299517,원브릿지,음료,음료,핫초코,1,1,0,0,,0,
38299517,원브릿지,디저트,케이크,레몬 파운드케익,1,1,0,0,,0,
38299517,원브릿지,음료,과일,생블루베리,1,1,0,0,,0,
38299517,원브릿지,커피,커피,원두,1,1,0,0,신선하다,0,
38299517,원브릿지,디저트,간식,쵸코 쿠키앤크림,1,1,0,0,,0,
38299517,원브릿지,베이커리,빵,쑥미니파운드,1,1,0,0,식감이 매력적이다,0,
38299517,원브릿지,디저트,치즈케이크,치즈케이크,1,1,0,0,,0,
38299517,원브릿지,커피,라떼,아이스라떼,1,1,0,0,,0,
38299517,원브릿지,베이커리,휘낭시에,플레인휘낭시에,1,1,0,0,,0,
38299517,원브릿지,베이커리,와플,스폐셜 와플,1,1,0,0,,0,
38457003,빽다방 신림역2호점,커피,프라푸치노,딸기빽스치노소프트,4,4,0,0,맛있다,16.5936,
38457003,빽다방 신림역2호점,음료,티,아이스티,4,4,0,0,맛있다,9.6552,
38457003,빽다방 신림역2호점,커피,프라푸치노,딸기빽스치노 소프트,2,2,0,0,양이 많다,9.1078,
38457003,빽다방 신림역2호점,음료,음료,아이스샤인머스캣청,3,3,0,0,맛있다,7.4233,
38457003,빽다방 신림역2호점,디저트,간식,아이스크림,4,3,0,1,맛있다,4.9905,
38457003,빽다방 신림역2호점,커피,라떼,바닐라라떼,5,4,0,1,맛있다,4.1693,
38457003,빽다방 신림역2호점,커피,아메리카노,아메리카노,9,2,1,6,맛있다,0.4267,
38457003,빽다방 신림역2호점,음료,스무디,스무디,3,1,0,2,맛있다,0,
38457003,빽다방 신림역2호점,음료,음료,밀크쉐이크,2,1,0,1,맛있다,0,
38457003,빽다방 신림역2호점,커피,아메리카노,아이스아메리카노,2,1,0,1,가성비가 좋다,0,
38457003,빽다방 신림역2호점,커피,라떼,아이스라떼,1,0,0,1,,0,
38457003,빽다방 신림역2호점,커피,아메리카노,헤이즐넛아메리카노,1,1,0,0,,0,
38457003,빽다방 신림역2호점,디저트,마카롱,마카롱,1,1,0,0,,0,
38457003,빽다방 신림역2호점,커피,샷,아망샷추,1,1,0,0,맛있다,0,
38457003,빽다방 신림역2호점,음료,음료,식혜,1,1,0,0,맛있다,0,
38457003,빽다방 신림역2호점,푸드,푸드,저당 아바라,1,0,1,0,,0,
38457003,빽다방 신림역2호점,커피,커피,바나나커피쉐이크,1,0,1,0,,0,
38457003,빽다방 신림역2호점,음료,주스,토마토주스,1,1,0,0,맛있다,0,
38457003,빽다방 신림역2호점,푸드,과일,딸기,1,1,0,0,맛있다,0,
38457003,빽다방 신림역2호점,음료,주스,수박쥬스,1,1,0,0,맛있다,0,
38457003,빽다방 신림역2호점,커피,프라푸치노,퐁당치노,1,1,0,0,맛있다,0,
38457003,빽다방 신림역2호점,음료,주스,포도쥬스,1,1,0,0,,0,
38457003,빽다방 신림역2호점,음료,에이드,크림소다,1,1,0,0,괜찮다,0,
38457003,빽다방 신림역2호점,음료,주스,우리포도주스,1,1,0,0,맛있다,0,
38457003,빽다방 신림역2호점,커피,라떼,토피넛라떼,1,1,0,0,맛있다,0,
38457003,빽다방 신림역2호점,음료,주스,한정판 포도쥬스,1,1,0,0,맛있다,0,
38457003,빽다방 신림역2호점,디저트,간식,녹차빽스치노소프트,1,1,0,0,맛있다,0,
38457003,빽다방 신림역2호점,음료,주스,수박주스,1,1,0,0,최고다,0,
38457003,빽다방 신림역2호점,커피,프라푸치노,빽스치노,1,1,0,0,맛있다,0,
38457003,빽다방 신림역2호점,디저트,간식,피스타치오,1,0,0,1,,0,
38457003,빽다방 신림역2호점,디저트,간식,소프트콘,1,1,0,0,맛있다,0,
38457003,빽다방 신림역2호점,디저트,간식,달달구리,1,1,0,0,맛있다,0,
38457003,빽다방 신림역2호점,술,술,꽐라만시,1,1,0,0,좋다,0,
38457003,빽다방 신림역2호점,디저트,간식,초코,1,0,0,1,,0,
38457003,빽다방 신림역2호점,음료,에이드,유자에이드,1,1,0,0,상큼하다,0,
38457003,빽다방 신림역2호점,커피,라떼,빽스라떼,1,1,0,0,,0,
38457003,빽다방 신림역2호점,커피,라떼,빽사이즈라떼,1,1,0,0,맛있다,0,
38457003,빽다방 신림역2호점,커피,커피,디카페인,1,0,0,1,,0,
38510986,인더숲,음료,티,수제 대추차,2,2,0,0,맛있다,10.494,
38510986,인더숲,디저트,빙수,팥빙수,4,3,1,0,맛있다,5.6983,
38510986,인더숲,푸드,간식,팥,3,2,0,1,고급스럽다,5.6983,
38510986,인더숲,커피,라떼,라떼,1,0,0,1,,0,
38510986,인더숲,음료,음료,대추차,1,1,0,0,맛있다,0,
38510986,인더숲,디저트,빙수,빙수,1,0,0,1,,0,
38522303,진서의 정원,커피,라떼,땅콩크림라떼,3,3,0,0,맛있다,15.7411,
38522303,진서의 정원,음료,음료,딸기퐁당우유,2,2,0,0,고소하고 달달하다,10.494,
38522303,진서의 정원,커피,라떼,옥수수크림라떼,2,2,0,0,맛있다,10.494,
38522303,진서의 정원,커피,아메리카노,아이스아메리카노,2,2,0,0,깔끔하고 담백하다,1.3241,
38522303,진서의 정원,커피,라떼,딸기퐁당라떼,2,1,0,1,맛있다,0,
38522303,진서의 정원,푸드,과일,딸기,1,1,0,0,맛있다,0,
38522303,진서의 정원,음료,음료,흰우유,1,0,0,1,,0,
38522303,진서의 정원,커피,라떼,코코넛라떼,1,1,0,0,고소하고 달달하다,0,
38522303,진서의 정원,베이커리,빵,쪽파베이글,1,1,0,0,맛있다,0,
38522303,진서의 정원,커피,라떼,초당옥수수라떼,1,1,0,0,맛있다,0,
38522303,진서의 정원,베이커리,빵,크림&크린베리 베이글,1,0,0,1,,0,
38522303,진서의 정원,음료,음료,애플시나몬,1,0,0,1,,0,
38522303,진서의 정원,베이커리,빵,베이글,1,1,0,0,맛있다,0,
38522303,진서의 정원,디저트,케이크,케익,1,1,0,0,맛있다,0,
38522303,진서의 정원,음료,티,캐모마일티,1,1,0,0,맛있다,0,
38522303,진서의 정원,베이커리,빵,허니브레드,1,1,0,0,맛있다,0,
38522303,진서의 정원,베이커리,빵,소금빵,1,1,0,0,겉은 바삭하고 속은 촉촉하다,0,
38522303,진서의 정원,커피,아메리카노,민트아메리카노,1,1,0,0,시원하다,0,
38522303,진서의 정원,베이커리,크로플,크로플,1,1,0,0,크림양이 많다,0,
38522303,진서의 정원,음료,티,생강차,1,1,0,0,맛있다,0,
38522303,진서의 정원,디저트,케이크,말렌카 호두 케이크,1,1,0,0,맛있다,0,
38522303,진서의 정원,커피,라떼,바닐라라떼,1,1,0,0,맛있다,0,
38522303,진서의 정원,베이커리,크로플,앙버터크로플,1,1,0,0,맛있다,0,
38522303,진서의 정원,커피,라떼,크림라떼,1,0,0,1,,0,
38522303,진서의 정원,디저트,간식,땅콩크림,1,1,0,0,진하고 맛있다,0,
38522303,진서의 정원,커피,라떼,아이스라떼,1,0,0,1,,0,
38522303,진서의 정원,커피,라떼,카라멜마끼아또 아이스,1,1,0,0,부드럽고 맛있다,0,
38522303,진서의 정원,음료,주스,생과일주스,1,1,0,0,신선하다,0,
38522303,진서의 정원,베이커리,스콘,수제 스콘,1,1,0,0,맛있다,0,
38522303,진서의 정원,음료,주스,생딸기주스,1,1,0,0,맛있다,0,
38522303,진서의 정원,커피,라떼,카라멜 마끼아또 아이스,1,1,0,0,,0,
38522303,진서의 정원,음료,음료,우유,1,1,0,0,,0,
38522303,진서의 정원,커피,라떼,라떼,1,1,0,0,,0,
38522303,진서의 정원,음료,소스,시럽,1,1,0,0,,0,
38522303,진서의 정원,음료,주스,생과채 주스,1,1,0,0,,0,
38522303,진서의 정원,음료,과일,오렌지,1,1,0,0,,0,
38522303,진서의 정원,디저트,빙수,빙수,1,1,0,0,맛있다,0,
515130085,G-CAFE,커피,아메리카노,아메리카노,3,3,0,0,맛있다,1.2802,
515130085,G-CAFE,푸드,샌드위치,샌드위치,1,1,0,0,맛있다,0,
515130085,G-CAFE,디저트,간식,브라우니,1,1,0,0,달다,0,
515130085,G-CAFE,베이커리,스콘,스콘,1,1,0,0,맛있다,0,
515130085,G-CAFE,푸드,소스,딸기잼,1,1,0,0,,0,
515130085,G-CAFE,커피,라떼,뜨거운라떼,1,1,0,0,,0,
62717305,독특하개,음료,음료,음료수,1,1,0,0,맛있다,0,
62717305,독특하개,음료,티,케모마일,1,1,0,0,,0,
62717305,독특하개,커피,프라푸치노,프라페,1,1,0,0,맛있다,0,
62717305,독특하개,커피,라떼,녹차라떼,1,1,0,0,맛있다,0,
62717305,독특하개,커피,아메리카노,아메리카노,1,1,0,0,,0,
647777309,카페스토어,커피,라떼,초코라떼,2,2,0,0,마시고 싶다,4.5026,
647777309,카페스토어,커피,아메리카노,아메리카노,3,2,0,1,맛이 좋다,0.8535,
647777309,카페스토어,커피,커피,예가체프,2,1,0,1,,0,
647777309,카페스토어,음료,음료,미숫가루,1,0,0,1,,0,
647777309,카페스토어,음료,과일,블루베리,1,0,0,1,,0,
647777309,카페스토어,음료,과일,수박,1,0,0,1,,0,
647777309,카페스토어,커피,라떼,카페라떼,1,1,0,0,맛있다,0,
647777309,카페스토어,커피,라떼,팥라떼,1,1,0,0,진하다,0,
647777309,카페스토어,커피,커피,아라비카,1,0,0,1,,0,
647777309,카페스토어,커피,커피,예가체프 더치,1,0,0,1,,0,
647777309,카페스토어,커피,라떼,라떼,1,1,0,0,진하다,0,
647777309,카페스토어,커피,라떼,쑥라떼,1,1,0,0,진하다,0,
647777309,카페스토어,커피,라떼,고구마라떼,1,1,0,0,진하다,0,
647777309,카페스토어,음료,음료,아이스샤인머스캣청,1,0,0,1,,0,
647777309,카페스토어,커피,라떼,코코넛라떼,1,1,0,0,맛있다,0,
647777309,카페스토어,커피,라떼,밀크티라떼,1,1,0,0,맛있다,0,
647777309,카페스토어,음료,음료,우유거품,1,1,0,0,많다,0,
971101219,벨라벨로카페(Bella-Bello cafe),음료,티,생강대추차,1,0,1,0,,0,
971101219,벨라벨로카페(Bella-Bello cafe),디저트,간식,젤라또,1,1,0,0,맛있다,0,
971101219,벨라벨로카페(Bella-Bello cafe),커피,라떼,녹차라떼,1,1,0,0,맛있다,0,
971101219,벨라벨로카페(Bella-Bello cafe),음료,티,유자차,1,1,0,0,맛있다,0,
971101219,벨라벨로카페(Bella-Bello cafe),디저트,빙수,빙수,1,1,0,0,진하다,0,
971101219,벨라벨로카페(Bella-Bello cafe),커피,라떼,라떼,1,1,0,0,맛있다,0,
971101219,벨라벨로카페(Bella-Bello cafe),커피,라떼,흑임자 라떼,1,1,0,0,맛있다,0,
971101219,벨라벨로카페(Bella-Bello cafe),커피,커피,터치커피,1,1,0,0,맛있다,0,
971101219,벨라벨로카페(Bella-Bello cafe),커피,라떼,흑임자라떼,1,1,0,0,속이 든든하다,0,
