원본_키워드,확장_문장(참고용),군집_ID(문장기준),대표_키워드,재군집_키워드
강아지,이 카페의 핵심 특징은 강아지입니다.,96,반려동물 카페,반려동물 카페
여자친구,이 카페의 핵심 특징은 여자친구입니다.,180,여자친구,여자친구
인테리어,이 카페의 핵심 특징은 인테리어입니다.,359,카페 인테리어,카페 인테리어
주말마다 가고싶다,이 카페의 핵심 특징은 주말마다 가고싶다입니다.,279,주말 카페,주말 카페
카페,이 카페의 핵심 특징은 카페입니다.,369,,카페
소량으로 판매하는게 아쉬워요,이 카페의 핵심 특징은 소량으로 판매하는게 아쉬워요입니다.,-1,힐링 카페,소량으로 판매하는게 아쉬워요
가성비,이 카페의 핵심 특징은 가성비입니다.,54,가성비 카페,가성비 카페
매장,이 카페의 핵심 특징은 매장입니다.,356,,매장
좌석,이 카페의 핵심 특징은 좌석입니다.,190,좌석,좌석
조명,이 카페의 핵심 특징은 조명입니다.,143,조명 분위기,조명 분위기
얘기하기,이 카페의 핵심 특징은 얘기하기입니다.,114,,얘기하기
매장 분위기,이 카페의 핵심 특징은 매장 분위기입니다.,127,카페 분위기,카페 분위기
따뜻하고 아늑한 분위기,이 카페의 핵심 특징은 따뜻하고 아늑한 분위기입니다.,164,따뜻한 분위기,따뜻한 분위기
가족들,이 카페의 핵심 특징은 가족들입니다.,161,가족 모임,가족 모임
혼자,이 카페의 핵심 특징은 혼자입니다.,97,혼자 카페,혼자 카페
따뜻하고 귀여운 분위기,이 카페의 핵심 특징은 따뜻하고 귀여운 분위기입니다.,164,따뜻한 분위기,따뜻한 분위기
추천,이 카페의 핵심 특징은 추천입니다.,-1,힐링 카페,추천
물통,이 카페의 핵심 특징은 물통입니다.,255,,물통
자주 방문,이 카페의 핵심 특징은 자주 방문입니다.,280,자주 가고 싶은 카페,자주 가고 싶은 카페
따스한 분위기,이 카페의 핵심 특징은 따스한 분위기입니다.,111,따뜻한 분위기,따뜻한 분위기
조용한 분위기,이 카페의 핵심 특징은 조용한 분위기입니다.,146,조용한 분위기,조용한 분위기
독서,이 카페의 핵심 특징은 독서입니다.,231,독서,독서
캘리,이 카페의 핵심 특징은 캘리입니다.,370,커피,커피
테이블,이 카페의 핵심 특징은 테이블입니다.,362,테이블,테이블
재방문,이 카페의 핵심 특징은 재방문입니다.,50,재방문,재방문
미팅,이 카페의 핵심 특징은 미팅입니다.,214,만남의 장소,만남의 장소
공부,이 카페의 핵심 특징은 공부입니다.,198,공부하기,공부하기
테이크아웃,이 카페의 핵심 특징은 테이크아웃입니다.,24,테이크아웃,테이크아웃
깔끔한 술 느낌,이 카페의 핵심 특징은 깔끔한 술 느낌입니다.,277,깔끔한 분위기,깔끔한 분위기
깔끔하다,이 카페의 핵심 특징은 깔끔하다입니다.,278,깔끔한 카페,깔끔한 카페
소품,이 카페의 핵심 특징은 소품입니다.,289,인테리어 소품,인테리어 소품
정신없다,이 카페의 핵심 특징은 정신없다입니다.,185,,정신없다
지저분하다,이 카페의 핵심 특징은 지저분하다입니다.,83,시끄러운 분위기,시끄러운 분위기
딸내미,이 카페의 핵심 특징은 딸내미입니다.,141,자녀,자녀
아이들,이 카페의 핵심 특징은 아이들입니다.,195,아이들 활동,아이들 활동
엄마들,이 카페의 핵심 특징은 엄마들입니다.,78,엄마들 모임,엄마들 모임
수다,이 카페의 핵심 특징은 수다입니다.,305,,수다
단골,이 카페의 핵심 특징은 단골입니다.,19,단골카페,단골카페
가게,이 카페의 핵심 특징은 가게입니다.,355,가게,가게
내부,이 카페의 핵심 특징은 내부입니다.,340,내부 인테리어,내부 인테리어
즐길거리,이 카페의 핵심 특징은 즐길거리입니다.,344,나들이,나들이
백색소음 느낌,이 카페의 핵심 특징은 백색소음 느낌입니다.,-1,힐링 카페,백색소음 느낌
꽃향기,이 카페의 핵심 특징은 꽃향기입니다.,-1,힐링 카페,꽃향기
향,이 카페의 핵심 특징은 향입니다.,201,커피향,커피향
맛,이 카페의 핵심 특징은 맛입니다.,293,맛,맛
점심시간,이 카페의 핵심 특징은 점심시간입니다.,240,점심,점심
위생,이 카페의 핵심 특징은 위생입니다.,186,위생,위생
분위기,이 카페의 핵심 특징은 분위기입니다.,127,카페 분위기,카페 분위기
완전 시원하다,이 카페의 핵심 특징은 완전 시원하다입니다.,138,시원한 분위기,시원한 분위기
맛집,이 카페의 핵심 특징은 맛집입니다.,53,,맛집
포토존,이 카페의 핵심 특징은 포토존입니다.,16,포토존,포토존
깔끔한,이 카페의 핵심 특징은 깔끔한입니다.,278,깔끔한 카페,깔끔한 카페
테이크아웃 손님,이 카페의 핵심 특징은 테이크아웃 손님입니다.,24,테이크아웃,테이크아웃
배달 주문,이 카페의 핵심 특징은 배달 주문입니다.,352,배달,배달
자리,이 카페의 핵심 특징은 자리입니다.,174,자리,자리
자주 사먹기,이 카페의 핵심 특징은 자주 사먹기입니다.,280,자주 가고 싶은 카페,자주 가고 싶은 카페
노랗다,이 카페의 핵심 특징은 노랗다입니다.,256,색감,색감
방문,이 카페의 핵심 특징은 방문입니다.,347,방문 의향,방문 의향
의자,이 카페의 핵심 특징은 의자입니다.,190,좌석,좌석
차분한 분위기,이 카페의 핵심 특징은 차분한 분위기입니다.,155,차분한 분위기,차분한 분위기
작업하기,이 카페의 핵심 특징은 작업하기입니다.,303,작업,작업
조용한 카페,이 카페의 핵심 특징은 조용한 카페입니다.,216,조용한 카페,조용한 카페
음악과 공간이 어울리는 조용한 카페,이 카페의 핵심 특징은 음악과 공간이 어울리는 조용한 카페입니다.,217,조용한 카페,조용한 카페
작업겸 책 읽기,이 카페의 핵심 특징은 작업겸 책 읽기입니다.,282,독서,독서
가성비 카페,이 카페의 핵심 특징은 가성비 카페입니다.,54,가성비 카페,가성비 카페
초록 뷰,이 카페의 핵심 특징은 초록 뷰입니다.,-1,힐링 카페,초록 뷰
편안한 안식처,이 카페의 핵심 특징은 편안한 안식처입니다.,221,편안한 공간,편안한 공간
여유,이 카페의 핵심 특징은 여유입니다.,206,여유로운 분위기,여유로운 분위기
가게 분위기,이 카페의 핵심 특징은 가게 분위기입니다.,127,카페 분위기,카페 분위기
느낌,이 카페의 핵심 특징은 느낌입니다.,204,카페 느낌,카페 느낌
프랜차이즈 커피,이 카페의 핵심 특징은 프랜차이즈 커피입니다.,370,커피,커피
여유롭다,이 카페의 핵심 특징은 여유롭다입니다.,206,여유로운 분위기,여유로운 분위기
뷰 좋다,이 카페의 핵심 특징은 뷰 좋다입니다.,237,뷰,뷰
음악 좋다,이 카페의 핵심 특징은 음악 좋다입니다.,-1,힐링 카페,음악 좋다
혼커,이 카페의 핵심 특징은 혼커입니다.,1,혼자,혼자
가게 이름,이 카페의 핵심 특징은 가게 이름입니다.,355,가게,가게
마셔보는 재미,이 카페의 핵심 특징은 마셔보는 재미입니다.,101,,마셔보는 재미
메뉴,이 카페의 핵심 특징은 메뉴입니다.,-1,힐링 카페,메뉴
꾸릿꾸릿한 날씨,이 카페의 핵심 특징은 꾸릿꾸릿한 날씨입니다.,6,,꾸릿꾸릿한 날씨
환한 카페,이 카페의 핵심 특징은 환한 카페입니다.,111,따뜻한 분위기,따뜻한 분위기
크리스마스 분위기,이 카페의 핵심 특징은 크리스마스 분위기입니다.,187,크리스마스 분위기,크리스마스 분위기
공간,이 카페의 핵심 특징은 공간입니다.,211,카페 공간,카페 공간
조용하게 이야기 하기 좋다,이 카페의 핵심 특징은 조용하게 이야기 하기 좋다입니다.,147,조용한 대화,조용한 대화
은은한 음악이 흐르는 오후,이 카페의 핵심 특징은 은은한 음악이 흐르는 오후입니다.,126,잔잔한 음악,잔잔한 음악
가격,이 카페의 핵심 특징은 가격입니다.,28,가격,가격
전부,이 카페의 핵심 특징은 전부입니다.,191,전체 카페,전체 카페
빨간색 산타클로스 컵,이 카페의 핵심 특징은 빨간색 산타클로스 컵입니다.,187,크리스마스 분위기,크리스마스 분위기
운치있다,이 카페의 핵심 특징은 운치있다입니다.,328,,운치있다
모임,이 카페의 핵심 특징은 모임입니다.,263,단체 모임,단체 모임
음악,이 카페의 핵심 특징은 음악입니다.,93,음악 분위기,음악 분위기
신발벗는 공간,이 카페의 핵심 특징은 신발벗는 공간입니다.,190,좌석,좌석
깔끔하고 예쁜 공간,이 카페의 핵심 특징은 깔끔하고 예쁜 공간입니다.,183,깔끔한 공간,깔끔한 공간
아늑한 분위기,이 카페의 핵심 특징은 아늑한 분위기입니다.,115,아늑한 카페,아늑한 카페
혼자 방문하기,이 카페의 핵심 특징은 혼자 방문하기입니다.,73,혼자 방문,혼자 방문
벚꽃뷰,이 카페의 핵심 특징은 벚꽃뷰입니다.,0,벚꽃,벚꽃
마음의 안식처,이 카페의 핵심 특징은 마음의 안식처입니다.,221,편안한 공간,편안한 공간
아기자기한,이 카페의 핵심 특징은 아기자기한입니다.,63,아기자기한 카페,아기자기한 카페
아지트,이 카페의 핵심 특징은 아지트입니다.,178,아지트,아지트
2층,이 카페의 핵심 특징은 2층입니다.,337,2층 카페,2층 카페
깔끔하고 쾌적하다,이 카페의 핵심 특징은 깔끔하고 쾌적하다입니다.,183,깔끔한 공간,깔끔한 공간
앉아있기 좋다,이 카페의 핵심 특징은 앉아있기 좋다입니다.,190,좌석,좌석
아늑하다,이 카페의 핵심 특징은 아늑하다입니다.,115,아늑한 카페,아늑한 카페
신대방역,이 카페의 핵심 특징은 신대방역입니다.,91,신대방 카페,신대방 카페
신대방 카페 마스터,이 카페의 핵심 특징은 신대방 카페 마스터입니다.,91,신대방 카페,신대방 카페
2인테이블,이 카페의 핵심 특징은 2인테이블입니다.,336,2인 테이블,2인 테이블
편안한 느낌,이 카페의 핵심 특징은 편안한 느낌입니다.,301,편안한 분위기,편안한 분위기
혼자서,이 카페의 핵심 특징은 혼자서입니다.,97,혼자 카페,혼자 카페
지인들과 함께,이 카페의 핵심 특징은 지인들과 함께입니다.,51,지인 모임,지인 모임
공간 구석구석에서 느껴지는 배려심,이 카페의 핵심 특징은 공간 구석구석에서 느껴지는 배려심입니다.,46,배려,배려
아이,이 카페의 핵심 특징은 아이입니다.,175,키즈카페,키즈카페
산책,이 카페의 핵심 특징은 산책입니다.,193,산책,산책
조용히,이 카페의 핵심 특징은 조용히입니다.,217,조용한 카페,조용한 카페
따릉이 타고 오면 좋다,이 카페의 핵심 특징은 따릉이 타고 오면 좋다입니다.,-1,힐링 카페,따릉이 타고 오면 좋다
조용하고 아담한,이 카페의 핵심 특징은 조용하고 아담한입니다.,177,조용하고 아늑한 카페,조용하고 아늑한 카페
반려동물동반,이 카페의 핵심 특징은 반려동물동반입니다.,48,반려동물 동반,반려동물 동반
냥이 산책,이 카페의 핵심 특징은 냥이 산책입니다.,193,산책,산책
에놀라톤,이 카페의 핵심 특징은 에놀라톤입니다.,369,,에놀라톤
개인 일,이 카페의 핵심 특징은 개인 일입니다.,-1,힐링 카페,개인 일
카페공간,이 카페의 핵심 특징은 카페공간입니다.,211,카페 공간,카페 공간
점심 먹고 커피한잔 타임,이 카페의 핵심 특징은 점심 먹고 커피한잔 타임입니다.,240,점심,점심
술마시러 가기,이 카페의 핵심 특징은 술마시러 가기입니다.,364,음료,음료
조용하다,이 카페의 핵심 특징은 조용하다입니다.,217,조용한 카페,조용한 카페
신림역 카페,이 카페의 핵심 특징은 신림역 카페입니다.,167,신림역 카페,신림역 카페
취향저격,이 카페의 핵심 특징은 취향저격입니다.,338,매력,매력
대화,이 카페의 핵심 특징은 대화입니다.,247,대화,대화
청결,이 카페의 핵심 특징은 청결입니다.,182,청결한 매장,청결한 매장
책 읽기,이 카페의 핵심 특징은 책 읽기입니다.,282,독서,독서
그림,이 카페의 핵심 특징은 그림입니다.,220,미술활동,미술활동
벽지,이 카페의 핵심 특징은 벽지입니다.,-1,힐링 카페,벽지
추억의 장소,이 카페의 핵심 특징은 추억의 장소입니다.,113,추억 만들기,추억 만들기
매장 내부,이 카페의 핵심 특징은 매장 내부입니다.,268,매장 내부,매장 내부
테이크아웃 가성비 맛집,이 카페의 핵심 특징은 테이크아웃 가성비 맛집입니다.,24,테이크아웃,테이크아웃
데이트,이 카페의 핵심 특징은 데이트입니다.,120,데이트 장소,데이트 장소
신대방 인근,이 카페의 핵심 특징은 신대방 인근입니다.,91,신대방 카페,신대방 카페
조용한곳,이 카페의 핵심 특징은 조용한곳입니다.,216,조용한 카페,조용한 카페
대화 나누기 편한 장소,이 카페의 핵심 특징은 대화 나누기 편한 장소입니다.,68,대화하기 좋은 카페,대화하기 좋은 카페
따뜻한 분위기,이 카페의 핵심 특징은 따뜻한 분위기입니다.,111,따뜻한 분위기,따뜻한 분위기
당 떨어질때,이 카페의 핵심 특징은 당 떨어질때입니다.,265,충전,충전
숨은 카페,이 카페의 핵심 특징은 숨은 카페입니다.,334,숨은 카페,숨은 카페
나만 알고싶은 카페,이 카페의 핵심 특징은 나만 알고싶은 카페입니다.,8,나만 알고 싶은 카페,나만 알고 싶은 카페
어수선함,이 카페의 핵심 특징은 어수선함입니다.,-1,힐링 카페,어수선함
커피,이 카페의 핵심 특징은 커피입니다.,370,커피,커피
크렘브륄레,이 카페의 핵심 특징은 크렘브륄레입니다.,370,커피,커피
커피 디저트 맛집,이 카페의 핵심 특징은 커피 디저트 맛집입니다.,18,디저트 카페,디저트 카페
평온한 분위기,이 카페의 핵심 특징은 평온한 분위기입니다.,207,평온한 시간,평온한 시간
분위기 좋다,이 카페의 핵심 특징은 분위기 좋다입니다.,108,좋은 분위기,좋은 분위기
바 테이블,이 카페의 핵심 특징은 바 테이블입니다.,362,테이블,테이블
아늑함,이 카페의 핵심 특징은 아늑함입니다.,115,아늑한 카페,아늑한 카페
돈이 아깝다,이 카페의 핵심 특징은 돈이 아깝다입니다.,27,저렴한 커피,저렴한 커피
테이크 아웃,이 카페의 핵심 특징은 테이크 아웃입니다.,24,테이크아웃,테이크아웃
작업하기 좋은 카페,이 카페의 핵심 특징은 작업하기 좋은 카페입니다.,304,작업하기 좋은 카페,작업하기 좋은 카페
조용함,이 카페의 핵심 특징은 조용함입니다.,217,조용한 카페,조용한 카페
청량한 뷰,이 카페의 핵심 특징은 청량한 뷰입니다.,184,청량한 분위기,청량한 분위기
조용하고 아늑한,이 카페의 핵심 특징은 조용하고 아늑한입니다.,177,조용하고 아늑한 카페,조용하고 아늑한 카페
동네,이 카페의 핵심 특징은 동네입니다.,192,동네카페,동네카페
크리스마스 인테리어,이 카페의 핵심 특징은 크리스마스 인테리어입니다.,187,크리스마스 분위기,크리스마스 분위기
아기자기한 감성,이 카페의 핵심 특징은 아기자기한 감성입니다.,63,아기자기한 카페,아기자기한 카페
엄마,이 카페의 핵심 특징은 엄마입니다.,78,엄마들 모임,엄마들 모임
초록초록한 곳,이 카페의 핵심 특징은 초록초록한 곳입니다.,236,골목 카페,골목 카페
화장실,이 카페의 핵심 특징은 화장실입니다.,14,화장실,화장실
아담한 분위기,이 카페의 핵심 특징은 아담한 분위기입니다.,116,아담한 카페,아담한 카페
따듯한 느낌,이 카페의 핵심 특징은 따듯한 느낌입니다.,111,따뜻한 분위기,따뜻한 분위기
동네 커피숍,이 카페의 핵심 특징은 동네 커피숍입니다.,192,동네카페,동네카페
아늑한,이 카페의 핵심 특징은 아늑한입니다.,115,아늑한 카페,아늑한 카페
혼잡하고 복잡하다,이 카페의 핵심 특징은 혼잡하고 복잡하다입니다.,83,시끄러운 분위기,시끄러운 분위기
이용하기 좋다,이 카페의 핵심 특징은 이용하기 좋다입니다.,241,이용하기 좋은 카페,이용하기 좋은 카페
채광,이 카페의 핵심 특징은 채광입니다.,-1,힐링 카페,채광
기분전환,이 카페의 핵심 특징은 기분전환입니다.,90,기분전환 카페,기분전환 카페
책읽다오기,이 카페의 핵심 특징은 책읽다오기입니다.,189,책읽기 좋은 카페,책읽기 좋은 카페
불편하다,이 카페의 핵심 특징은 불편하다입니다.,205,,불편하다
동네산책,이 카페의 핵심 특징은 동네산책입니다.,192,동네카페,동네카페
임테리어,이 카페의 핵심 특징은 임테리어입니다.,-1,힐링 카페,임테리어
커피 배터지고 싶을때,이 카페의 핵심 특징은 커피 배터지고 싶을때입니다.,350,커피 한잔,커피 한잔
출출할 때,이 카페의 핵심 특징은 출출할 때입니다.,162,출퇴근,출퇴근
대화 나누기,이 카페의 핵심 특징은 대화 나누기입니다.,269,대화,대화
친구 기다리기,이 카페의 핵심 특징은 친구 기다리기입니다.,316,대기,대기
가족,이 카페의 핵심 특징은 가족입니다.,161,가족 모임,가족 모임
꽃,이 카페의 핵심 특징은 꽃입니다.,-1,힐링 카페,꽃
화분,이 카페의 핵심 특징은 화분입니다.,235,,화분
나른한 기분,이 카페의 핵심 특징은 나른한 기분입니다.,-1,힐링 카페,나른한 기분
브런치,이 카페의 핵심 특징은 브런치입니다.,285,브런치,브런치
깔끔하고 분위기 좋은,이 카페의 핵심 특징은 깔끔하고 분위기 좋은입니다.,-1,힐링 카페,깔끔하고 분위기 좋은
얘기,이 카페의 핵심 특징은 얘기입니다.,114,,얘기
대학동,이 카페의 핵심 특징은 대학동입니다.,76,대학동 카페,대학동 카페
인스타 감성,이 카페의 핵심 특징은 인스타 감성입니다.,248,인스타 감성,인스타 감성
포장주문,이 카페의 핵심 특징은 포장주문입니다.,172,포장,포장
디저트,이 카페의 핵심 특징은 디저트입니다.,18,디저트 카페,디저트 카페
둘이서 먹기,이 카페의 핵심 특징은 둘이서 먹기입니다.,56,둘이,둘이
간단한 음식,이 카페의 핵심 특징은 간단한 음식입니다.,244,간단한 식사,간단한 식사
동생 생일,이 카페의 핵심 특징은 동생 생일입니다.,34,연인과의 특별한 장소,연인과의 특별한 장소
여자친구 생일 선물,이 카페의 핵심 특징은 여자친구 생일 선물입니다.,180,여자친구,여자친구
창문,이 카페의 핵심 특징은 창문입니다.,160,창문뷰,창문뷰
입가심,이 카페의 핵심 특징은 입가심입니다.,219,,입가심
24시간 카페,이 카페의 핵심 특징은 24시간 카페입니다.,26,24시간 카페,24시간 카페
출퇴근길,이 카페의 핵심 특징은 출퇴근길입니다.,162,출퇴근,출퇴근
2명이 한 번에 먹기 좋은 크기,이 카페의 핵심 특징은 2명이 한 번에 먹기 좋은 크기입니다.,56,둘이,둘이
자주 오기,이 카페의 핵심 특징은 자주 오기입니다.,281,자주 방문,자주 방문
향이 좋은,이 카페의 핵심 특징은 향이 좋은입니다.,201,커피향,커피향
동네 커피 맛집,이 카페의 핵심 특징은 동네 커피 맛집입니다.,54,가성비 카페,가성비 카페
남자친구,이 카페의 핵심 특징은 남자친구입니다.,181,남자친구,남자친구
인테리어 소품,이 카페의 핵심 특징은 인테리어 소품입니다.,289,인테리어 소품,인테리어 소품
주문할 의사,이 카페의 핵심 특징은 주문할 의사입니다.,-1,힐링 카페,주문할 의사
선곡센스,이 카페의 핵심 특징은 선곡센스입니다.,43,음악선곡,음악선곡
작업,이 카페의 핵심 특징은 작업입니다.,303,작업,작업
카페 내부 인테리어,이 카페의 핵심 특징은 카페 내부 인테리어입니다.,287,인테리어,인테리어
안쪽 자리,이 카페의 핵심 특징은 안쪽 자리입니다.,335,안쪽 자리,안쪽 자리
바깥쪽 자리,이 카페의 핵심 특징은 바깥쪽 자리입니다.,288,외관,외관
둘이 한번에 먹기 딱 좋은 사이즈,이 카페의 핵심 특징은 둘이 한번에 먹기 딱 좋은 사이즈입니다.,56,둘이,둘이
신대방카페,이 카페의 핵심 특징은 신대방카페입니다.,91,신대방 카페,신대방 카페
별도 좌석,이 카페의 핵심 특징은 별도 좌석입니다.,190,좌석,좌석
폰 충전기,이 카페의 핵심 특징은 폰 충전기입니다.,265,충전,충전
행복하다,이 카페의 핵심 특징은 행복하다입니다.,121,행복한 분위기,행복한 분위기
감격스럽다,이 카페의 핵심 특징은 감격스럽다입니다.,170,감성적인 카페,감성적인 카페
따뜻하고 편안한 분위기,이 카페의 핵심 특징은 따뜻하고 편안한 분위기입니다.,164,따뜻한 분위기,따뜻한 분위기
무언가에 집중하기,이 카페의 핵심 특징은 무언가에 집중하기입니다.,99,집중하기,집중하기
아기자기 예쁘다,이 카페의 핵심 특징은 아기자기 예쁘다입니다.,71,아기자기한 카페,아기자기한 카페
혼자 집중해서 공부하기,이 카페의 핵심 특징은 혼자 집중해서 공부하기입니다.,95,혼자 공부하기,혼자 공부하기
카공족,이 카페의 핵심 특징은 카공족입니다.,366,,카공족
물복파,이 카페의 핵심 특징은 물복파입니다.,255,,물복파
작업하기 좋다,이 카페의 핵심 특징은 작업하기 좋다입니다.,304,작업하기 좋은 카페,작업하기 좋은 카페
집중도 잘 되다,이 카페의 핵심 특징은 집중도 잘 되다입니다.,100,집중하기 좋은 카페,집중하기 좋은 카페
수다떨기,이 카페의 핵심 특징은 수다떨기입니다.,306,수다떨기,수다떨기
레트로한 감성,이 카페의 핵심 특징은 레트로한 감성입니다.,-1,힐링 카페,레트로한 감성
공부하기 좋다,이 카페의 핵심 특징은 공부하기 좋다입니다.,23,공부하기 좋은 카페,공부하기 좋은 카페
혼자 오기,이 카페의 핵심 특징은 혼자 오기입니다.,73,혼자 방문,혼자 방문
데이트 코스,이 카페의 핵심 특징은 데이트 코스입니다.,120,데이트 장소,데이트 장소
생일기념,이 카페의 핵심 특징은 생일기념입니다.,223,생일 기념,생일 기념
비쥬얼,이 카페의 핵심 특징은 비쥬얼입니다.,-1,힐링 카페,비쥬얼
콘센트,이 카페의 핵심 특징은 콘센트입니다.,-1,힐링 카페,콘센트
자유로운 분위기,이 카페의 핵심 특징은 자유로운 분위기입니다.,206,여유로운 분위기,여유로운 분위기
노트북하기,이 카페의 핵심 특징은 노트북하기입니다.,21,노트북 작업,노트북 작업
카페 내부,이 카페의 핵심 특징은 카페 내부입니다.,-1,힐링 카페,카페 내부
예쁜 곳,이 카페의 핵심 특징은 예쁜 곳입니다.,327,예쁜 카페,예쁜 카페
음악선곡,이 카페의 핵심 특징은 음악선곡입니다.,43,음악선곡,음악선곡
펑키 알앤비,이 카페의 핵심 특징은 펑키 알앤비입니다.,93,음악 분위기,음악 분위기
재즈 음악,이 카페의 핵심 특징은 재즈 음악입니다.,32,재즈 음악,재즈 음악
기분좋아지는 장소,이 카페의 핵심 특징은 기분좋아지는 장소입니다.,89,기분좋은 장소,기분좋은 장소
생일,이 카페의 핵심 특징은 생일입니다.,223,생일 기념,생일 기념
조용한 편이 아니다,이 카페의 핵심 특징은 조용한 편이 아니다입니다.,135,조용한 분위기,조용한 분위기
공부하는 자리,이 카페의 핵심 특징은 공부하는 자리입니다.,199,공부할 공간,공부할 공간
일반 자리,이 카페의 핵심 특징은 일반 자리입니다.,174,자리,자리
기분이 좋아져,이 카페의 핵심 특징은 기분이 좋아져입니다.,90,기분전환 카페,기분전환 카페
환경,이 카페의 핵심 특징은 환경입니다.,-1,힐링 카페,환경
빈티지한 분위기,이 카페의 핵심 특징은 빈티지한 분위기입니다.,250,빈티지 분위기,빈티지 분위기
여유를 즐기고 싶을때,이 카페의 핵심 특징은 여유를 즐기고 싶을때입니다.,206,여유로운 분위기,여유로운 분위기
혼자 가기,이 카페의 핵심 특징은 혼자 가기입니다.,77,혼자 카페,혼자 카페
독서실 느낌,이 카페의 핵심 특징은 독서실 느낌입니다.,210,독서실,독서실
"공부, 작업하기에 최적화","이 카페의 핵심 특징은 공부, 작업하기에 최적화입니다.",22,공부하기 좋은 카페,공부하기 좋은 카페
카공,이 카페의 핵심 특징은 카공입니다.,366,,카공
반려동물 동반,이 카페의 핵심 특징은 반려동물 동반입니다.,48,반려동물 동반,반려동물 동반
1인 자리,이 카페의 핵심 특징은 1인 자리입니다.,342,1인 자리,1인 자리
커피 마시러,이 카페의 핵심 특징은 커피 마시러입니다.,365,커피 마니아,커피 마니아
빈티지 느낌,이 카페의 핵심 특징은 빈티지 느낌입니다.,250,빈티지 분위기,빈티지 분위기
행복한 분위기,이 카페의 핵심 특징은 행복한 분위기입니다.,121,행복한 분위기,행복한 분위기
혼자만의 시간,이 카페의 핵심 특징은 혼자만의 시간입니다.,11,혼자만의 시간,혼자만의 시간
칸막이 좌석,이 카페의 핵심 특징은 칸막이 좌석입니다.,274,칸막이 좌석,칸막이 좌석
스터디카페,이 카페의 핵심 특징은 스터디카페입니다.,123,스터디카페,스터디카페
할일하기 좋은 카페,이 카페의 핵심 특징은 할일하기 좋은 카페입니다.,-1,힐링 카페,할일하기 좋은 카페
안락한 공간,이 카페의 핵심 특징은 안락한 공간입니다.,222,안락한 분위기,안락한 분위기
노트북 하기에 좋다,이 카페의 핵심 특징은 노트북 하기에 좋다입니다.,20,노트북 카페,노트북 카페
경치,이 카페의 핵심 특징은 경치입니다.,313,주변 경치,주변 경치
아기자기하다,이 카페의 핵심 특징은 아기자기하다입니다.,63,아기자기한 카페,아기자기한 카페
와이파이,이 카페의 핵심 특징은 와이파이입니다.,-1,힐링 카페,와이파이
소란스럽지 않음,이 카페의 핵심 특징은 소란스럽지 않음입니다.,135,조용한 분위기,조용한 분위기
작업하기 좋은 공간,이 카페의 핵심 특징은 작업하기 좋은 공간입니다.,304,작업하기 좋은 카페,작업하기 좋은 카페
디저트 종류,이 카페의 핵심 특징은 디저트 종류입니다.,18,디저트 카페,디저트 카페
겨울 느낌,이 카페의 핵심 특징은 겨울 느낌입니다.,252,겨울 분위기,겨울 분위기
친구들,이 카페의 핵심 특징은 친구들입니다.,188,친구,친구
1인석,이 카페의 핵심 특징은 1인석입니다.,342,1인 자리,1인 자리
집중하기,이 카페의 핵심 특징은 집중하기입니다.,99,집중하기,집중하기
카페 인테리어,이 카페의 핵심 특징은 카페 인테리어입니다.,359,카페 인테리어,카페 인테리어
운동,이 카페의 핵심 특징은 운동입니다.,163,운동 후 방문,운동 후 방문
조용한,이 카페의 핵심 특징은 조용한입니다.,217,조용한 카페,조용한 카페
공부하기,이 카페의 핵심 특징은 공부하기입니다.,198,공부하기,공부하기
친구추천,이 카페의 핵심 특징은 친구추천입니다.,-1,힐링 카페,친구추천
루프탑,이 카페의 핵심 특징은 루프탑입니다.,267,,루프탑
화장실 거울,이 카페의 핵심 특징은 화장실 거울입니다.,13,,화장실 거울
노트북 작업,이 카페의 핵심 특징은 노트북 작업입니다.,21,노트북 작업,노트북 작업
1인 좌석,이 카페의 핵심 특징은 1인 좌석입니다.,342,1인 자리,1인 자리
일하기,이 카페의 핵심 특징은 일하기입니다.,303,작업,작업
애들,이 카페의 핵심 특징은 애들입니다.,194,귀여운 아이들,귀여운 아이들
노트북 하기 좋은 카페,이 카페의 핵심 특징은 노트북 하기 좋은 카페입니다.,20,노트북 카페,노트북 카페
혼자서 앉아서 집중할 수 있는 자리,이 카페의 핵심 특징은 혼자서 앉아서 집중할 수 있는 자리입니다.,-1,힐링 카페,혼자서 앉아서 집중할 수 있는 자리
여럿이 이용할 자리,이 카페의 핵심 특징은 여럿이 이용할 자리입니다.,315,단체 이용,단체 이용
바깥을 볼 수 있는 공간,이 카페의 핵심 특징은 바깥을 볼 수 있는 공간입니다.,330,바깥 풍경,바깥 풍경
편안한 공간,이 카페의 핵심 특징은 편안한 공간입니다.,221,편안한 공간,편안한 공간
귀엽다,이 카페의 핵심 특징은 귀엽다입니다.,109,귀여움,귀여움
좋다,이 카페의 핵심 특징은 좋다입니다.,324,좋은 카페,좋은 카페
아기자기하고 귀여운 분위기,이 카페의 핵심 특징은 아기자기하고 귀여운 분위기입니다.,55,아기자기한 분위기,아기자기한 분위기
친구,이 카페의 핵심 특징은 친구입니다.,188,친구,친구
아기자기한 분위기,이 카페의 핵심 특징은 아기자기한 분위기입니다.,55,아기자기한 분위기,아기자기한 분위기
1인좌석,이 카페의 핵심 특징은 1인좌석입니다.,342,1인 자리,1인 자리
4인 좌석,이 카페의 핵심 특징은 4인 좌석입니다.,275,단체 좌석,단체 좌석
힐링하기 좋은,이 카페의 핵심 특징은 힐링하기 좋은입니다.,-1,힐링 카페,힐링하기 좋은
스트리츠만의 감성,이 카페의 핵심 특징은 스트리츠만의 감성입니다.,218,감성카페,감성카페
남자친구 생일 케이크,이 카페의 핵심 특징은 남자친구 생일 케이크입니다.,181,남자친구,남자친구
방문하고 싶은 집,이 카페의 핵심 특징은 방문하고 싶은 집입니다.,347,방문 의향,방문 의향
공부하러,이 카페의 핵심 특징은 공부하러입니다.,198,공부하기,공부하기
고소하다,이 카페의 핵심 특징은 고소하다입니다.,151,,고소하다
텁텁하지 않다,이 카페의 핵심 특징은 텁텁하지 않다입니다.,135,조용한 분위기,조용한 분위기
책읽기,이 카페의 핵심 특징은 책읽기입니다.,282,독서,독서
카페에서 커피랑 디저트,이 카페의 핵심 특징은 카페에서 커피랑 디저트입니다.,18,디저트 카페,디저트 카페
인스타 감성카페,이 카페의 핵심 특징은 인스타 감성카페입니다.,-1,힐링 카페,인스타 감성카페
정감이 있는 공간,이 카페의 핵심 특징은 정감이 있는 공간입니다.,292,정감 있는 카페,정감 있는 카페
혼자놀기,이 카페의 핵심 특징은 혼자놀기입니다.,77,혼자 카페,혼자 카페
뷰,이 카페의 핵심 특징은 뷰입니다.,237,뷰,뷰
여유와 커피를 즐기러 가실분들,이 카페의 핵심 특징은 여유와 커피를 즐기러 가실분들입니다.,206,여유로운 분위기,여유로운 분위기
집에서 시켜먹기,이 카페의 핵심 특징은 집에서 시켜먹기입니다.,208,홈카페,홈카페
시원하다,이 카페의 핵심 특징은 시원하다입니다.,138,시원한 분위기,시원한 분위기
편안한 곳,이 카페의 핵심 특징은 편안한 곳입니다.,221,편안한 공간,편안한 공간
쉬는날,이 카페의 핵심 특징은 쉬는날입니다.,-1,힐링 카페,쉬는날
대화하기,이 카페의 핵심 특징은 대화하기입니다.,247,대화,대화
편안한 카페,이 카페의 핵심 특징은 편안한 카페입니다.,295,편안한 카페,편안한 카페
공부하기 좋은,이 카페의 핵심 특징은 공부하기 좋은입니다.,23,공부하기 좋은 카페,공부하기 좋은 카페
분위기 좋은,이 카페의 핵심 특징은 분위기 좋은입니다.,108,좋은 분위기,좋은 분위기
독사실,이 카페의 핵심 특징은 독사실입니다.,151,,독사실
카페 중간 느낌,이 카페의 핵심 특징은 카페 중간 느낌입니다.,204,카페 느낌,카페 느낌
혼자 공부하러 오기,이 카페의 핵심 특징은 혼자 공부하러 오기입니다.,94,혼자 공부하기,혼자 공부하기
음료 맛집,이 카페의 핵심 특징은 음료 맛집입니다.,364,음료,음료
스몰토크,이 카페의 핵심 특징은 스몰토크입니다.,175,키즈카페,키즈카페
가방,이 카페의 핵심 특징은 가방입니다.,-1,힐링 카페,가방
구경하기,이 카페의 핵심 특징은 구경하기입니다.,101,,구경하기
기분이 좋아지는 카페,이 카페의 핵심 특징은 기분이 좋아지는 카페입니다.,90,기분전환 카페,기분전환 카페
동네카페,이 카페의 핵심 특징은 동네카페입니다.,192,동네카페,동네카페
배경,이 카페의 핵심 특징은 배경입니다.,326,배경음악,배경음악
애견동반,이 카페의 핵심 특징은 애견동반입니다.,47,애견동반 카페,애견동반 카페
디저트 맛집,이 카페의 핵심 특징은 디저트 맛집입니다.,18,디저트 카페,디저트 카페
카페 분위기,이 카페의 핵심 특징은 카페 분위기입니다.,127,카페 분위기,카페 분위기
커피 향,이 카페의 핵심 특징은 커피 향입니다.,201,커피향,커피향
공부하기 좋은 카페,이 카페의 핵심 특징은 공부하기 좋은 카페입니다.,23,공부하기 좋은 카페,공부하기 좋은 카페
편안한 분위기,이 카페의 핵심 특징은 편안한 분위기입니다.,-1,힐링 카페,편안한 분위기
업무 보거나 공부하기,이 카페의 핵심 특징은 업무 보거나 공부하기입니다.,22,공부하기 좋은 카페,공부하기 좋은 카페
불쾌하다,이 카페의 핵심 특징은 불쾌하다입니다.,205,,불쾌하다
분위기 있는 뷰,이 카페의 핵심 특징은 분위기 있는 뷰입니다.,237,뷰,뷰
칸막이,이 카페의 핵심 특징은 칸막이입니다.,274,칸막이 좌석,칸막이 좌석
분위기 좋은곳,이 카페의 핵심 특징은 분위기 좋은곳입니다.,108,좋은 분위기,좋은 분위기
담소나누기,이 카페의 핵심 특징은 담소나누기입니다.,-1,힐링 카페,담소나누기
카독하기,이 카페의 핵심 특징은 카독하기입니다.,231,독서,독서
눈치 안 볼 수 있는 분위기,이 카페의 핵심 특징은 눈치 안 볼 수 있는 분위기입니다.,328,,눈치 안 볼 수 있는 분위기
시끄럽지 않은 노래,이 카페의 핵심 특징은 시끄럽지 않은 노래입니다.,135,조용한 분위기,조용한 분위기
작업하기 좋은 분위기,이 카페의 핵심 특징은 작업하기 좋은 분위기입니다.,304,작업하기 좋은 카페,작업하기 좋은 카페
백색소음,이 카페의 핵심 특징은 백색소음입니다.,84,소음,소음
음악 분위기,이 카페의 핵심 특징은 음악 분위기입니다.,93,음악 분위기,음악 분위기
일,이 카페의 핵심 특징은 일입니다.,303,작업,작업
혼자 커피 즐기기,이 카페의 핵심 특징은 혼자 커피 즐기기입니다.,74,혼자 커피,혼자 커피
작고 아기자기한,이 카페의 핵심 특징은 작고 아기자기한입니다.,70,작고 귀여운 카페,작고 귀여운 카페
실내,이 카페의 핵심 특징은 실내입니다.,341,실내공간,실내공간
쉬기 좋은 좌석,이 카페의 핵심 특징은 쉬기 좋은 좌석입니다.,227,편안한 휴식,편안한 휴식
깨끗하다,이 카페의 핵심 특징은 깨끗하다입니다.,182,청결한 매장,청결한 매장
가게 내부,이 카페의 핵심 특징은 가게 내부입니다.,268,매장 내부,매장 내부
재밌다,이 카페의 핵심 특징은 재밌다입니다.,102,재미있는 경험,재미있는 경험
색다르다,이 카페의 핵심 특징은 색다르다입니다.,256,색감,색감
기분이 좋다,이 카페의 핵심 특징은 기분이 좋다입니다.,246,기분 좋은,기분 좋은
편안한,이 카페의 핵심 특징은 편안한입니다.,294,편안한 분위기,편안한 분위기
혼자 집중하기,이 카페의 핵심 특징은 혼자 집중하기입니다.,95,혼자 공부하기,혼자 공부하기
대학동 카페,이 카페의 핵심 특징은 대학동 카페입니다.,76,대학동 카페,대학동 카페
독서실,이 카페의 핵심 특징은 독서실입니다.,210,독서실,독서실
최애 카페,이 카페의 핵심 특징은 최애 카페입니다.,309,최애 카페,최애 카페
커피를 마시는게 취미,이 카페의 핵심 특징은 커피를 마시는게 취미입니다.,365,커피 마니아,커피 마니아
드립커피에 대한 관심,이 카페의 핵심 특징은 드립커피에 대한 관심입니다.,-1,힐링 카페,드립커피에 대한 관심
혼자 공부,이 카페의 핵심 특징은 혼자 공부입니다.,94,혼자 공부하기,혼자 공부하기
테크아웃,이 카페의 핵심 특징은 테크아웃입니다.,24,테이크아웃,테이크아웃
사랑방 같은 곳,이 카페의 핵심 특징은 사랑방 같은 곳입니다.,5,사랑방,사랑방
갈 곳,이 카페의 핵심 특징은 갈 곳입니다.,120,데이트 장소,데이트 장소
카페용품 구경,이 카페의 핵심 특징은 카페용품 구경입니다.,101,,카페용품 구경
출근,이 카페의 핵심 특징은 출근입니다.,162,출퇴근,출퇴근
테이크아웃 잔,이 카페의 핵심 특징은 테이크아웃 잔입니다.,24,테이크아웃,테이크아웃
좋은 분위기,이 카페의 핵심 특징은 좋은 분위기입니다.,108,좋은 분위기,좋은 분위기
산책후,이 카페의 핵심 특징은 산책후입니다.,193,산책,산책
혼자 온 손님들을 위한 석들,이 카페의 핵심 특징은 혼자 온 손님들을 위한 석들입니다.,10,혼자 오는 손님,혼자 오는 손님
쉬다 가기 좋은 카페,이 카페의 핵심 특징은 쉬다 가기 좋은 카페입니다.,227,편안한 휴식,편안한 휴식
부담이 없는 가게,이 카페의 핵심 특징은 부담이 없는 가게입니다.,261,편안한 분위기,편안한 분위기
해피모드,이 카페의 핵심 특징은 해피모드입니다.,121,행복한 분위기,행복한 분위기
창,이 카페의 핵심 특징은 창입니다.,160,창문뷰,창문뷰
노트북 쓰기,이 카페의 핵심 특징은 노트북 쓰기입니다.,21,노트북 작업,노트북 작업
수다 떨기,이 카페의 핵심 특징은 수다 떨기입니다.,306,수다떨기,수다떨기
책 보기,이 카페의 핵심 특징은 책 보기입니다.,283,독서,독서
벚꽃,이 카페의 핵심 특징은 벚꽃입니다.,0,벚꽃,벚꽃
차분한 음악,이 카페의 핵심 특징은 차분한 음악입니다.,135,조용한 분위기,조용한 분위기
시간 보내기,이 카페의 핵심 특징은 시간 보내기입니다.,257,시간 보내기 좋은 곳,시간 보내기 좋은 곳
아텐도 신림카페,이 카페의 핵심 특징은 아텐도 신림카페입니다.,-1,힐링 카페,아텐도 신림카페
창가 좌석,이 카페의 핵심 특징은 창가 좌석입니다.,3,창가자리,창가자리
제일 좋아하는 카페,이 카페의 핵심 특징은 제일 좋아하는 카페입니다.,309,최애 카페,최애 카페
가다,이 카페의 핵심 특징은 가다입니다.,305,,가다
차분하고 깔끔한 분위기,이 카페의 핵심 특징은 차분하고 깔끔한 분위기입니다.,165,모던한 분위기,모던한 분위기
강추,이 카페의 핵심 특징은 강추입니다.,80,강추,강추
한끼,이 카페의 핵심 특징은 한끼입니다.,-1,힐링 카페,한끼
인기맛집,이 카페의 핵심 특징은 인기맛집입니다.,53,,인기맛집
크리스마스 케이크,이 카페의 핵심 특징은 크리스마스 케이크입니다.,187,크리스마스 분위기,크리스마스 분위기
재방문 의사,이 카페의 핵심 특징은 재방문 의사입니다.,50,재방문,재방문
스윗하다,이 카페의 핵심 특징은 스윗하다입니다.,109,귀여움,귀여움
책상,이 카페의 핵심 특징은 책상입니다.,-1,힐링 카페,책상
1인테이블,이 카페의 핵심 특징은 1인테이블입니다.,342,1인 자리,1인 자리
2-4인 테이블,이 카페의 핵심 특징은 2-4인 테이블입니다.,275,단체 좌석,단체 좌석
햅삐,이 카페의 핵심 특징은 햅삐입니다.,153,힙한 카페,힙한 카페
수다떨러,이 카페의 핵심 특징은 수다떨러입니다.,306,수다떨기,수다떨기
혼자 와서 공부,이 카페의 핵심 특징은 혼자 와서 공부입니다.,94,혼자 공부하기,혼자 공부하기
디자인,이 카페의 핵심 특징은 디자인입니다.,-1,힐링 카페,디자인
이야기 하러 오기,이 카페의 핵심 특징은 이야기 하러 오기입니다.,270,이야기,이야기
잔잔한 분위기,이 카페의 핵심 특징은 잔잔한 분위기입니다.,117,잔잔한 분위기,잔잔한 분위기
커피 마시기,이 카페의 핵심 특징은 커피 마시기입니다.,365,커피 마니아,커피 마니아
작지만 알찬,이 카페의 핵심 특징은 작지만 알찬입니다.,70,작고 귀여운 카페,작고 귀여운 카페
친구랑 얘기 나누기,이 카페의 핵심 특징은 친구랑 얘기 나누기입니다.,61,친구와 대화하기,친구와 대화하기
업무하기,이 카페의 핵심 특징은 업무하기입니다.,303,작업,작업
포장하러 처음 방문한 카페,이 카페의 핵심 특징은 포장하러 처음 방문한 카페입니다.,225,첫 방문,첫 방문
혼자 있기,이 카페의 핵심 특징은 혼자 있기입니다.,97,혼자 카페,혼자 카페
이야기하기,이 카페의 핵심 특징은 이야기하기입니다.,114,,이야기하기
주차,이 카페의 핵심 특징은 주차입니다.,72,,주차
감성카페 느낌,이 카페의 핵심 특징은 감성카페 느낌입니다.,218,감성카페,감성카페
조용하고 분위기 좋다,이 카페의 핵심 특징은 조용하고 분위기 좋다입니다.,176,조용한 분위기,조용한 분위기
노트북 잠깐하기,이 카페의 핵심 특징은 노트북 잠깐하기입니다.,21,노트북 작업,노트북 작업
애정하는 장소,이 카페의 핵심 특징은 애정하는 장소입니다.,34,연인과의 특별한 장소,연인과의 특별한 장소
고급스러운 느낌,이 카페의 핵심 특징은 고급스러운 느낌입니다.,52,고급 카페,고급 카페
간단한 식사대용,이 카페의 핵심 특징은 간단한 식사대용입니다.,244,간단한 식사,간단한 식사
리모델링,이 카페의 핵심 특징은 리모델링입니다.,359,카페 인테리어,카페 인테리어
예쁘다,이 카페의 핵심 특징은 예쁘다입니다.,320,예쁜 카페,예쁜 카페
떠들기,이 카페의 핵심 특징은 떠들기입니다.,85,,떠들기
아늑한 느낌,이 카페의 핵심 특징은 아늑한 느낌입니다.,115,아늑한 카페,아늑한 카페
신림 카페,이 카페의 핵심 특징은 신림 카페입니다.,166,신림카페,신림카페
아텐도,이 카페의 핵심 특징은 아텐도입니다.,178,아지트,아지트
쾌적하다,이 카페의 핵심 특징은 쾌적하다입니다.,40,,쾌적하다
벽걸이,이 카페의 핵심 특징은 벽걸이입니다.,-1,힐링 카페,벽걸이
편안하다,이 카페의 핵심 특징은 편안하다입니다.,294,편안한 분위기,편안한 분위기
평화롭다,이 카페의 핵심 특징은 평화롭다입니다.,-1,힐링 카페,평화롭다
혼자 책보러 오기,이 카페의 핵심 특징은 혼자 책보러 오기입니다.,4,혼자 책읽기,혼자 책읽기
소중한 공간,이 카페의 핵심 특징은 소중한 공간입니다.,211,카페 공간,카페 공간
디저트카페,이 카페의 핵심 특징은 디저트카페입니다.,18,디저트 카페,디저트 카페
방문 예정,이 카페의 핵심 특징은 방문 예정입니다.,347,방문 의향,방문 의향
위치,이 카페의 핵심 특징은 위치입니다.,367,,위치
룸,이 카페의 핵심 특징은 룸입니다.,212,룸카페,룸카페
다양하게 있어서,이 카페의 핵심 특징은 다양하게 있어서입니다.,318,다양한 메뉴,다양한 메뉴
로스팅머신,이 카페의 핵심 특징은 로스팅머신입니다.,53,,로스팅머신
룸카페,이 카페의 핵심 특징은 룸카페입니다.,212,룸카페,룸카페
연인,이 카페의 핵심 특징은 연인입니다.,34,연인과의 특별한 장소,연인과의 특별한 장소
seats,이 카페의 핵심 특징은 seats입니다.,190,좌석,좌석
noise level,이 카페의 핵심 특징은 noise level입니다.,83,시끄러운 분위기,시끄러운 분위기
study,이 카페의 핵심 특징은 study입니다.,123,스터디카페,스터디카페
깔끔한 분위기,이 카페의 핵심 특징은 깔끔한 분위기입니다.,277,깔끔한 분위기,깔끔한 분위기
데이트 장소,이 카페의 핵심 특징은 데이트 장소입니다.,120,데이트 장소,데이트 장소
더운날 잠시 머물기,이 카페의 핵심 특징은 더운날 잠시 머물기입니다.,7,더운 날,더운 날
프라이빗 카페,이 카페의 핵심 특징은 프라이빗 카페입니다.,264,프라이빗 공간,프라이빗 공간
시간보내기,이 카페의 핵심 특징은 시간보내기입니다.,257,시간 보내기 좋은 곳,시간 보내기 좋은 곳
혼자 컴퓨터 작업,이 카페의 핵심 특징은 혼자 컴퓨터 작업입니다.,88,혼자 노트북,혼자 노트북
감성,이 카페의 핵심 특징은 감성입니다.,218,감성카페,감성카페
빈티지느낌,이 카페의 핵심 특징은 빈티지느낌입니다.,250,빈티지 분위기,빈티지 분위기
옛날느낌,이 카페의 핵심 특징은 옛날느낌입니다.,250,빈티지 분위기,빈티지 분위기
가족끼리 brunch,이 카페의 핵심 특징은 가족끼리 brunch입니다.,161,가족 모임,가족 모임
충전기,이 카페의 핵심 특징은 충전기입니다.,265,충전,충전
안락하고 편안한,이 카페의 핵심 특징은 안락하고 편안한입니다.,222,안락한 분위기,안락한 분위기
맛있는 커피 마시고 싶을 때,이 카페의 핵심 특징은 맛있는 커피 마시고 싶을 때입니다.,350,커피 한잔,커피 한잔
신 거 좋아하시는 분,이 카페의 핵심 특징은 신 거 좋아하시는 분입니다.,144,단맛 선호,단맛 선호
좋은 카페,이 카페의 핵심 특징은 좋은 카페입니다.,324,좋은 카페,좋은 카페
우드우드한 분위기,이 카페의 핵심 특징은 우드우드한 분위기입니다.,31,우드 인테리어,우드 인테리어
따뜻한 느낌,이 카페의 핵심 특징은 따뜻한 느낌입니다.,111,따뜻한 분위기,따뜻한 분위기
편한 소파,이 카페의 핵심 특징은 편한 소파입니다.,106,소파자리,소파자리
힐링되는 공간,이 카페의 핵심 특징은 힐링되는 공간입니다.,42,힐링 공간,힐링 공간
건조기,이 카페의 핵심 특징은 건조기입니다.,361,,건조기
주말,이 카페의 핵심 특징은 주말입니다.,279,주말 카페,주말 카페
한끼식사,이 카페의 핵심 특징은 한끼식사입니다.,-1,힐링 카페,한끼식사
근처 사시는분들,이 카페의 핵심 특징은 근처 사시는분들입니다.,61,친구와 대화하기,친구와 대화하기
서울대 느티나무 카페,이 카페의 핵심 특징은 서울대 느티나무 카페입니다.,233,서울대 카페,서울대 카페
힐링,이 카페의 핵심 특징은 힐링입니다.,41,힐링 카페,힐링 카페
담소,이 카페의 핵심 특징은 담소입니다.,-1,힐링 카페,담소
아기자기,이 카페의 핵심 특징은 아기자기입니다.,63,아기자기한 카페,아기자기한 카페
느티나무 카페,이 카페의 핵심 특징은 느티나무 카페입니다.,233,서울대 카페,서울대 카페
학생들,이 카페의 핵심 특징은 학생들입니다.,131,학생,학생
저렴하다,이 카페의 핵심 특징은 저렴하다입니다.,27,저렴한 커피,저렴한 커피
넓은 곳,이 카페의 핵심 특징은 넓은 곳입니다.,358,넓은 공간,넓은 공간
신림동,이 카페의 핵심 특징은 신림동입니다.,166,신림카페,신림카페
사랑방같은 공간,이 카페의 핵심 특징은 사랑방같은 공간입니다.,5,사랑방,사랑방
조용,이 카페의 핵심 특징은 조용입니다.,217,조용한 카페,조용한 카페
아늑,이 카페의 핵심 특징은 아늑입니다.,115,아늑한 카페,아늑한 카페
감성적인,이 카페의 핵심 특징은 감성적인입니다.,170,감성적인 카페,감성적인 카페
동네 카페,이 카페의 핵심 특징은 동네 카페입니다.,192,동네카페,동네카페
동네 주민들,이 카페의 핵심 특징은 동네 주민들입니다.,192,동네카페,동네카페
따스한 공간,이 카페의 핵심 특징은 따스한 공간입니다.,111,따뜻한 분위기,따뜻한 분위기
동네힙플레스,이 카페의 핵심 특징은 동네힙플레스입니다.,153,힙한 카페,힙한 카페
빨래방,이 카페의 핵심 특징은 빨래방입니다.,14,화장실,화장실
공부하실 분들,이 카페의 핵심 특징은 공부하실 분들입니다.,132,공부하는 사람들,공부하는 사람들
수다 떨고 싶은 분들,이 카페의 핵심 특징은 수다 떨고 싶은 분들입니다.,306,수다떨기,수다떨기
교내 카페,이 카페의 핵심 특징은 교내 카페입니다.,149,학교 카페,학교 카페
신림에서 누굴 만날때,이 카페의 핵심 특징은 신림에서 누굴 만날때입니다.,166,신림카페,신림카페
감성있는,이 카페의 핵심 특징은 감성있는입니다.,170,감성적인 카페,감성적인 카페
한 줄기 빛,이 카페의 핵심 특징은 한 줄기 빛입니다.,143,조명 분위기,조명 분위기
점심,이 카페의 핵심 특징은 점심입니다.,240,점심,점심
오리지날,이 카페의 핵심 특징은 오리지날입니다.,173,특별한 카페,특별한 카페
더워서,이 카페의 핵심 특징은 더워서입니다.,136,더위,더위
최악의 커피숍,이 카페의 핵심 특징은 최악의 커피숍입니다.,205,,최악의 커피숍
조용하고 깔끔하다,이 카페의 핵심 특징은 조용하고 깔끔하다입니다.,156,조용하고 쾌적한,조용하고 쾌적한
독립적인 공간,이 카페의 핵심 특징은 독립적인 공간입니다.,264,프라이빗 공간,프라이빗 공간
흑백데빌 분위기,이 카페의 핵심 특징은 흑백데빌 분위기입니다.,118,블랙앤화이트 인테리어,블랙앤화이트 인테리어
기분,이 카페의 핵심 특징은 기분입니다.,246,기분 좋은,기분 좋은
장소,이 카페의 핵심 특징은 장소입니다.,367,,장소
스피커,이 카페의 핵심 특징은 스피커입니다.,85,,스피커
쉬고 가기,이 카페의 핵심 특징은 쉬고 가기입니다.,300,쉬어가기,쉬어가기
프라이빗한 카페,이 카페의 핵심 특징은 프라이빗한 카페입니다.,264,프라이빗 공간,프라이빗 공간
오래된 느낌,이 카페의 핵심 특징은 오래된 느낌입니다.,250,빈티지 분위기,빈티지 분위기
소개팅,이 카페의 핵심 특징은 소개팅입니다.,214,만남의 장소,만남의 장소
친구와 얘기 나누기,이 카페의 핵심 특징은 친구와 얘기 나누기입니다.,61,친구와 대화하기,친구와 대화하기
비오는 창가,이 카페의 핵심 특징은 비오는 창가입니다.,2,비오는 날,비오는 날
따뜻한 차,이 카페의 핵심 특징은 따뜻한 차입니다.,111,따뜻한 분위기,따뜻한 분위기
고즈넉한 시간,이 카페의 핵심 특징은 고즈넉한 시간입니다.,79,고즈넉한 분위기,고즈넉한 분위기
아담하고 이쁘다,이 카페의 핵심 특징은 아담하고 이쁘다입니다.,183,깔끔한 공간,깔끔한 공간
마스코트,이 카페의 핵심 특징은 마스코트입니다.,-1,힐링 카페,마스코트
디저트류,이 카페의 핵심 특징은 디저트류입니다.,18,디저트 카페,디저트 카페
운동 후,이 카페의 핵심 특징은 운동 후입니다.,163,운동 후 방문,운동 후 방문
친구와 함께,이 카페의 핵심 특징은 친구와 함께입니다.,307,친구와 함께,친구와 함께
에코포장,이 카페의 핵심 특징은 에코포장입니다.,-1,힐링 카페,에코포장
구입,이 카페의 핵심 특징은 구입입니다.,354,,구입
프라이빗한 느낌,이 카페의 핵심 특징은 프라이빗한 느낌입니다.,264,프라이빗 공간,프라이빗 공간
카페 1위,이 카페의 핵심 특징은 카페 1위입니다.,298,1층 카페,1층 카페
특별한 날,이 카페의 핵심 특징은 특별한 날입니다.,173,특별한 카페,특별한 카페
프라이빗한 공간,이 카페의 핵심 특징은 프라이빗한 공간입니다.,264,프라이빗 공간,프라이빗 공간
힙한 곳,이 카페의 핵심 특징은 힙한 곳입니다.,153,힙한 카페,힙한 카페
보조테이블,이 카페의 핵심 특징은 보조테이블입니다.,362,테이블,테이블
아지트 느낌의 카페,이 카페의 핵심 특징은 아지트 느낌의 카페입니다.,62,아지트 카페,아지트 카페
대화하기 좋은 분위기,이 카페의 핵심 특징은 대화하기 좋은 분위기입니다.,68,대화하기 좋은 카페,대화하기 좋은 카페
Plugs,이 카페의 핵심 특징은 Plugs입니다.,368,,Plugs
comfy space,이 카페의 핵심 특징은 comfy space입니다.,221,편안한 공간,편안한 공간
study days,이 카페의 핵심 특징은 study days입니다.,123,스터디카페,스터디카페
분위기좋은카페,이 카페의 핵심 특징은 분위기좋은카페입니다.,108,좋은 분위기,좋은 분위기
주차공간,이 카페의 핵심 특징은 주차공간입니다.,72,,주차공간
커피 맛집,이 카페의 핵심 특징은 커피 맛집입니다.,53,,커피 맛집
신림동 드립커피하는 곳,이 카페의 핵심 특징은 신림동 드립커피하는 곳입니다.,166,신림카페,신림카페
프라이빗,이 카페의 핵심 특징은 프라이빗입니다.,264,프라이빗 공간,프라이빗 공간
소품사진 찍기 좋은 공간,이 카페의 핵심 특징은 소품사진 찍기 좋은 공간입니다.,35,사진 찍기 좋은 카페,사진 찍기 좋은 카페
기분 나쁜 곳,이 카페의 핵심 특징은 기분 나쁜 곳입니다.,205,,기분 나쁜 곳
집근처,이 카페의 핵심 특징은 집근처입니다.,272,집근처 카페,집근처 카페
입안이 깔끔하다,이 카페의 핵심 특징은 입안이 깔끔하다입니다.,278,깔끔한 카페,깔끔한 카페
조용하고 아늑하다,이 카페의 핵심 특징은 조용하고 아늑하다입니다.,177,조용하고 아늑한 카페,조용하고 아늑한 카페
신림,이 카페의 핵심 특징은 신림입니다.,166,신림카페,신림카페
커피 싸게먹기,이 카페의 핵심 특징은 커피 싸게먹기입니다.,27,저렴한 커피,저렴한 커피
재방문의사,이 카페의 핵심 특징은 재방문의사입니다.,50,재방문,재방문
최애 커피숍,이 카페의 핵심 특징은 최애 커피숍입니다.,309,최애 카페,최애 카페
혼자 음악들으러 오기,이 카페의 핵심 특징은 혼자 음악들으러 오기입니다.,73,혼자 방문,혼자 방문
같이 주문,이 카페의 핵심 특징은 같이 주문입니다.,-1,힐링 카페,같이 주문
포토스팟,이 카페의 핵심 특징은 포토스팟입니다.,16,포토존,포토존
혼자 와서 책읽기,이 카페의 핵심 특징은 혼자 와서 책읽기입니다.,4,혼자 책읽기,혼자 책읽기
커피 마니아,이 카페의 핵심 특징은 커피 마니아입니다.,365,커피 마니아,커피 마니아
스페셜한 커피,이 카페의 핵심 특징은 스페셜한 커피입니다.,-1,힐링 카페,스페셜한 커피
아기자기하고 차분한 분위기,이 카페의 핵심 특징은 아기자기하고 차분한 분위기입니다.,55,아기자기한 분위기,아기자기한 분위기
교회 청년부들,이 카페의 핵심 특징은 교회 청년부들입니다.,-1,힐링 카페,교회 청년부들
단골 카페,이 카페의 핵심 특징은 단골 카페입니다.,19,단골카페,단골카페
바테이블,이 카페의 핵심 특징은 바테이블입니다.,362,테이블,테이블
여러명이서 가기,이 카페의 핵심 특징은 여러명이서 가기입니다.,315,단체 이용,단체 이용
혼자가기,이 카페의 핵심 특징은 혼자가기입니다.,77,혼자 카페,혼자 카페
다락방 온 느낌,이 카페의 핵심 특징은 다락방 온 느낌입니다.,15,다락방 느낌,다락방 느낌
조용한 공간,이 카페의 핵심 특징은 조용한 공간입니다.,216,조용한 카페,조용한 카페
감성적인 카페,이 카페의 핵심 특징은 감성적인 카페입니다.,170,감성적인 카페,감성적인 카페
보드게임,이 카페의 핵심 특징은 보드게임입니다.,139,보드게임카페,보드게임카페
지인들과 오기,이 카페의 핵심 특징은 지인들과 오기입니다.,51,지인 모임,지인 모임
혼자 오는 분들,이 카페의 핵심 특징은 혼자 오는 분들입니다.,10,혼자 오는 손님,혼자 오는 손님
단체.5명 이상 만남의 장소,이 카페의 핵심 특징은 단체.5명 이상 만남의 장소입니다.,263,단체 모임,단체 모임
방문하고 싶은 매장,이 카페의 핵심 특징은 방문하고 싶은 매장입니다.,347,방문 의향,방문 의향
까페,이 카페의 핵심 특징은 까페입니다.,369,,까페
좌석들,이 카페의 핵심 특징은 좌석들입니다.,190,좌석,좌석
단체 모임,이 카페의 핵심 특징은 단체 모임입니다.,263,단체 모임,단체 모임
디져트,이 카페의 핵심 특징은 디져트입니다.,18,디저트 카페,디저트 카페
커플끼리,이 카페의 핵심 특징은 커플끼리입니다.,33,커플,커플
이야기 하기,이 카페의 핵심 특징은 이야기 하기입니다.,114,,이야기 하기
이야기 하기에 좋다,이 카페의 핵심 특징은 이야기 하기에 좋다입니다.,68,대화하기 좋은 카페,대화하기 좋은 카페
혼자 책 보러 오기,이 카페의 핵심 특징은 혼자 책 보러 오기입니다.,4,혼자 책읽기,혼자 책읽기
칸막이 자리,이 카페의 핵심 특징은 칸막이 자리입니다.,274,칸막이 좌석,칸막이 좌석
친구들이랑 오기,이 카페의 핵심 특징은 친구들이랑 오기입니다.,276,친구와의 만남,친구와의 만남
프라이빗한 장소,이 카페의 핵심 특징은 프라이빗한 장소입니다.,264,프라이빗 공간,프라이빗 공간
예쁜 까페,이 카페의 핵심 특징은 예쁜 까페입니다.,320,예쁜 카페,예쁜 카페
이야기 나누기,이 카페의 핵심 특징은 이야기 나누기입니다.,269,대화,대화
세련되면서도 레트로한 느낌,이 카페의 핵심 특징은 세련되면서도 레트로한 느낌입니다.,250,빈티지 분위기,빈티지 분위기
조용하게,이 카페의 핵심 특징은 조용하게입니다.,217,조용한 카페,조용한 카페
대화하기 좋은 장소,이 카페의 핵심 특징은 대화하기 좋은 장소입니다.,68,대화하기 좋은 카페,대화하기 좋은 카페
시끄럽다,이 카페의 핵심 특징은 시끄럽다입니다.,83,시끄러운 분위기,시끄러운 분위기
쾌적한 느낌,이 카페의 핵심 특징은 쾌적한 느낌입니다.,-1,힐링 카페,쾌적한 느낌
깔끔한 카페,이 카페의 핵심 특징은 깔끔한 카페입니다.,278,깔끔한 카페,깔끔한 카페
아담한,이 카페의 핵심 특징은 아담한입니다.,116,아담한 카페,아담한 카페
얘기하러오기,이 카페의 핵심 특징은 얘기하러오기입니다.,270,이야기,이야기
힙하다,이 카페의 핵심 특징은 힙하다입니다.,153,힙한 카페,힙한 카페
자주 이용,이 카페의 핵심 특징은 자주 이용입니다.,258,자주 이용하는 카페,자주 이용하는 카페
대학동 맛집,이 카페의 핵심 특징은 대학동 맛집입니다.,76,대학동 카페,대학동 카페
아이와 함께,이 카페의 핵심 특징은 아이와 함께입니다.,64,아이와 함께,아이와 함께
가성비 끝판왕,이 카페의 핵심 특징은 가성비 끝판왕입니다.,54,가성비 카페,가성비 카페
신림지점,이 카페의 핵심 특징은 신림지점입니다.,166,신림카페,신림카페
봉천,이 카페의 핵심 특징은 봉천입니다.,323,,봉천
나무뷰,이 카페의 핵심 특징은 나무뷰입니다.,238,숲뷰,숲뷰
사진찍기,이 카페의 핵심 특징은 사진찍기입니다.,17,사진찍기,사진찍기
구매하기,이 카페의 핵심 특징은 구매하기입니다.,354,,구매하기
오픈런,이 카페의 핵심 특징은 오픈런입니다.,353,,오픈런
웨이팅,이 카페의 핵심 특징은 웨이팅입니다.,316,대기,대기
테라스석,이 카페의 핵심 특징은 테라스석입니다.,25,테라스,테라스
테라스,이 카페의 핵심 특징은 테라스입니다.,25,테라스,테라스
감성 카페,이 카페의 핵심 특징은 감성 카페입니다.,218,감성카페,감성카페
11시 전 우체국 빵집 직행,이 카페의 핵심 특징은 11시 전 우체국 빵집 직행입니다.,-1,힐링 카페,11시 전 우체국 빵집 직행
줄서서 먹기,이 카페의 핵심 특징은 줄서서 먹기입니다.,351,줄서서 먹기,줄서서 먹기
동네 아지트,이 카페의 핵심 특징은 동네 아지트입니다.,178,아지트,아지트
야외 테라스,이 카페의 핵심 특징은 야외 테라스입니다.,25,테라스,테라스
연중무휴,이 카페의 핵심 특징은 연중무휴입니다.,26,24시간 카페,24시간 카페
분위기 좋은 카페,이 카페의 핵심 특징은 분위기 좋은 카페입니다.,108,좋은 분위기,좋은 분위기
모임장소,이 카페의 핵심 특징은 모임장소입니다.,263,단체 모임,단체 모임
커플,이 카페의 핵심 특징은 커플입니다.,33,커플,커플
단골카페,이 카페의 핵심 특징은 단골카페입니다.,19,단골카페,단골카페
쾌적한 공간,이 카페의 핵심 특징은 쾌적한 공간입니다.,40,,쾌적한 공간
커피 아지트,이 카페의 핵심 특징은 커피 아지트입니다.,178,아지트,아지트
지인,이 카페의 핵심 특징은 지인입니다.,51,지인 모임,지인 모임
친구 만나러 갈때,이 카페의 핵심 특징은 친구 만나러 갈때입니다.,308,친구 만남,친구 만남
찐 맛있는 빵집,이 카페의 핵심 특징은 찐 맛있는 빵집입니다.,-1,힐링 카페,찐 맛있는 빵집
더워진 날씨,이 카페의 핵심 특징은 더워진 날씨입니다.,7,더운 날,더운 날
발걸음이 더 가벼워지는 느낌,이 카페의 핵심 특징은 발걸음이 더 가벼워지는 느낌입니다.,-1,힐링 카페,발걸음이 더 가벼워지는 느낌
계단,이 카페의 핵심 특징은 계단입니다.,268,매장 내부,매장 내부
가족끼리,이 카페의 핵심 특징은 가족끼리입니다.,161,가족 모임,가족 모임
커피 좋아하시는 분들,이 카페의 핵심 특징은 커피 좋아하시는 분들입니다.,145,커피 애호가,커피 애호가
가성비 좋은 카페,이 카페의 핵심 특징은 가성비 좋은 카페입니다.,54,가성비 카페,가성비 카페
맛있어서 가게 된다,이 카페의 핵심 특징은 맛있어서 가게 된다입니다.,293,맛,맛
건강한 맛,이 카페의 핵심 특징은 건강한 맛입니다.,239,건강식,건강식
엄마의 아아,이 카페의 핵심 특징은 엄마의 아아입니다.,78,엄마들 모임,엄마들 모임
신림카페,이 카페의 핵심 특징은 신림카페입니다.,166,신림카페,신림카페
혼자 운영하는 빵집,이 카페의 핵심 특징은 혼자 운영하는 빵집입니다.,97,혼자 카페,혼자 카페
혼자 운영하는 만큼,이 카페의 핵심 특징은 혼자 운영하는 만큼입니다.,97,혼자 카페,혼자 카페
배경음악 소리,이 카페의 핵심 특징은 배경음악 소리입니다.,326,배경음악,배경음악
줄서기,이 카페의 핵심 특징은 줄서기입니다.,351,줄서서 먹기,줄서서 먹기
적막한 느낌,이 카페의 핵심 특징은 적막한 느낌입니다.,117,잔잔한 분위기,잔잔한 분위기
공부하러 오는 학생들,이 카페의 핵심 특징은 공부하러 오는 학생들입니다.,132,공부하는 사람들,공부하는 사람들
아기자기 예쁜 모양,이 카페의 핵심 특징은 아기자기 예쁜 모양입니다.,71,아기자기한 카페,아기자기한 카페
지하1층,이 카페의 핵심 특징은 지하1층입니다.,58,지하 공간,지하 공간
공부하는 분위기,이 카페의 핵심 특징은 공부하는 분위기입니다.,23,공부하기 좋은 카페,공부하기 좋은 카페
구석진 자리,이 카페의 핵심 특징은 구석진 자리입니다.,174,자리,자리
소곤소곤 이야기하기 좋은 분위기,이 카페의 핵심 특징은 소곤소곤 이야기하기 좋은 분위기입니다.,68,대화하기 좋은 카페,대화하기 좋은 카페
동네맛집,이 카페의 핵심 특징은 동네맛집입니다.,54,가성비 카페,가성비 카페
공부하는 사람,이 카페의 핵심 특징은 공부하는 사람입니다.,132,공부하는 사람들,공부하는 사람들
집중하기 좋은 장소,이 카페의 핵심 특징은 집중하기 좋은 장소입니다.,100,집중하기 좋은 카페,집중하기 좋은 카페
손님 대접,이 카페의 핵심 특징은 손님 대접입니다.,-1,힐링 카페,손님 대접
빵집,이 카페의 핵심 특징은 빵집입니다.,81,빵집,빵집
색조합,이 카페의 핵심 특징은 색조합입니다.,256,색감,색감
모양,이 카페의 핵심 특징은 모양입니다.,345,,모양
위생적이다,이 카페의 핵심 특징은 위생적이다입니다.,186,위생,위생
부모님 선물,이 카페의 핵심 특징은 부모님 선물입니다.,65,부모님,부모님
어머니 생신,이 카페의 핵심 특징은 어머니 생신입니다.,78,엄마들 모임,엄마들 모임
건강한 느낌,이 카페의 핵심 특징은 건강한 느낌입니다.,239,건강식,건강식
선물,이 카페의 핵심 특징은 선물입니다.,209,선물,선물
이쁘게 생겼다,이 카페의 핵심 특징은 이쁘게 생겼다입니다.,320,예쁜 카페,예쁜 카페
노래 소리,이 카페의 핵심 특징은 노래 소리입니다.,69,매장 음악,매장 음악
집중하기 좋은,이 카페의 핵심 특징은 집중하기 좋은입니다.,100,집중하기 좋은 카페,집중하기 좋은 카페
부모님,이 카페의 핵심 특징은 부모님입니다.,65,부모님,부모님
홈파티,이 카페의 핵심 특징은 홈파티입니다.,208,홈카페,홈카페
직원들,이 카페의 핵심 특징은 직원들입니다.,232,직원들,직원들
업무,이 카페의 핵심 특징은 업무입니다.,303,작업,작업
귀여웠다,이 카페의 핵심 특징은 귀여웠다입니다.,109,귀여움,귀여움
동네 맛집,이 카페의 핵심 특징은 동네 맛집입니다.,54,가성비 카페,가성비 카페
지하,이 카페의 핵심 특징은 지하입니다.,58,지하 공간,지하 공간
이쁘다,이 카페의 핵심 특징은 이쁘다입니다.,320,예쁜 카페,예쁜 카페
선물용,이 카페의 핵심 특징은 선물용입니다.,209,선물,선물
공부하시는분들,이 카페의 핵심 특징은 공부하시는분들입니다.,132,공부하는 사람들,공부하는 사람들
대학동 엔젤,이 카페의 핵심 특징은 대학동 엔젤입니다.,76,대학동 카페,대학동 카페
위생면,이 카페의 핵심 특징은 위생면입니다.,186,위생,위생
선물 고민,이 카페의 핵심 특징은 선물 고민입니다.,209,선물,선물
자주 방문할 예정,이 카페의 핵심 특징은 자주 방문할 예정입니다.,281,자주 방문,자주 방문
어머님,이 카페의 핵심 특징은 어머님입니다.,78,엄마들 모임,엄마들 모임
혼자 점심,이 카페의 핵심 특징은 혼자 점심입니다.,97,혼자 카페,혼자 카페
청결함,이 카페의 핵심 특징은 청결함입니다.,182,청결한 매장,청결한 매장
따스한 장소,이 카페의 핵심 특징은 따스한 장소입니다.,111,따뜻한 분위기,따뜻한 분위기
반미맛집,이 카페의 핵심 특징은 반미맛집입니다.,53,,반미맛집
공부 하는 분들,이 카페의 핵심 특징은 공부 하는 분들입니다.,132,공부하는 사람들,공부하는 사람들
병실 사람들,이 카페의 핵심 특징은 병실 사람들입니다.,242,,병실 사람들
힙한 베이커리,이 카페의 핵심 특징은 힙한 베이커리입니다.,230,베이커리,베이커리
맛있다,이 카페의 핵심 특징은 맛있다입니다.,293,맛,맛
넓다,이 카페의 핵심 특징은 넓다입니다.,358,넓은 공간,넓은 공간
예쁜,이 카페의 핵심 특징은 예쁜입니다.,320,예쁜 카페,예쁜 카페
원데이 클래스,이 카페의 핵심 특징은 원데이 클래스입니다.,-1,힐링 카페,원데이 클래스
투썸,이 카페의 핵심 특징은 투썸입니다.,-1,힐링 카페,투썸
무난한,이 카페의 핵심 특징은 무난한입니다.,228,,무난한
오래 머무르기 좋다,이 카페의 핵심 특징은 오래 머무르기 좋다입니다.,260,머무르기 좋은 카페,머무르기 좋은 카페
충전하기 좋다,이 카페의 핵심 특징은 충전하기 좋다입니다.,265,충전,충전
눈치 주는 분위기,이 카페의 핵심 특징은 눈치 주는 분위기입니다.,328,,눈치 주는 분위기
아내,이 카페의 핵심 특징은 아내입니다.,157,부부,부부
조곤조곤한 분위기,이 카페의 핵심 특징은 조곤조곤한 분위기입니다.,68,대화하기 좋은 카페,대화하기 좋은 카페
간식,이 카페의 핵심 특징은 간식입니다.,286,간식,간식
소품들,이 카페의 핵심 특징은 소품들입니다.,289,인테리어 소품,인테리어 소품
오래 머무르기,이 카페의 핵심 특징은 오래 머무르기입니다.,260,머무르기 좋은 카페,머무르기 좋은 카페
생일축하,이 카페의 핵심 특징은 생일축하입니다.,223,생일 기념,생일 기념
난곡동맛집,이 카페의 핵심 특징은 난곡동맛집입니다.,98,난곡 할리스,난곡 할리스
마카롱선물,이 카페의 핵심 특징은 마카롱선물입니다.,209,선물,선물
직원들이랑,이 카페의 핵심 특징은 직원들이랑입니다.,232,직원들,직원들
대학동 분위기,이 카페의 핵심 특징은 대학동 분위기입니다.,76,대학동 카페,대학동 카페
좋은 공간,이 카페의 핵심 특징은 좋은 공간입니다.,-1,힐링 카페,좋은 공간
장사,이 카페의 핵심 특징은 장사입니다.,355,가게,가게
난방,이 카페의 핵심 특징은 난방입니다.,111,따뜻한 분위기,따뜻한 분위기
저녁에 칵테일 마시러 가기,이 카페의 핵심 특징은 저녁에 칵테일 마시러 가기입니다.,133,저녁 외식,저녁 외식
딸,이 카페의 핵심 특징은 딸입니다.,141,자녀,자녀
저녁식사,이 카페의 핵심 특징은 저녁식사입니다.,133,저녁 외식,저녁 외식
편하게 얘기 나누기,이 카페의 핵심 특징은 편하게 얘기 나누기입니다.,68,대화하기 좋은 카페,대화하기 좋은 카페
소파,이 카페의 핵심 특징은 소파입니다.,106,소파자리,소파자리
디저트 카페,이 카페의 핵심 특징은 디저트 카페입니다.,18,디저트 카페,디저트 카페
어르신,이 카페의 핵심 특징은 어르신입니다.,78,엄마들 모임,엄마들 모임
아가,이 카페의 핵심 특징은 아가입니다.,194,귀여운 아이들,귀여운 아이들
왕 강추,이 카페의 핵심 특징은 왕 강추입니다.,80,강추,강추
카페 달쓰브릿지,이 카페의 핵심 특징은 카페 달쓰브릿지입니다.,159,달달한 카페,달달한 카페
Twosome place,이 카페의 핵심 특징은 Twosome place입니다.,56,둘이,둘이
편안한 자리,이 카페의 핵심 특징은 편안한 자리입니다.,221,편안한 공간,편안한 공간
아기자기한 인테리어,이 카페의 핵심 특징은 아기자기한 인테리어입니다.,63,아기자기한 카페,아기자기한 카페
복장,이 카페의 핵심 특징은 복장입니다.,356,,복장
실내석,이 카페의 핵심 특징은 실내석입니다.,341,실내공간,실내공간
특별한날 선물 또는 답례품,이 카페의 핵심 특징은 특별한날 선물 또는 답례품입니다.,209,선물,선물
혼자 커피 마시러,이 카페의 핵심 특징은 혼자 커피 마시러입니다.,74,혼자 커피,혼자 커피
다둥이들,이 카페의 핵심 특징은 다둥이들입니다.,194,귀여운 아이들,귀여운 아이들
귀엽고 예쁘다,이 카페의 핵심 특징은 귀엽고 예쁘다입니다.,171,귀여운 카페,귀여운 카페
행사때 구입하기 좋은 것,이 카페의 핵심 특징은 행사때 구입하기 좋은 것입니다.,354,,행사때 구입하기 좋은 것
멋지다,이 카페의 핵심 특징은 멋지다입니다.,338,매력,매력
예약서비스,이 카페의 핵심 특징은 예약서비스입니다.,19,단골카페,단골카페
야경,이 카페의 핵심 특징은 야경입니다.,133,저녁 외식,저녁 외식
저녁,이 카페의 핵심 특징은 저녁입니다.,133,저녁 외식,저녁 외식
책읽으러,이 카페의 핵심 특징은 책읽으러입니다.,262,책과 커피,책과 커피
펍같은 느낌,이 카페의 핵심 특징은 펍같은 느낌입니다.,310,,펍같은 느낌
보기좋다,이 카페의 핵심 특징은 보기좋다입니다.,332,,보기좋다
설날 선물용,이 카페의 핵심 특징은 설날 선물용입니다.,209,선물,선물
또 갈께요,이 카페의 핵심 특징은 또 갈께요입니다.,57,재방문 의사,재방문 의사
쇼파자리,이 카페의 핵심 특징은 쇼파자리입니다.,106,소파자리,소파자리
다른 메뉴,이 카페의 핵심 특징은 다른 메뉴입니다.,128,,다른 메뉴
시끄럽지 않다,이 카페의 핵심 특징은 시끄럽지 않다입니다.,135,조용한 분위기,조용한 분위기
단체,이 카페의 핵심 특징은 단체입니다.,263,단체 모임,단체 모임
색깔,이 카페의 핵심 특징은 색깔입니다.,256,색감,색감
사진,이 카페의 핵심 특징은 사진입니다.,17,사진찍기,사진찍기
혼자 먹기,이 카페의 핵심 특징은 혼자 먹기입니다.,9,혼자 먹기,혼자 먹기
메뉴들,이 카페의 핵심 특징은 메뉴들입니다.,360,,메뉴들
사진찍기 좋다,이 카페의 핵심 특징은 사진찍기 좋다입니다.,35,사진 찍기 좋은 카페,사진 찍기 좋은 카페
공부하기 좋은 곳,이 카페의 핵심 특징은 공부하기 좋은 곳입니다.,23,공부하기 좋은 카페,공부하기 좋은 카페
남구로,이 카페의 핵심 특징은 남구로입니다.,292,정감 있는 카페,정감 있는 카페
작은가게 감성,이 카페의 핵심 특징은 작은가게 감성입니다.,-1,힐링 카페,작은가게 감성
플레이팅,이 카페의 핵심 특징은 플레이팅입니다.,362,테이블,테이블
패키징,이 카페의 핵심 특징은 패키징입니다.,172,포장,포장
피규어,이 카페의 핵심 특징은 피규어입니다.,59,인형,인형
할로윈 테마,이 카페의 핵심 특징은 할로윈 테마입니다.,36,할로윈 테마,할로윈 테마
테라스 존,이 카페의 핵심 특징은 테라스 존입니다.,25,테라스,테라스
쿠킹클래스룸,이 카페의 핵심 특징은 쿠킹클래스룸입니다.,230,베이커리,베이커리
할로윈 분위기,이 카페의 핵심 특징은 할로윈 분위기입니다.,36,할로윈 테마,할로윈 테마
에어컨 바람,이 카페의 핵심 특징은 에어컨 바람입니다.,349,,에어컨 바람
포토존 공간,이 카페의 핵심 특징은 포토존 공간입니다.,16,포토존,포토존
전신거울,이 카페의 핵심 특징은 전신거울입니다.,13,,전신거울
음료랑 같이 먹는 것,이 카페의 핵심 특징은 음료랑 같이 먹는 것입니다.,-1,힐링 카페,음료랑 같이 먹는 것
예쁜 포토존,이 카페의 핵심 특징은 예쁜 포토존입니다.,16,포토존,포토존
재미,이 카페의 핵심 특징은 재미입니다.,102,재미있는 경험,재미있는 경험
베이킹클래스,이 카페의 핵심 특징은 베이킹클래스입니다.,230,베이커리,베이커리
조용히 따뜻한,이 카페의 핵심 특징은 조용히 따뜻한입니다.,217,조용한 카페,조용한 카페
일기,이 카페의 핵심 특징은 일기입니다.,-1,힐링 카페,일기
계획,이 카페의 핵심 특징은 계획입니다.,367,,계획
이쁜곳,이 카페의 핵심 특징은 이쁜곳입니다.,327,예쁜 카페,예쁜 카페
카페분위기,이 카페의 핵심 특징은 카페분위기입니다.,127,카페 분위기,카페 분위기
티타임,이 카페의 핵심 특징은 티타임입니다.,296,타임,타임
구경하는 재미,이 카페의 핵심 특징은 구경하는 재미입니다.,101,,구경하는 재미
사진찍기 좋은 장소,이 카페의 핵심 특징은 사진찍기 좋은 장소입니다.,35,사진 찍기 좋은 카페,사진 찍기 좋은 카페
투썸플레이스,이 카페의 핵심 특징은 투썸플레이스입니다.,-1,힐링 카페,투썸플레이스
조카,이 카페의 핵심 특징은 조카입니다.,-1,힐링 카페,조카
추워요,이 카페의 핵심 특징은 추워요입니다.,253,,추워요
햇살,이 카페의 핵심 특징은 햇살입니다.,112,햇살 좋은 카페,햇살 좋은 카페
강강추,이 카페의 핵심 특징은 강강추입니다.,80,강추,강추
대기의자,이 카페의 핵심 특징은 대기의자입니다.,316,대기,대기
캘린더,이 카페의 핵심 특징은 캘린더입니다.,-1,힐링 카페,캘린더
커피를 좋아하시는 분들,이 카페의 핵심 특징은 커피를 좋아하시는 분들입니다.,145,커피 애호가,커피 애호가
기분좋은 느낌,이 카페의 핵심 특징은 기분좋은 느낌입니다.,-1,힐링 카페,기분좋은 느낌
인스타 갬성,이 카페의 핵심 특징은 인스타 갬성입니다.,248,인스타 감성,인스타 감성
할머니,이 카페의 핵심 특징은 할머니입니다.,78,엄마들 모임,엄마들 모임
버스타기,이 카페의 핵심 특징은 버스타기입니다.,86,,버스타기
간얼음,이 카페의 핵심 특징은 간얼음입니다.,253,,간얼음
기분좋아지는 카페,이 카페의 핵심 특징은 기분좋아지는 카페입니다.,90,기분전환 카페,기분전환 카페
안가고 싶다,이 카페의 핵심 특징은 안가고 싶다입니다.,205,,안가고 싶다
매장 이용,이 카페의 핵심 특징은 매장 이용입니다.,356,,매장 이용
남학생,이 카페의 핵심 특징은 남학생입니다.,131,학생,학생
간단한 작업하기,이 카페의 핵심 특징은 간단한 작업하기입니다.,304,작업하기 좋은 카페,작업하기 좋은 카페
또간집,이 카페의 핵심 특징은 또간집입니다.,19,단골카페,단골카페
빽다방 스탬프 모으기,이 카페의 핵심 특징은 빽다방 스탬프 모으기입니다.,152,빽다방,빽다방
동네 카페탐방,이 카페의 핵심 특징은 동네 카페탐방입니다.,192,동네카페,동네카페
카페인 충전,이 카페의 핵심 특징은 카페인 충전입니다.,265,충전,충전
쿠폰 모으기,이 카페의 핵심 특징은 쿠폰 모으기입니다.,290,이벤트,이벤트
편한 배경음악,이 카페의 핵심 특징은 편한 배경음악입니다.,326,배경음악,배경음악
편하게 쉬기,이 카페의 핵심 특징은 편하게 쉬기입니다.,227,편안한 휴식,편안한 휴식
조용히 있다가기,이 카페의 핵심 특징은 조용히 있다가기입니다.,217,조용한 카페,조용한 카페
편안함,이 카페의 핵심 특징은 편안함입니다.,294,편안한 분위기,편안한 분위기
커피 좋아하는 사람들,이 카페의 핵심 특징은 커피 좋아하는 사람들입니다.,145,커피 애호가,커피 애호가
어두운 느낌의 분위기,이 카페의 핵심 특징은 어두운 느낌의 분위기입니다.,142,어두운 분위기,어두운 분위기
어두운 조명,이 카페의 핵심 특징은 어두운 조명입니다.,142,어두운 분위기,어두운 분위기
재방,이 카페의 핵심 특징은 재방입니다.,50,재방문,재방문
가성비 갑,이 카페의 핵심 특징은 가성비 갑입니다.,54,가성비 카페,가성비 카페
매장내부,이 카페의 핵심 특징은 매장내부입니다.,268,매장 내부,매장 내부
조용한 바같은 분위기,이 카페의 핵심 특징은 조용한 바같은 분위기입니다.,146,조용한 분위기,조용한 분위기
깨끗한 매장,이 카페의 핵심 특징은 깨끗한 매장입니다.,182,청결한 매장,청결한 매장
카페인 땡길때,이 카페의 핵심 특징은 카페인 땡길때입니다.,159,달달한 카페,달달한 카페
커피 테이크아웃 맛집,이 카페의 핵심 특징은 커피 테이크아웃 맛집입니다.,24,테이크아웃,테이크아웃
커피를 좋아하는 분들,이 카페의 핵심 특징은 커피를 좋아하는 분들입니다.,145,커피 애호가,커피 애호가
커피 테이크아웃,이 카페의 핵심 특징은 커피 테이크아웃입니다.,24,테이크아웃,테이크아웃
재즈,이 카페의 핵심 특징은 재즈입니다.,32,재즈 음악,재즈 음악
좌석간 거리,이 카페의 핵심 특징은 좌석간 거리입니다.,38,좌석 간격,좌석 간격
퇴근길,이 카페의 핵심 특징은 퇴근길입니다.,162,출퇴근,출퇴근
커피맛집,이 카페의 핵심 특징은 커피맛집입니다.,53,,커피맛집
가게 인테리어,이 카페의 핵심 특징은 가게 인테리어입니다.,-1,힐링 카페,가게 인테리어
자연대 28동,이 카페의 핵심 특징은 자연대 28동입니다.,111,따뜻한 분위기,따뜻한 분위기
건물 로비층,이 카페의 핵심 특징은 건물 로비층입니다.,-1,힐링 카페,건물 로비층
야외 테이블,이 카페의 핵심 특징은 야외 테이블입니다.,321,야외 좌석,야외 좌석
휑한 느낌,이 카페의 핵심 특징은 휑한 느낌입니다.,-1,힐링 카페,휑한 느낌
아이 러브 플랙,이 카페의 핵심 특징은 아이 러브 플랙입니다.,34,연인과의 특별한 장소,연인과의 특별한 장소
테라로사,이 카페의 핵심 특징은 테라로사입니다.,25,테라스,테라스
동네에 있는 카페,이 카페의 핵심 특징은 동네에 있는 카페입니다.,192,동네카페,동네카페
재즈 노래,이 카페의 핵심 특징은 재즈 노래입니다.,32,재즈 음악,재즈 음악
키오스크,이 카페의 핵심 특징은 키오스크입니다.,291,키오스크,키오스크
엄마랑 자주 가는 것,이 카페의 핵심 특징은 엄마랑 자주 가는 것입니다.,78,엄마들 모임,엄마들 모임
혼카페,이 카페의 핵심 특징은 혼카페입니다.,1,혼자,혼자
친구랑 대화,이 카페의 핵심 특징은 친구랑 대화입니다.,61,친구와 대화하기,친구와 대화하기
벚꽃 뷰,이 카페의 핵심 특징은 벚꽃 뷰입니다.,0,벚꽃,벚꽃
커피사먹기,이 카페의 핵심 특징은 커피사먹기입니다.,365,커피 마니아,커피 마니아
왕 추천,이 카페의 핵심 특징은 왕 추천입니다.,80,강추,강추
따뜻한,이 카페의 핵심 특징은 따뜻한입니다.,111,따뜻한 분위기,따뜻한 분위기
3살 아기,이 카페의 핵심 특징은 3살 아기입니다.,124,아기 동반,아기 동반
음료,이 카페의 핵심 특징은 음료입니다.,364,음료,음료
재미있다,이 카페의 핵심 특징은 재미있다입니다.,102,재미있는 경험,재미있는 경험
또 가고 싶은 느낌,이 카페의 핵심 특징은 또 가고 싶은 느낌입니다.,57,재방문 의사,재방문 의사
빽다방,이 카페의 핵심 특징은 빽다방입니다.,152,빽다방,빽다방
매장 인테리어,이 카페의 핵심 특징은 매장 인테리어입니다.,-1,힐링 카페,매장 인테리어
버스정류장,이 카페의 핵심 특징은 버스정류장입니다.,72,,버스정류장
담번,이 카페의 핵심 특징은 담번입니다.,184,청량한 분위기,청량한 분위기
단둘이,이 카페의 핵심 특징은 단둘이입니다.,56,둘이,둘이
다른 맛 버터샌드,이 카페의 핵심 특징은 다른 맛 버터샌드입니다.,168,고소한 빵,고소한 빵
개성주악,이 카페의 핵심 특징은 개성주악입니다.,-1,힐링 카페,개성주악
식사,이 카페의 핵심 특징은 식사입니다.,243,식사 대용,식사 대용
K-디저트,이 카페의 핵심 특징은 K-디저트입니다.,18,디저트 카페,디저트 카페
기분좋은 소비,이 카페의 핵심 특징은 기분좋은 소비입니다.,245,기분좋은 경험,기분좋은 경험
세련되다,이 카페의 핵심 특징은 세련되다입니다.,105,세련된 분위기,세련된 분위기
인형,이 카페의 핵심 특징은 인형입니다.,59,인형,인형
단골집,이 카페의 핵심 특징은 단골집입니다.,19,단골카페,단골카페
선물세트,이 카페의 핵심 특징은 선물세트입니다.,209,선물,선물
필수코스,이 카페의 핵심 특징은 필수코스입니다.,120,데이트 장소,데이트 장소
아기자기하고 귀여워요,이 카페의 핵심 특징은 아기자기하고 귀여워요입니다.,71,아기자기한 카페,아기자기한 카페
곰팡이 냄새,이 카페의 핵심 특징은 곰팡이 냄새입니다.,200,,곰팡이 냄새
2층 공간,이 카페의 핵심 특징은 2층 공간입니다.,337,2층 카페,2층 카페
보냉팩,이 카페의 핵심 특징은 보냉팩입니다.,253,,보냉팩
2층 분위기,이 카페의 핵심 특징은 2층 분위기입니다.,337,2층 카페,2층 카페
위층 좌석,이 카페의 핵심 특징은 위층 좌석입니다.,297,층,층
가야할 곳,이 카페의 핵심 특징은 가야할 곳입니다.,120,데이트 장소,데이트 장소
전체적으로 디저트들이 달지 않다,이 카페의 핵심 특징은 전체적으로 디저트들이 달지 않다입니다.,18,디저트 카페,디저트 카페
가성비좋은 커피맛집,이 카페의 핵심 특징은 가성비좋은 커피맛집입니다.,54,가성비 카페,가성비 카페
달달한거,이 카페의 핵심 특징은 달달한거입니다.,159,달달한 카페,달달한 카페
가는곳,이 카페의 핵심 특징은 가는곳입니다.,120,데이트 장소,데이트 장소
조용하고 아늑한 분위기,이 카페의 핵심 특징은 조용하고 아늑한 분위기입니다.,176,조용한 분위기,조용한 분위기
시간을 보내기 좋은 곳,이 카페의 핵심 특징은 시간을 보내기 좋은 곳입니다.,257,시간 보내기 좋은 곳,시간 보내기 좋은 곳
가보세요,이 카페의 핵심 특징은 가보세요입니다.,346,방문 추천,방문 추천
기분좋다,이 카페의 핵심 특징은 기분좋다입니다.,245,기분좋은 경험,기분좋은 경험
뽑기 이벤트,이 카페의 핵심 특징은 뽑기 이벤트입니다.,290,이벤트,이벤트
노래,이 카페의 핵심 특징은 노래입니다.,69,매장 음악,매장 음악
작지만 알차다,이 카페의 핵심 특징은 작지만 알차다입니다.,70,작고 귀여운 카페,작고 귀여운 카페
일볼 때,이 카페의 핵심 특징은 일볼 때입니다.,303,작업,작업
답례품,이 카페의 핵심 특징은 답례품입니다.,209,선물,선물
젊은 분들,이 카페의 핵심 특징은 젊은 분들입니다.,104,,젊은 분들
갬성,이 카페의 핵심 특징은 갬성입니다.,226,갬성 카페,갬성 카페
독특한,이 카페의 핵심 특징은 독특한입니다.,173,특별한 카페,특별한 카페
깔끔,이 카페의 핵심 특징은 깔끔입니다.,278,깔끔한 카페,깔끔한 카페
선물하기,이 카페의 핵심 특징은 선물하기입니다.,209,선물,선물
꿀가게,이 카페의 핵심 특징은 꿀가게입니다.,229,디저트,디저트
커피한잔하기,이 카페의 핵심 특징은 커피한잔하기입니다.,350,커피 한잔,커피 한잔
더벤티 매장,이 카페의 핵심 특징은 더벤티 매장입니다.,190,좌석,좌석
통유리,이 카페의 핵심 특징은 통유리입니다.,322,통유리 카페,통유리 카페
근처 사시는 분들,이 카페의 핵심 특징은 근처 사시는 분들입니다.,61,친구와 대화하기,친구와 대화하기
어린이집 생일파티,이 카페의 핵심 특징은 어린이집 생일파티입니다.,223,생일 기념,생일 기념
소소한 선물용,이 카페의 핵심 특징은 소소한 선물용입니다.,209,선물,선물
위린이,이 카페의 핵심 특징은 위린이입니다.,369,,위린이
주차장,이 카페의 핵심 특징은 주차장입니다.,72,,주차장
세미나 할 수 있는 공간,이 카페의 핵심 특징은 세미나 할 수 있는 공간입니다.,213,회의실,회의실
주차시설,이 카페의 핵심 특징은 주차시설입니다.,72,,주차시설
멋진 카페&바,이 카페의 핵심 특징은 멋진 카페&바입니다.,319,멋진 카페,멋진 카페
해장,이 카페의 핵심 특징은 해장입니다.,-1,힐링 카페,해장
나들이,이 카페의 핵심 특징은 나들이입니다.,344,나들이,나들이
이야기,이 카페의 핵심 특징은 이야기입니다.,114,,이야기
오붓하게 얘기하기 좋다,이 카페의 핵심 특징은 오붓하게 얘기하기 좋다입니다.,68,대화하기 좋은 카페,대화하기 좋은 카페
단거,이 카페의 핵심 특징은 단거입니다.,19,단골카페,단골카페
트리,이 카페의 핵심 특징은 트리입니다.,-1,힐링 카페,트리
두런두런 얘기하기 좋은 분위기,이 카페의 핵심 특징은 두런두런 얘기하기 좋은 분위기입니다.,68,대화하기 좋은 카페,대화하기 좋은 카페
집 근처,이 카페의 핵심 특징은 집 근처입니다.,272,집근처 카페,집근처 카페
디저트타임,이 카페의 핵심 특징은 디저트타임입니다.,18,디저트 카페,디저트 카페
우리들만의 아지트,이 카페의 핵심 특징은 우리들만의 아지트입니다.,178,아지트,아지트
레트로 갬성,이 카페의 핵심 특징은 레트로 갬성입니다.,226,갬성 카페,갬성 카페
따뜻한 우드 인테리어,이 카페의 핵심 특징은 따뜻한 우드 인테리어입니다.,31,우드 인테리어,우드 인테리어
다이어트,이 카페의 핵심 특징은 다이어트입니다.,266,다이어트,다이어트
체형 유지,이 카페의 핵심 특징은 체형 유지입니다.,266,다이어트,다이어트
건강을 위한 식단,이 카페의 핵심 특징은 건강을 위한 식단입니다.,239,건강식,건강식
집중 최고치 쌉가능,이 카페의 핵심 특징은 집중 최고치 쌉가능입니다.,100,집중하기 좋은 카페,집중하기 좋은 카페
아이패드,이 카페의 핵심 특징은 아이패드입니다.,-1,힐링 카페,아이패드
토핑,이 카페의 핵심 특징은 토핑입니다.,369,,토핑
베이글,이 카페의 핵심 특징은 베이글입니다.,230,베이커리,베이커리
1층,이 카페의 핵심 특징은 1층입니다.,298,1층 카페,1층 카페
가볍게 먹을 수 있다,이 카페의 핵심 특징은 가볍게 먹을 수 있다입니다.,271,가벼운 식사,가벼운 식사
신림점,이 카페의 핵심 특징은 신림점입니다.,166,신림카페,신림카페
잔잔히 흐르는 음악,이 카페의 핵심 특징은 잔잔히 흐르는 음악입니다.,126,잔잔한 음악,잔잔한 음악
정성이 느껴지는 카페,이 카페의 핵심 특징은 정성이 느껴지는 카페입니다.,292,정감 있는 카페,정감 있는 카페
혼밥,이 카페의 핵심 특징은 혼밥입니다.,1,혼자,혼자
상가,이 카페의 핵심 특징은 상가입니다.,355,가게,가게
휭한 느낌,이 카페의 핵심 특징은 휭한 느낌입니다.,204,카페 느낌,카페 느낌
고급스런,이 카페의 핵심 특징은 고급스런입니다.,52,고급 카페,고급 카페
연극,이 카페의 핵심 특징은 연극입니다.,332,,연극
코스,이 카페의 핵심 특징은 코스입니다.,120,데이트 장소,데이트 장소
운동가기전,이 카페의 핵심 특징은 운동가기전입니다.,163,운동 후 방문,운동 후 방문
책읽으며 커피한잔하기,이 카페의 핵심 특징은 책읽으며 커피한잔하기입니다.,262,책과 커피,책과 커피
입구,이 카페의 핵심 특징은 입구입니다.,219,,입구
놀러가기,이 카페의 핵심 특징은 놀러가기입니다.,344,나들이,나들이
식사대용,이 카페의 핵심 특징은 식사대용입니다.,243,식사 대용,식사 대용
관악아트홀,이 카페의 핵심 특징은 관악아트홀입니다.,215,관악지역,관악지역
관악중앙도서관,이 카페의 핵심 특징은 관악중앙도서관입니다.,215,관악지역,관악지역
조용한 편,이 카페의 핵심 특징은 조용한 편입니다.,217,조용한 카페,조용한 카페
대화하러 오시는 분들,이 카페의 핵심 특징은 대화하러 오시는 분들입니다.,247,대화,대화
가볍게 먹기,이 카페의 핵심 특징은 가볍게 먹기입니다.,271,가벼운 식사,가벼운 식사
건물,이 카페의 핵심 특징은 건물입니다.,-1,힐링 카페,건물
종류가 많다,이 카페의 핵심 특징은 종류가 많다입니다.,318,다양한 메뉴,다양한 메뉴
공간자체,이 카페의 핵심 특징은 공간자체입니다.,211,카페 공간,카페 공간
관악도서관,이 카페의 핵심 특징은 관악도서관입니다.,215,관악지역,관악지역
픽업,이 카페의 핵심 특징은 픽업입니다.,352,배달,배달
들러서 먹고 가기,이 카페의 핵심 특징은 들러서 먹고 가기입니다.,351,줄서서 먹기,줄서서 먹기
최강타워,이 카페의 핵심 특징은 최강타워입니다.,-1,힐링 카페,최강타워
스트레스 해소,이 카페의 핵심 특징은 스트레스 해소입니다.,41,힐링 카페,힐링 카페
사랑스러운 분위기,이 카페의 핵심 특징은 사랑스러운 분위기입니다.,111,따뜻한 분위기,따뜻한 분위기
골목 카페,이 카페의 핵심 특징은 골목 카페입니다.,236,골목 카페,골목 카페
저녁 가볍게 먹고싶을 때,이 카페의 핵심 특징은 저녁 가볍게 먹고싶을 때입니다.,271,가벼운 식사,가벼운 식사
진한건 좋아하는 분들,이 카페의 핵심 특징은 진한건 좋아하는 분들입니다.,138,시원한 분위기,시원한 분위기
할로윈느낌,이 카페의 핵심 특징은 할로윈느낌입니다.,36,할로윈 테마,할로윈 테마
인스타사진 찍기,이 카페의 핵심 특징은 인스타사진 찍기입니다.,249,인스타카페,인스타카페
크리스마스 가족 파티,이 카페의 핵심 특징은 크리스마스 가족 파티입니다.,187,크리스마스 분위기,크리스마스 분위기
건강,이 카페의 핵심 특징은 건강입니다.,239,건강식,건강식
혼자서 브런치,이 카페의 핵심 특징은 혼자서 브런치입니다.,97,혼자 카페,혼자 카페
위생쪽으로 철저하다,이 카페의 핵심 특징은 위생쪽으로 철저하다입니다.,186,위생,위생
식이 조절,이 카페의 핵심 특징은 식이 조절입니다.,266,다이어트,다이어트
건강한 디저트,이 카페의 핵심 특징은 건강한 디저트입니다.,18,디저트 카페,디저트 카페
어른들,이 카페의 핵심 특징은 어른들입니다.,75,어른,어른
디저트맛집,이 카페의 핵심 특징은 디저트맛집입니다.,18,디저트 카페,디저트 카페
배달,이 카페의 핵심 특징은 배달입니다.,352,배달,배달
인스타사진,이 카페의 핵심 특징은 인스타사진입니다.,249,인스타카페,인스타카페
한끼 식사,이 카페의 핵심 특징은 한끼 식사입니다.,-1,힐링 카페,한끼 식사
아기,이 카페의 핵심 특징은 아기입니다.,-1,힐링 카페,아기
온라인 판매,이 카페의 핵심 특징은 온라인 판매입니다.,354,,온라인 판매
신림역,이 카페의 핵심 특징은 신림역입니다.,167,신림역 카페,신림역 카페
입문자,이 카페의 핵심 특징은 입문자입니다.,219,,입문자
애정러,이 카페의 핵심 특징은 애정러입니다.,34,연인과의 특별한 장소,연인과의 특별한 장소
깨끗한 유리잔,이 카페의 핵심 특징은 깨끗한 유리잔입니다.,182,청결한 매장,청결한 매장
감각있는 접시,이 카페의 핵심 특징은 감각있는 접시입니다.,345,,감각있는 접시
다음에 또 가고 싶다,이 카페의 핵심 특징은 다음에 또 가고 싶다입니다.,57,재방문 의사,재방문 의사
색다른 커피,이 카페의 핵심 특징은 색다른 커피입니다.,128,,색다른 커피
건강식,이 카페의 핵심 특징은 건강식입니다.,239,건강식,건강식
양이 적다,이 카페의 핵심 특징은 양이 적다입니다.,-1,힐링 카페,양이 적다
강력 추천,이 카페의 핵심 특징은 강력 추천입니다.,-1,힐링 카페,강력 추천
커피 전문점,이 카페의 핵심 특징은 커피 전문점입니다.,-1,힐링 카페,커피 전문점
힐링하는 기분좋아지는 공간,이 카페의 핵심 특징은 힐링하는 기분좋아지는 공간입니다.,42,힐링 공간,힐링 공간
빵,이 카페의 핵심 특징은 빵입니다.,81,빵집,빵집
혼자 시간 때우기,이 카페의 핵심 특징은 혼자 시간 때우기입니다.,11,혼자만의 시간,혼자만의 시간
테이크아웃 전문 점,이 카페의 핵심 특징은 테이크아웃 전문 점입니다.,24,테이크아웃,테이크아웃
귀여운 냥냥이 사진,이 카페의 핵심 특징은 귀여운 냥냥이 사진입니다.,193,산책,산책
힐링스페이스,이 카페의 핵심 특징은 힐링스페이스입니다.,42,힐링 공간,힐링 공간
고급 바,이 카페의 핵심 특징은 고급 바입니다.,52,고급 카페,고급 카페
열공,이 카페의 핵심 특징은 열공입니다.,-1,힐링 카페,열공
집중하기 좋은 분위기,이 카페의 핵심 특징은 집중하기 좋은 분위기입니다.,100,집중하기 좋은 카페,집중하기 좋은 카페
스터디존,이 카페의 핵심 특징은 스터디존입니다.,123,스터디카페,스터디카페
노트북,이 카페의 핵심 특징은 노트북입니다.,21,노트북 작업,노트북 작업
모던하고 고급스러운 분위기,이 카페의 핵심 특징은 모던하고 고급스러운 분위기입니다.,165,모던한 분위기,모던한 분위기
휴식,이 카페의 핵심 특징은 휴식입니다.,299,휴식,휴식
찾아올만한 가치가 있는 곳,이 카페의 핵심 특징은 찾아올만한 가치가 있는 곳입니다.,346,방문 추천,방문 추천
얘기를 하거나 간단한 노트북 작업,이 카페의 핵심 특징은 얘기를 하거나 간단한 노트북 작업입니다.,21,노트북 작업,노트북 작업
좌석간격,이 카페의 핵심 특징은 좌석간격입니다.,38,좌석 간격,좌석 간격
콘센트자리,이 카페의 핵심 특징은 콘센트자리입니다.,-1,힐링 카페,콘센트자리
동네빵집,이 카페의 핵심 특징은 동네빵집입니다.,66,동네빵집,동네빵집
고양이 키우는 친구집,이 카페의 핵심 특징은 고양이 키우는 친구집입니다.,96,반려동물 카페,반려동물 카페
여유있다,이 카페의 핵심 특징은 여유있다입니다.,206,여유로운 분위기,여유로운 분위기
공간이 넓다,이 카페의 핵심 특징은 공간이 넓다입니다.,358,넓은 공간,넓은 공간
밝은 분위기,이 카페의 핵심 특징은 밝은 분위기입니다.,111,따뜻한 분위기,따뜻한 분위기
공부하는 사람들,이 카페의 핵심 특징은 공부하는 사람들입니다.,132,공부하는 사람들,공부하는 사람들
아침식사,이 카페의 핵심 특징은 아침식사입니다.,284,아침,아침
여유를 느낄 수 있는 공간,이 카페의 핵심 특징은 여유를 느낄 수 있는 공간입니다.,206,여유로운 분위기,여유로운 분위기
혼자 시간 보내기,이 카페의 핵심 특징은 혼자 시간 보내기입니다.,11,혼자만의 시간,혼자만의 시간
눈치 보이다,이 카페의 핵심 특징은 눈치 보이다입니다.,328,,눈치 보이다
빵사러,이 카페의 핵심 특징은 빵사러입니다.,81,빵집,빵집
주말아침,이 카페의 핵심 특징은 주말아침입니다.,279,주말 카페,주말 카페
불금,이 카페의 핵심 특징은 불금입니다.,140,반지 만들기,반지 만들기
아침,이 카페의 핵심 특징은 아침입니다.,284,아침,아침
행복,이 카페의 핵심 특징은 행복입니다.,121,행복한 분위기,행복한 분위기
층,이 카페의 핵심 특징은 층입니다.,297,층,층
신선한 느낌,이 카페의 핵심 특징은 신선한 느낌입니다.,138,시원한 분위기,시원한 분위기
아침 배드민턴 대회,이 카페의 핵심 특징은 아침 배드민턴 대회입니다.,284,아침,아침
혼자 작업하기,이 카페의 핵심 특징은 혼자 작업하기입니다.,87,혼자 작업,혼자 작업
집에서 1분 거리,이 카페의 핵심 특징은 집에서 1분 거리입니다.,272,집근처 카페,집근처 카페
즐거운 느낌,이 카페의 핵심 특징은 즐거운 느낌입니다.,154,즐거운 분위기,즐거운 분위기
동네의 보석같은 빵집,이 카페의 핵심 특징은 동네의 보석같은 빵집입니다.,66,동네빵집,동네빵집
존맛탱,이 카페의 핵심 특징은 존맛탱입니다.,293,맛,맛
테이블간 간격,이 카페의 핵심 특징은 테이블간 간격입니다.,38,좌석 간격,좌석 간격
엉니,이 카페의 핵심 특징은 엉니입니다.,369,,엉니
할리스,이 카페의 핵심 특징은 할리스입니다.,98,난곡 할리스,난곡 할리스
포장박스,이 카페의 핵심 특징은 포장박스입니다.,172,포장,포장
생일 기념,이 카페의 핵심 특징은 생일 기념입니다.,223,생일 기념,생일 기념
다음에 또 가려고요,이 카페의 핵심 특징은 다음에 또 가려고요입니다.,57,재방문 의사,재방문 의사
담소 나누기,이 카페의 핵심 특징은 담소 나누기입니다.,269,대화,대화
고소한 빵내음,이 카페의 핵심 특징은 고소한 빵내음입니다.,168,고소한 빵,고소한 빵
모든 메뉴들 도장깨기,이 카페의 핵심 특징은 모든 메뉴들 도장깨기입니다.,191,전체 카페,전체 카페
공부 분위기,이 카페의 핵심 특징은 공부 분위기입니다.,23,공부하기 좋은 카페,공부하기 좋은 카페
지하층,이 카페의 핵심 특징은 지하층입니다.,58,지하 공간,지하 공간
혼자 사 먹기,이 카페의 핵심 특징은 혼자 사 먹기입니다.,9,혼자 먹기,혼자 먹기
친구와 오기,이 카페의 핵심 특징은 친구와 오기입니다.,276,친구와의 만남,친구와의 만남
위생적,이 카페의 핵심 특징은 위생적입니다.,186,위생,위생
공부족,이 카페의 핵심 특징은 공부족입니다.,-1,힐링 카페,공부족
집중,이 카페의 핵심 특징은 집중입니다.,99,집중하기,집중하기
동네 최애 빵집,이 카페의 핵심 특징은 동네 최애 빵집입니다.,66,동네빵집,동네빵집
대천,이 카페의 핵심 특징은 대천입니다.,323,,대천
신년카드,이 카페의 핵심 특징은 신년카드입니다.,187,크리스마스 분위기,크리스마스 분위기
귀요미,이 카페의 핵심 특징은 귀요미입니다.,109,귀여움,귀여움
디저트 고르기 좋은곳,이 카페의 핵심 특징은 디저트 고르기 좋은곳입니다.,18,디저트 카페,디저트 카페
기념일 케이크,이 카페의 핵심 특징은 기념일 케이크입니다.,223,생일 기념,생일 기념
시끄러운 밴드 음악,이 카페의 핵심 특징은 시끄러운 밴드 음악입니다.,83,시끄러운 분위기,시끄러운 분위기
간편하게 먹다,이 카페의 핵심 특징은 간편하게 먹다입니다.,244,간단한 식사,간단한 식사
당충전용,이 카페의 핵심 특징은 당충전용입니다.,265,충전,충전
서울대입구,이 카페의 핵심 특징은 서울대입구입니다.,233,서울대 카페,서울대 카페
흡연실,이 카페의 핵심 특징은 흡연실입니다.,151,,흡연실
종류 다양함,이 카페의 핵심 특징은 종류 다양함입니다.,318,다양한 메뉴,다양한 메뉴
공부하러 가는 곳,이 카페의 핵심 특징은 공부하러 가는 곳입니다.,198,공부하기,공부하기
1인 빙수,이 카페의 핵심 특징은 1인 빙수입니다.,-1,힐링 카페,1인 빙수
2인 빙수,이 카페의 핵심 특징은 2인 빙수입니다.,-1,힐링 카페,2인 빙수
예약,이 카페의 핵심 특징은 예약입니다.,19,단골카페,단골카페
어른들 디저트 선물,이 카페의 핵심 특징은 어른들 디저트 선물입니다.,18,디저트 카페,디저트 카페
아기자기 한 매장,이 카페의 핵심 특징은 아기자기 한 매장입니다.,63,아기자기한 카페,아기자기한 카페
가끔 방문,이 카페의 핵심 특징은 가끔 방문입니다.,259,가끔 방문,가끔 방문
락스냄새,이 카페의 핵심 특징은 락스냄새입니다.,200,,락스냄새
어린이집 선생님들,이 카페의 핵심 특징은 어린이집 선생님들입니다.,-1,힐링 카페,어린이집 선생님들
상큼하다,이 카페의 핵심 특징은 상큼하다입니다.,169,상큼한 맛,상큼한 맛
핫플,이 카페의 핵심 특징은 핫플입니다.,137,핫플레이스,핫플레이스
빵맛집,이 카페의 핵심 특징은 빵맛집입니다.,81,빵집,빵집
제스스럼없이 가는 카페,이 카페의 핵심 특징은 제스스럼없이 가는 카페입니다.,228,,제스스럼없이 가는 카페
테이블 간격,이 카페의 핵심 특징은 테이블 간격입니다.,38,좌석 간격,좌석 간격
여러명,이 카페의 핵심 특징은 여러명입니다.,315,단체 이용,단체 이용
혼자 가서 작업,이 카페의 핵심 특징은 혼자 가서 작업입니다.,87,혼자 작업,혼자 작업
회의하기,이 카페의 핵심 특징은 회의하기입니다.,213,회의실,회의실
사장님 철학이 느껴지는 곳,이 카페의 핵심 특징은 사장님 철학이 느껴지는 곳입니다.,203,사장님,사장님
조용하고 한적한,이 카페의 핵심 특징은 조용하고 한적한입니다.,196,한적한 분위기,한적한 분위기
매일 마시기 좋은 카페,이 카페의 핵심 특징은 매일 마시기 좋은 카페입니다.,325,,매일 마시기 좋은 카페
참새방앗간같은 곳,이 카페의 핵심 특징은 참새방앗간같은 곳입니다.,311,아늑한 카페,아늑한 카페
잔잔한 노래,이 카페의 핵심 특징은 잔잔한 노래입니다.,126,잔잔한 음악,잔잔한 음악
넓은 공간,이 카페의 핵심 특징은 넓은 공간입니다.,358,넓은 공간,넓은 공간
1.5도씨,이 카페의 핵심 특징은 1.5도씨입니다.,110,,1.5도씨
리필스테이션,이 카페의 핵심 특징은 리필스테이션입니다.,359,카페 인테리어,카페 인테리어
재미나고 신기한것,이 카페의 핵심 특징은 재미나고 신기한것입니다.,102,재미있는 경험,재미있는 경험
원두향,이 카페의 핵심 특징은 원두향입니다.,37,원두,원두
조용한 음악,이 카페의 핵심 특징은 조용한 음악입니다.,-1,힐링 카페,조용한 음악
구경,이 카페의 핵심 특징은 구경입니다.,101,,구경
잔잔한,이 카페의 핵심 특징은 잔잔한입니다.,117,잔잔한 분위기,잔잔한 분위기
따뜻한 곳,이 카페의 핵심 특징은 따뜻한 곳입니다.,111,따뜻한 분위기,따뜻한 분위기
사랑방,이 카페의 핵심 특징은 사랑방입니다.,5,사랑방,사랑방
조용히 책 읽기에 좋다,이 카페의 핵심 특징은 조용히 책 읽기에 좋다입니다.,30,조용한 독서 공간,조용한 독서 공간
동네 주민,이 카페의 핵심 특징은 동네 주민입니다.,192,동네카페,동네카페
조용한 매장,이 카페의 핵심 특징은 조용한 매장입니다.,216,조용한 카페,조용한 카페
제로웨이스트 카페,이 카페의 핵심 특징은 제로웨이스트 카페입니다.,-1,힐링 카페,제로웨이스트 카페
제로웨이스트샵,이 카페의 핵심 특징은 제로웨이스트샵입니다.,-1,힐링 카페,제로웨이스트샵
양모로 만든 키링,이 카페의 핵심 특징은 양모로 만든 키링입니다.,234,,양모로 만든 키링
우리동네 핫플레이스,이 카페의 핵심 특징은 우리동네 핫플레이스입니다.,137,핫플레이스,핫플레이스
2층단독건물,이 카페의 핵심 특징은 2층단독건물입니다.,337,2층 카페,2층 카페
리필샵,이 카페의 핵심 특징은 리필샵입니다.,359,카페 인테리어,카페 인테리어
비건제품,이 카페의 핵심 특징은 비건제품입니다.,60,,비건제품
제로 웨이스트샵,이 카페의 핵심 특징은 제로 웨이스트샵입니다.,-1,힐링 카페,제로 웨이스트샵
가게 넓다,이 카페의 핵심 특징은 가게 넓다입니다.,358,넓은 공간,넓은 공간
힐링타임,이 카페의 핵심 특징은 힐링타임입니다.,-1,힐링 카페,힐링타임
더워요,이 카페의 핵심 특징은 더워요입니다.,136,더위,더위
에코라이프를 실천하기 좋은곳,이 카페의 핵심 특징은 에코라이프를 실천하기 좋은곳입니다.,-1,힐링 카페,에코라이프를 실천하기 좋은곳
주방,이 카페의 핵심 특징은 주방입니다.,-1,힐링 카페,주방
남자화장실,이 카페의 핵심 특징은 남자화장실입니다.,14,화장실,화장실
조리공간,이 카페의 핵심 특징은 조리공간입니다.,-1,힐링 카페,조리공간
와플기계,이 카페의 핵심 특징은 와플기계입니다.,-1,힐링 카페,와플기계
더럽다,이 카페의 핵심 특징은 더럽다입니다.,83,시끄러운 분위기,시끄러운 분위기
오지마세요,이 카페의 핵심 특징은 오지마세요입니다.,-1,힐링 카페,오지마세요
입구쪽,이 카페의 핵심 특징은 입구쪽입니다.,219,,입구쪽
늦게까지 여는 카페,이 카페의 핵심 특징은 늦게까지 여는 카페입니다.,134,늦은 시간 카페,늦은 시간 카페
"2,3층 매장","이 카페의 핵심 특징은 2,3층 매장입니다.",333,층수,층수
3층,이 카페의 핵심 특징은 3층입니다.,12,,3층
젊은층 모임장소,이 카페의 핵심 특징은 젊은층 모임장소입니다.,104,,젊은층 모임장소
흡연실 창문,이 카페의 핵심 특징은 흡연실 창문입니다.,151,,흡연실 창문
커피마시기,이 카페의 핵심 특징은 커피마시기입니다.,365,커피 마니아,커피 마니아
음악소리,이 카페의 핵심 특징은 음악소리입니다.,93,음악 분위기,음악 분위기
폭풍수다,이 카페의 핵심 특징은 폭풍수다입니다.,305,,폭풍수다
느긋함,이 카페의 핵심 특징은 느긋함입니다.,-1,힐링 카페,느긋함
이용객,이 카페의 핵심 특징은 이용객입니다.,242,,이용객
방문하기 좋은곳,이 카페의 핵심 특징은 방문하기 좋은곳입니다.,346,방문 추천,방문 추천
"2,3층","이 카페의 핵심 특징은 2,3층입니다.",333,층수,층수
시끄러웠던,이 카페의 핵심 특징은 시끄러웠던입니다.,83,시끄러운 분위기,시끄러운 분위기
여자화장실,이 카페의 핵심 특징은 여자화장실입니다.,14,화장실,화장실
인스타샷,이 카페의 핵심 특징은 인스타샷입니다.,249,인스타카페,인스타카페
여자분들,이 카페의 핵심 특징은 여자분들입니다.,-1,힐링 카페,여자분들
매징,이 카페의 핵심 특징은 매징입니다.,-1,힐링 카페,매징
거울,이 카페의 핵심 특징은 거울입니다.,13,,거울
사진 찍기 좋은 장소,이 카페의 핵심 특징은 사진 찍기 좋은 장소입니다.,35,사진 찍기 좋은 카페,사진 찍기 좋은 카페
신림역카페,이 카페의 핵심 특징은 신림역카페입니다.,167,신림역 카페,신림역 카페
대형카페,이 카페의 핵심 특징은 대형카페입니다.,362,테이블,테이블
흡연장,이 카페의 핵심 특징은 흡연장입니다.,151,,흡연장
고급진 분위기,이 카페의 핵심 특징은 고급진 분위기입니다.,52,고급 카페,고급 카페
통유리 카페,이 카페의 핵심 특징은 통유리 카페입니다.,322,통유리 카페,통유리 카페
친구랑 얘기하기,이 카페의 핵심 특징은 친구랑 얘기하기입니다.,61,친구와 대화하기,친구와 대화하기
담배냄새,이 카페의 핵심 특징은 담배냄새입니다.,200,,담배냄새
단거 좋아하시는 분들,이 카페의 핵심 특징은 단거 좋아하시는 분들입니다.,144,단맛 선호,단맛 선호
엄마들 모임,이 카페의 핵심 특징은 엄마들 모임입니다.,78,엄마들 모임,엄마들 모임
혼자와서 공부하기,이 카페의 핵심 특징은 혼자와서 공부하기입니다.,94,혼자 공부하기,혼자 공부하기
매장 안,이 카페의 핵심 특징은 매장 안입니다.,268,매장 내부,매장 내부
외관,이 카페의 핵심 특징은 외관입니다.,288,외관,외관
내관,이 카페의 핵심 특징은 내관입니다.,340,내부 인테리어,내부 인테리어
흡연실 있는 카페,이 카페의 핵심 특징은 흡연실 있는 카페입니다.,151,,흡연실 있는 카페
쾌적함,이 카페의 핵심 특징은 쾌적함입니다.,40,,쾌적함
매장분위기,이 카페의 핵심 특징은 매장분위기입니다.,127,카페 분위기,카페 분위기
기분 좋은 빵집,이 카페의 핵심 특징은 기분 좋은 빵집입니다.,-1,힐링 카페,기분 좋은 빵집
소소하게 빵 먹으러,이 카페의 핵심 특징은 소소하게 빵 먹으러입니다.,82,작은 빵집,작은 빵집
기분 좋은 곳,이 카페의 핵심 특징은 기분 좋은 곳입니다.,-1,힐링 카페,기분 좋은 곳
1인가구,이 카페의 핵심 특징은 1인가구입니다.,343,1인 카페,1인 카페
삭막한 동네,이 카페의 핵심 특징은 삭막한 동네입니다.,-1,힐링 카페,삭막한 동네
1인 가구,이 카페의 핵심 특징은 1인 가구입니다.,343,1인 카페,1인 카페
서림동 맛집,이 카페의 핵심 특징은 서림동 맛집입니다.,166,신림카페,신림카페
단골빵집,이 카페의 핵심 특징은 단골빵집입니다.,-1,힐링 카페,단골빵집
우리동네 빵집,이 카페의 핵심 특징은 우리동네 빵집입니다.,66,동네빵집,동네빵집
식감,이 카페의 핵심 특징은 식감입니다.,293,맛,맛
뒷맛,이 카페의 핵심 특징은 뒷맛입니다.,286,간식,간식
기분좋아지는 곳,이 카페의 핵심 특징은 기분좋아지는 곳입니다.,89,기분좋은 장소,기분좋은 장소
책 보러 가는 것,이 카페의 핵심 특징은 책 보러 가는 것입니다.,189,책읽기 좋은 카페,책읽기 좋은 카페
한적함,이 카페의 핵심 특징은 한적함입니다.,197,한적한 카페,한적한 카페
적당히 넓다,이 카페의 핵심 특징은 적당히 넓다입니다.,358,넓은 공간,넓은 공간
혼자서 과제하러,이 카페의 핵심 특징은 혼자서 과제하러입니다.,-1,힐링 카페,혼자서 과제하러
창가 자리,이 카페의 핵심 특징은 창가 자리입니다.,3,창가자리,창가자리
큰 창,이 카페의 핵심 특징은 큰 창입니다.,160,창문뷰,창문뷰
푸릇한 뷰,이 카페의 핵심 특징은 푸릇한 뷰입니다.,237,뷰,뷰
넓은 개방감,이 카페의 핵심 특징은 넓은 개방감입니다.,353,,넓은 개방감
매력있고 힙한,이 카페의 핵심 특징은 매력있고 힙한입니다.,153,힙한 카페,힙한 카페
커피만 먹으러 오는 것,이 카페의 핵심 특징은 커피만 먹으러 오는 것입니다.,74,혼자 커피,혼자 커피
바형식 자리,이 카페의 핵심 특징은 바형식 자리입니다.,174,자리,자리
혼자와서 작업하기,이 카페의 핵심 특징은 혼자와서 작업하기입니다.,87,혼자 작업,혼자 작업
커플이랑 친구들이랑,이 카페의 핵심 특징은 커플이랑 친구들이랑입니다.,33,커플,커플
디저트 먹으러 방문하기,이 카페의 핵심 특징은 디저트 먹으러 방문하기입니다.,18,디저트 카페,디저트 카페
작업러들,이 카페의 핵심 특징은 작업러들입니다.,232,직원들,직원들
음악 선곡,이 카페의 핵심 특징은 음악 선곡입니다.,43,음악선곡,음악선곡
작업실같은 분위기,이 카페의 핵심 특징은 작업실같은 분위기입니다.,-1,힐링 카페,작업실같은 분위기
공부나 작업할 카페,이 카페의 핵심 특징은 공부나 작업할 카페입니다.,22,공부하기 좋은 카페,공부하기 좋은 카페
흡연 구역,이 카페의 핵심 특징은 흡연 구역입니다.,151,,흡연 구역
감성적인 분위기,이 카페의 핵심 특징은 감성적인 분위기입니다.,170,감성적인 카페,감성적인 카페
따뜻하고 아늑한 느낌,이 카페의 핵심 특징은 따뜻하고 아늑한 느낌입니다.,164,따뜻한 분위기,따뜻한 분위기
고풍스러움,이 카페의 핵심 특징은 고풍스러움입니다.,79,고즈넉한 분위기,고즈넉한 분위기
스탠리 컵,이 카페의 핵심 특징은 스탠리 컵입니다.,363,컵,컵
모던 분위기,이 카페의 핵심 특징은 모던 분위기입니다.,165,모던한 분위기,모던한 분위기
대화형 앤틱,이 카페의 핵심 특징은 대화형 앤틱입니다.,-1,힐링 카페,대화형 앤틱
깔끔함,이 카페의 핵심 특징은 깔끔함입니다.,278,깔끔한 카페,깔끔한 카페
여자 화장실,이 카페의 핵심 특징은 여자 화장실입니다.,14,화장실,화장실
센스가 가득한 카페,이 카페의 핵심 특징은 센스가 가득한 카페입니다.,-1,힐링 카페,센스가 가득한 카페
선곡,이 카페의 핵심 특징은 선곡입니다.,43,음악선곡,음악선곡
아기자기한 인형들,이 카페의 핵심 특징은 아기자기한 인형들입니다.,59,인형,인형
편한 카페,이 카페의 핵심 특징은 편한 카페입니다.,295,편안한 카페,편안한 카페
세련된 인테리어,이 카페의 핵심 특징은 세련된 인테리어입니다.,105,세련된 분위기,세련된 분위기
기분 좋은 사람들의 말소리,이 카페의 핵심 특징은 기분 좋은 사람들의 말소리입니다.,246,기분 좋은,기분 좋은
이쁘고 힙한 카페,이 카페의 핵심 특징은 이쁘고 힙한 카페입니다.,153,힙한 카페,힙한 카페
얘기 나누기,이 카페의 핵심 특징은 얘기 나누기입니다.,269,대화,대화
오미자차,이 카페의 핵심 특징은 오미자차입니다.,-1,힐링 카페,오미자차
고급 카페,이 카페의 핵심 특징은 고급 카페입니다.,52,고급 카페,고급 카페
휴양지 인테리어,이 카페의 핵심 특징은 휴양지 인테리어입니다.,359,카페 인테리어,카페 인테리어
비오는날 분위기 좋은곳,이 카페의 핵심 특징은 비오는날 분위기 좋은곳입니다.,2,비오는 날,비오는 날
엔티크한 가구,이 카페의 핵심 특징은 엔티크한 가구입니다.,251,,엔티크한 가구
세련된 조명,이 카페의 핵심 특징은 세련된 조명입니다.,143,조명 분위기,조명 분위기
넓고 쾌적한,이 카페의 핵심 특징은 넓고 쾌적한입니다.,39,넓고 쾌적한 공간,넓고 쾌적한 공간
희망 같은 곳,이 카페의 핵심 특징은 희망 같은 곳입니다.,311,아늑한 카페,아늑한 카페
에어컨,이 카페의 핵심 특징은 에어컨입니다.,349,,에어컨
앤틱가구들,이 카페의 핵심 특징은 앤틱가구들입니다.,251,,앤틱가구들
라탄조명,이 카페의 핵심 특징은 라탄조명입니다.,143,조명 분위기,조명 분위기
안,이 카페의 핵심 특징은 안입니다.,335,안쪽 자리,안쪽 자리
곳곳,이 카페의 핵심 특징은 곳곳입니다.,367,,곳곳
대왕 곰돌이,이 카페의 핵심 특징은 대왕 곰돌이입니다.,80,강추,강추
6-7인석,이 카페의 핵심 특징은 6-7인석입니다.,275,단체 좌석,단체 좌석
감각적,이 카페의 핵심 특징은 감각적입니다.,170,감성적인 카페,감성적인 카페
단체모임,이 카페의 핵심 특징은 단체모임입니다.,263,단체 모임,단체 모임
깔끔하고 정돈이 잘된 느낌,이 카페의 핵심 특징은 깔끔하고 정돈이 잘된 느낌입니다.,277,깔끔한 분위기,깔끔한 분위기
친절한 카페,이 카페의 핵심 특징은 친절한 카페입니다.,103,친절한 카페,친절한 카페
근처에 사시는 분들,이 카페의 핵심 특징은 근처에 사시는 분들입니다.,61,친구와 대화하기,친구와 대화하기
테이크아웃 포장,이 카페의 핵심 특징은 테이크아웃 포장입니다.,24,테이크아웃,테이크아웃
찻잔,이 카페의 핵심 특징은 찻잔입니다.,-1,힐링 카페,찻잔
카페안,이 카페의 핵심 특징은 카페안입니다.,-1,힐링 카페,카페안
사진찍기 좋은,이 카페의 핵심 특징은 사진찍기 좋은입니다.,35,사진 찍기 좋은 카페,사진 찍기 좋은 카페
친구랑 오기,이 카페의 핵심 특징은 친구랑 오기입니다.,276,친구와의 만남,친구와의 만남
사진 찍기,이 카페의 핵심 특징은 사진 찍기입니다.,17,사진찍기,사진찍기
친절함,이 카페의 핵심 특징은 친절함입니다.,103,친절한 카페,친절한 카페
이벤트,이 카페의 핵심 특징은 이벤트입니다.,290,이벤트,이벤트
홀더 디자인,이 카페의 핵심 특징은 홀더 디자인입니다.,44,홀더,홀더
봄맞이 기분전환,이 카페의 핵심 특징은 봄맞이 기분전환입니다.,90,기분전환 카페,기분전환 카페
컵홀더,이 카페의 핵심 특징은 컵홀더입니다.,44,홀더,홀더
알록달록한 곳,이 카페의 핵심 특징은 알록달록한 곳입니다.,236,골목 카페,골목 카페
가성비 좋은,이 카페의 핵심 특징은 가성비 좋은입니다.,54,가성비 카페,가성비 카페
아이 사진찍기,이 카페의 핵심 특징은 아이 사진찍기입니다.,17,사진찍기,사진찍기
늦은 시간,이 카페의 핵심 특징은 늦은 시간입니다.,134,늦은 시간 카페,늦은 시간 카페
바깥 자리,이 카페의 핵심 특징은 바깥 자리입니다.,288,외관,외관
색감,이 카페의 핵심 특징은 색감입니다.,256,색감,색감
가볼만하다,이 카페의 핵심 특징은 가볼만하다입니다.,346,방문 추천,방문 추천
아이스크림가게를 닮은 비주얼,이 카페의 핵심 특징은 아이스크림가게를 닮은 비주얼입니다.,311,아늑한 카페,아늑한 카페
해장 음료,이 카페의 핵심 특징은 해장 음료입니다.,-1,힐링 카페,해장 음료
화려한 간판,이 카페의 핵심 특징은 화려한 간판입니다.,353,,화려한 간판
감성있는 매장 음악,이 카페의 핵심 특징은 감성있는 매장 음악입니다.,69,매장 음악,매장 음악
미국 온 느낌,이 카페의 핵심 특징은 미국 온 느낌입니다.,204,카페 느낌,카페 느낌
케이크 추천,이 카페의 핵심 특징은 케이크 추천입니다.,229,디저트,디저트
널찍하다,이 카페의 핵심 특징은 널찍하다입니다.,228,,널찍하다
알록달록,이 카페의 핵심 특징은 알록달록입니다.,236,골목 카페,골목 카페
원두맛,이 카페의 핵심 특징은 원두맛입니다.,37,원두,원두
기분좋은,이 카페의 핵심 특징은 기분좋은입니다.,245,기분좋은 경험,기분좋은 경험
이야기나누기,이 카페의 핵심 특징은 이야기나누기입니다.,114,,이야기나누기
조용하고 분위기 있게,이 카페의 핵심 특징은 조용하고 분위기 있게입니다.,176,조용한 분위기,조용한 분위기
차 한잔 마시기 좋은 장소,이 카페의 핵심 특징은 차 한잔 마시기 좋은 장소입니다.,-1,힐링 카페,차 한잔 마시기 좋은 장소
대화하러 가기,이 카페의 핵심 특징은 대화하러 가기입니다.,247,대화,대화
아지트 같은 느낌,이 카페의 핵심 특징은 아지트 같은 느낌입니다.,62,아지트 카페,아지트 카페
내부 인테리어,이 카페의 핵심 특징은 내부 인테리어입니다.,287,인테리어,인테리어
차마시기,이 카페의 핵심 특징은 차마시기입니다.,257,시간 보내기 좋은 곳,시간 보내기 좋은 곳
아기자기한 식물들,이 카페의 핵심 특징은 아기자기한 식물들입니다.,317,식물 인테리어,식물 인테리어
감성카페,이 카페의 핵심 특징은 감성카페입니다.,218,감성카페,감성카페
멍,이 카페의 핵심 특징은 멍입니다.,60,,멍
다른 색들의 나무랑 하늘로 갈아입은 풍경,이 카페의 핵심 특징은 다른 색들의 나무랑 하늘로 갈아입은 풍경입니다.,329,아름다운 풍경,아름다운 풍경
사색,이 카페의 핵심 특징은 사색입니다.,204,카페 느낌,카페 느낌
혼자 가서 집중하기,이 카페의 핵심 특징은 혼자 가서 집중하기입니다.,95,혼자 공부하기,혼자 공부하기
아늑한 카페,이 카페의 핵심 특징은 아늑한 카페입니다.,115,아늑한 카페,아늑한 카페
따뜻한 자연광,이 카페의 핵심 특징은 따뜻한 자연광입니다.,111,따뜻한 분위기,따뜻한 분위기
아늑한 쉼터,이 카페의 핵심 특징은 아늑한 쉼터입니다.,311,아늑한 카페,아늑한 카페
감성적,이 카페의 핵심 특징은 감성적입니다.,170,감성적인 카페,감성적인 카페
딸들,이 카페의 핵심 특징은 딸들입니다.,141,자녀,자녀
혼자 갈 카페,이 카페의 핵심 특징은 혼자 갈 카페입니다.,77,혼자 카페,혼자 카페
커피 향기,이 카페의 핵심 특징은 커피 향기입니다.,201,커피향,커피향
창가 쪽 자리,이 카페의 핵심 특징은 창가 쪽 자리입니다.,3,창가자리,창가자리
조용하고 쾌적하다,이 카페의 핵심 특징은 조용하고 쾌적하다입니다.,156,조용하고 쾌적한,조용하고 쾌적한
혼자 작업하는 사람,이 카페의 핵심 특징은 혼자 작업하는 사람입니다.,87,혼자 작업,혼자 작업
과외,이 카페의 핵심 특징은 과외입니다.,288,외관,외관
특별한 곳,이 카페의 핵심 특징은 특별한 곳입니다.,173,특별한 카페,특별한 카페
혼자 와서 책 한 권 읽기,이 카페의 핵심 특징은 혼자 와서 책 한 권 읽기입니다.,4,혼자 책읽기,혼자 책읽기
특유의 분위기,이 카페의 핵심 특징은 특유의 분위기입니다.,127,카페 분위기,카페 분위기
책 읽으러 오기,이 카페의 핵심 특징은 책 읽으러 오기입니다.,189,책읽기 좋은 카페,책읽기 좋은 카페
바깥 보면서 멍 때리기,이 카페의 핵심 특징은 바깥 보면서 멍 때리기입니다.,60,,바깥 보면서 멍 때리기
작업하는 사람들,이 카페의 핵심 특징은 작업하는 사람들입니다.,232,직원들,직원들
우드 톤 인테리어,이 카페의 핵심 특징은 우드 톤 인테리어입니다.,31,우드 인테리어,우드 인테리어
혼자 오시는 분들,이 카페의 핵심 특징은 혼자 오시는 분들입니다.,10,혼자 오는 손님,혼자 오는 손님
디박,이 카페의 핵심 특징은 디박입니다.,19,단골카페,단골카페
bar 테이블,이 카페의 핵심 특징은 bar 테이블입니다.,362,테이블,테이블
바깥 풍경,이 카페의 핵심 특징은 바깥 풍경입니다.,330,바깥 풍경,바깥 풍경
차분한 지브리 음악,이 카페의 핵심 특징은 차분한 지브리 음악입니다.,29,지브리 감성,지브리 감성
공부하러 오신 분들,이 카페의 핵심 특징은 공부하러 오신 분들입니다.,132,공부하는 사람들,공부하는 사람들
혼자 노트북하기,이 카페의 핵심 특징은 혼자 노트북하기입니다.,88,혼자 노트북,혼자 노트북
고요함,이 카페의 핵심 특징은 고요함입니다.,-1,힐링 카페,고요함
창가,이 카페의 핵심 특징은 창가입니다.,3,창가자리,창가자리
나무 뷰,이 카페의 핵심 특징은 나무 뷰입니다.,238,숲뷰,숲뷰
애정하는 곳,이 카페의 핵심 특징은 애정하는 곳입니다.,34,연인과의 특별한 장소,연인과의 특별한 장소
피아노 음악,이 카페의 핵심 특징은 피아노 음악입니다.,93,음악 분위기,음악 분위기
초록뷰,이 카페의 핵심 특징은 초록뷰입니다.,-1,힐링 카페,초록뷰
창가자리,이 카페의 핵심 특징은 창가자리입니다.,3,창가자리,창가자리
엘리베이터,이 카페의 핵심 특징은 엘리베이터입니다.,267,,엘리베이터
창밖 풍경,이 카페의 핵심 특징은 창밖 풍경입니다.,330,바깥 풍경,바깥 풍경
조용하고 평화로운 분위기,이 카페의 핵심 특징은 조용하고 평화로운 분위기입니다.,176,조용한 분위기,조용한 분위기
디지털 디톡스,이 카페의 핵심 특징은 디지털 디톡스입니다.,266,다이어트,다이어트
흐르는 음악,이 카페의 핵심 특징은 흐르는 음악입니다.,93,음악 분위기,음악 분위기
식물,이 카페의 핵심 특징은 식물입니다.,317,식물 인테리어,식물 인테리어
싱그러운 느낌,이 카페의 핵심 특징은 싱그러운 느낌입니다.,-1,힐링 카페,싱그러운 느낌
힐링 플레이스,이 카페의 핵심 특징은 힐링 플레이스입니다.,42,힐링 공간,힐링 공간
평온한 시간,이 카페의 핵심 특징은 평온한 시간입니다.,207,평온한 시간,평온한 시간
고즈넉한 분위기,이 카페의 핵심 특징은 고즈넉한 분위기입니다.,79,고즈넉한 분위기,고즈넉한 분위기
차분한 노래,이 카페의 핵심 특징은 차분한 노래입니다.,135,조용한 분위기,조용한 분위기
혼자 힐링하러 오기,이 카페의 핵심 특징은 혼자 힐링하러 오기입니다.,74,혼자 커피,혼자 커피
아늑한 공간,이 카페의 핵심 특징은 아늑한 공간입니다.,115,아늑한 카페,아늑한 카페
풍경,이 카페의 핵심 특징은 풍경입니다.,329,아름다운 풍경,아름다운 풍경
책읽고 글쓰기,이 카페의 핵심 특징은 책읽고 글쓰기입니다.,282,독서,독서
피아노음악이 흐르는 카페,이 카페의 핵심 특징은 피아노음악이 흐르는 카페입니다.,93,음악 분위기,음악 분위기
좋은 곳,이 카페의 핵심 특징은 좋은 곳입니다.,324,좋은 카페,좋은 카페
편안한 음악,이 카페의 핵심 특징은 편안한 음악입니다.,-1,힐링 카페,편안한 음악
잔잔한 지브리 감성,이 카페의 핵심 특징은 잔잔한 지브리 감성입니다.,29,지브리 감성,지브리 감성
혼자가서 작업,이 카페의 핵심 특징은 혼자가서 작업입니다.,87,혼자 작업,혼자 작업
창 밖 풍경,이 카페의 핵심 특징은 창 밖 풍경입니다.,330,바깥 풍경,바깥 풍경
평온함,이 카페의 핵심 특징은 평온함입니다.,207,평온한 시간,평온한 시간
최애카페,이 카페의 핵심 특징은 최애카페입니다.,309,최애 카페,최애 카페
혼자 생각정리하기,이 카페의 핵심 특징은 혼자 생각정리하기입니다.,95,혼자 공부하기,혼자 공부하기
지인들,이 카페의 핵심 특징은 지인들입니다.,51,지인 모임,지인 모임
혼자있는 손님,이 카페의 핵심 특징은 혼자있는 손님입니다.,97,혼자 카페,혼자 카페
배경음악,이 카페의 핵심 특징은 배경음악입니다.,326,배경음악,배경음악
손님들,이 카페의 핵심 특징은 손님들입니다.,242,,손님들
밤,이 카페의 핵심 특징은 밤입니다.,133,저녁 외식,저녁 외식
곳,이 카페의 핵심 특징은 곳입니다.,367,,곳
자명종 시계,이 카페의 핵심 특징은 자명종 시계입니다.,257,시간 보내기 좋은 곳,시간 보내기 좋은 곳
책읽으러 오기,이 카페의 핵심 특징은 책읽으러 오기입니다.,189,책읽기 좋은 카페,책읽기 좋은 카페
한적한 카페,이 카페의 핵심 특징은 한적한 카페입니다.,197,한적한 카페,한적한 카페
편한 느낌,이 카페의 핵심 특징은 편한 느낌입니다.,301,편안한 분위기,편안한 분위기
간판,이 카페의 핵심 특징은 간판입니다.,353,,간판
여유로움,이 카페의 핵심 특징은 여유로움입니다.,206,여유로운 분위기,여유로운 분위기
혼카,이 카페의 핵심 특징은 혼카입니다.,1,혼자,혼자
힐링 타임,이 카페의 핵심 특징은 힐링 타임입니다.,-1,힐링 카페,힐링 타임
혼자오기,이 카페의 핵심 특징은 혼자오기입니다.,73,혼자 방문,혼자 방문
연인사이,이 카페의 핵심 특징은 연인사이입니다.,34,연인과의 특별한 장소,연인과의 특별한 장소
운치,이 카페의 핵심 특징은 운치입니다.,328,,운치
한적하고 분위기 좋은,이 카페의 핵심 특징은 한적하고 분위기 좋은입니다.,196,한적한 분위기,한적한 분위기
조용할 때,이 카페의 핵심 특징은 조용할 때입니다.,217,조용한 카페,조용한 카페
탁 트이는 큰 창문뷰,이 카페의 핵심 특징은 탁 트이는 큰 창문뷰입니다.,160,창문뷰,창문뷰
잔잔한 지브리 음악,이 카페의 핵심 특징은 잔잔한 지브리 음악입니다.,29,지브리 감성,지브리 감성
잔잔하고 아늑한 분위기,이 카페의 핵심 특징은 잔잔하고 아늑한 분위기입니다.,117,잔잔한 분위기,잔잔한 분위기
고요한 분위기,이 카페의 핵심 특징은 고요한 분위기입니다.,146,조용한 분위기,조용한 분위기
생기가 도는 느낌,이 카페의 핵심 특징은 생기가 도는 느낌입니다.,204,카페 느낌,카페 느낌
벚꽃길,이 카페의 핵심 특징은 벚꽃길입니다.,0,벚꽃,벚꽃
지하철 소리,이 카페의 핵심 특징은 지하철 소리입니다.,86,,지하철 소리
차분한 진우드톤의 인테리어,이 카페의 핵심 특징은 차분한 진우드톤의 인테리어입니다.,31,우드 인테리어,우드 인테리어
한적한 주말 아침 같은때,이 카페의 핵심 특징은 한적한 주말 아침 같은때입니다.,279,주말 카페,주말 카페
친구랑,이 카페의 핵심 특징은 친구랑입니다.,307,친구와 함께,친구와 함께
한적하다,이 카페의 핵심 특징은 한적하다입니다.,197,한적한 카페,한적한 카페
시원한 에어컨 바람,이 카페의 핵심 특징은 시원한 에어컨 바람입니다.,349,,시원한 에어컨 바람
지브리 감성,이 카페의 핵심 특징은 지브리 감성입니다.,29,지브리 감성,지브리 감성
힐링하러,이 카페의 핵심 특징은 힐링하러입니다.,-1,힐링 카페,힐링하러
개방감,이 카페의 핵심 특징은 개방감입니다.,353,,개방감
전철 지나가는 소리,이 카페의 핵심 특징은 전철 지나가는 소리입니다.,86,,전철 지나가는 소리
노을질때,이 카페의 핵심 특징은 노을질때입니다.,112,햇살 좋은 카페,햇살 좋은 카페
자주와야겠다,이 카페의 핵심 특징은 자주와야겠다입니다.,281,자주 방문,자주 방문
식기,이 카페의 핵심 특징은 식기입니다.,361,,식기
2층 연습실,이 카페의 핵심 특징은 2층 연습실입니다.,337,2층 카페,2층 카페
잔잔한 느낌,이 카페의 핵심 특징은 잔잔한 느낌입니다.,117,잔잔한 분위기,잔잔한 분위기
포근한 느낌,이 카페의 핵심 특징은 포근한 느낌입니다.,254,포근한 분위기,포근한 분위기
차분한 감성,이 카페의 핵심 특징은 차분한 감성입니다.,155,차분한 분위기,차분한 분위기
잔잔한 음악,이 카페의 핵심 특징은 잔잔한 음악입니다.,126,잔잔한 음악,잔잔한 음악
가구,이 카페의 핵심 특징은 가구입니다.,348,원목 인테리어,원목 인테리어
기차가 보이는 것,이 카페의 핵심 특징은 기차가 보이는 것입니다.,332,,기차가 보이는 것
혼.카페,이 카페의 핵심 특징은 혼.카페입니다.,1,혼자,혼자
고즈넉하고 쾌적하다,이 카페의 핵심 특징은 고즈넉하고 쾌적하다입니다.,79,고즈넉한 분위기,고즈넉한 분위기
작업하러 오기,이 카페의 핵심 특징은 작업하러 오기입니다.,303,작업,작업
가까워서,이 카페의 핵심 특징은 가까워서입니다.,-1,힐링 카페,가까워서
바닥,이 카페의 핵심 특징은 바닥입니다.,267,,바닥
크리장식,이 카페의 핵심 특징은 크리장식입니다.,359,카페 인테리어,카페 인테리어
행복한 시간,이 카페의 핵심 특징은 행복한 시간입니다.,154,즐거운 분위기,즐거운 분위기
유치원,이 카페의 핵심 특징은 유치원입니다.,-1,힐링 카페,유치원
애견카페 데이트,이 카페의 핵심 특징은 애견카페 데이트입니다.,47,애견동반 카페,애견동반 카페
같이 놀고 데이트하기,이 카페의 핵심 특징은 같이 놀고 데이트하기입니다.,120,데이트 장소,데이트 장소
애기들,이 카페의 핵심 특징은 애기들입니다.,194,귀여운 아이들,귀여운 아이들
냄새가 거의 없다,이 카페의 핵심 특징은 냄새가 거의 없다입니다.,-1,힐링 카페,냄새가 거의 없다
애견카페,이 카페의 핵심 특징은 애견카페입니다.,47,애견동반 카페,애견동반 카페
놀이터 대신,이 카페의 핵심 특징은 놀이터 대신입니다.,-1,힐링 카페,놀이터 대신
친절하다,이 카페의 핵심 특징은 친절하다입니다.,103,친절한 카페,친절한 카페
실내데이트,이 카페의 핵심 특징은 실내데이트입니다.,-1,힐링 카페,실내데이트
강아지카페,이 카페의 핵심 특징은 강아지카페입니다.,96,반려동물 카페,반려동물 카페
즐거운 시간,이 카페의 핵심 특징은 즐거운 시간입니다.,154,즐거운 분위기,즐거운 분위기
재밌는 시간,이 카페의 핵심 특징은 재밌는 시간입니다.,-1,힐링 카페,재밌는 시간
힐링할 수 있는 공간,이 카페의 핵심 특징은 힐링할 수 있는 공간입니다.,42,힐링 공간,힐링 공간
반려견과 함께 온 손님들,이 카페의 핵심 특징은 반려견과 함께 온 손님들입니다.,48,반려동물 동반,반려동물 동반
친구 강아지,이 카페의 핵심 특징은 친구 강아지입니다.,96,반려동물 카페,반려동물 카페
깨끗한 환경,이 카페의 핵심 특징은 깨끗한 환경입니다.,182,청결한 매장,청결한 매장
기분좋은 방문,이 카페의 핵심 특징은 기분좋은 방문입니다.,245,기분좋은 경험,기분좋은 경험
강아지들,이 카페의 핵심 특징은 강아지들입니다.,96,반려동물 카페,반려동물 카페
반려견,이 카페의 핵심 특징은 반려견입니다.,96,반려동물 카페,반려동물 카페
귀여운 애기들,이 카페의 핵심 특징은 귀여운 애기들입니다.,194,귀여운 아이들,귀여운 아이들
시설,이 카페의 핵심 특징은 시설입니다.,-1,힐링 카페,시설
힐링 하는 곳,이 카페의 핵심 특징은 힐링 하는 곳입니다.,42,힐링 공간,힐링 공간
칭구들,이 카페의 핵심 특징은 칭구들입니다.,360,,칭구들
재밌게 놀다,이 카페의 핵심 특징은 재밌게 놀다입니다.,102,재미있는 경험,재미있는 경험
블랙인테리어,이 카페의 핵심 특징은 블랙인테리어입니다.,118,블랙앤화이트 인테리어,블랙앤화이트 인테리어
강아지랑 놀 수 있다,이 카페의 핵심 특징은 강아지랑 놀 수 있다입니다.,49,애견동반,애견동반
애견 카페,이 카페의 핵심 특징은 애견 카페입니다.,47,애견동반 카페,애견동반 카페
강아지들과 즐거운 시간,이 카페의 핵심 특징은 강아지들과 즐거운 시간입니다.,49,애견동반,애견동반
지상낙원,이 카페의 핵심 특징은 지상낙원입니다.,58,지하 공간,지하 공간
냄새가 안 나다,이 카페의 핵심 특징은 냄새가 안 나다입니다.,-1,힐링 카페,냄새가 안 나다
독특하다,이 카페의 핵심 특징은 독특하다입니다.,173,특별한 카페,특별한 카페
청결 상태,이 카페의 핵심 특징은 청결 상태입니다.,182,청결한 매장,청결한 매장
냄새,이 카페의 핵심 특징은 냄새입니다.,200,,냄새
타로이벤트,이 카페의 핵심 특징은 타로이벤트입니다.,290,이벤트,이벤트
타로 이벤트,이 카페의 핵심 특징은 타로 이벤트입니다.,290,이벤트,이벤트
깔끔하고 넓다,이 카페의 핵심 특징은 깔끔하고 넓다입니다.,202,넓고 깨끗한 분위기,넓고 깨끗한 분위기
유치원 정기권,이 카페의 핵심 특징은 유치원 정기권입니다.,-1,힐링 카페,유치원 정기권
힐링장소,이 카페의 핵심 특징은 힐링장소입니다.,42,힐링 공간,힐링 공간
편하게 볼 수 있는 공간,이 카페의 핵심 특징은 편하게 볼 수 있는 공간입니다.,221,편안한 공간,편안한 공간
강아지 유치원,이 카페의 핵심 특징은 강아지 유치원입니다.,96,반려동물 카페,반려동물 카페
기분 좋다,이 카페의 핵심 특징은 기분 좋다입니다.,246,기분 좋은,기분 좋은
친구끼리,이 카페의 핵심 특징은 친구끼리입니다.,188,친구,친구
강아지 좋아하시는 분들,이 카페의 핵심 특징은 강아지 좋아하시는 분들입니다.,96,반려동물 카페,반려동물 카페
첫 방문하시는 손님들,이 카페의 핵심 특징은 첫 방문하시는 손님들입니다.,225,첫 방문,첫 방문
카페 이용,이 카페의 핵심 특징은 카페 이용입니다.,241,이용하기 좋은 카페,이용하기 좋은 카페
견주분들,이 카페의 핵심 특징은 견주분들입니다.,242,,견주분들
귀여운 아이들,이 카페의 핵심 특징은 귀여운 아이들입니다.,194,귀여운 아이들,귀여운 아이들
귀여운 아가들,이 카페의 핵심 특징은 귀여운 아가들입니다.,194,귀여운 아이들,귀여운 아이들
독특하개,이 카페의 핵심 특징은 독특하개입니다.,173,특별한 카페,특별한 카페
공사,이 카페의 핵심 특징은 공사입니다.,303,작업,작업
강쥐,이 카페의 핵심 특징은 강쥐입니다.,45,애견동반,애견동반
캠핑 분위기,이 카페의 핵심 특징은 캠핑 분위기입니다.,127,카페 분위기,카페 분위기
귀염둥이들,이 카페의 핵심 특징은 귀염둥이들입니다.,194,귀여운 아이들,귀여운 아이들
사랑하는 내새꾸,이 카페의 핵심 특징은 사랑하는 내새꾸입니다.,34,연인과의 특별한 장소,연인과의 특별한 장소
유치원 온 아가들,이 카페의 핵심 특징은 유치원 온 아가들입니다.,-1,힐링 카페,유치원 온 아가들
깨끗하고 귀여운 강아지,이 카페의 핵심 특징은 깨끗하고 귀여운 강아지입니다.,96,반려동물 카페,반려동물 카페
아늑하게 꾸며놓아서,이 카페의 핵심 특징은 아늑하게 꾸며놓아서입니다.,115,아늑한 카페,아늑한 카페
신림 남바완 도그카페,이 카페의 핵심 특징은 신림 남바완 도그카페입니다.,166,신림카페,신림카페
강아지 카페,이 카페의 핵심 특징은 강아지 카페입니다.,96,반려동물 카페,반려동물 카페
귀여운 동네,이 카페의 핵심 특징은 귀여운 동네입니다.,70,작고 귀여운 카페,작고 귀여운 카페
소소한 간식 메뉴,이 카페의 핵심 특징은 소소한 간식 메뉴입니다.,286,간식,간식
나른한 오후,이 카페의 핵심 특징은 나른한 오후입니다.,134,늦은 시간 카페,늦은 시간 카페
야외 의자,이 카페의 핵심 특징은 야외 의자입니다.,321,야외 좌석,야외 좌석
사무실 근처,이 카페의 핵심 특징은 사무실 근처입니다.,314,회사 근처,회사 근처
감성있는 카페 분위기,이 카페의 핵심 특징은 감성있는 카페 분위기입니다.,170,감성적인 카페,감성적인 카페
고소한 맛,이 카페의 핵심 특징은 고소한 맛입니다.,168,고소한 빵,고소한 빵
달콤한 맛,이 카페의 핵심 특징은 달콤한 맛입니다.,169,상큼한 맛,상큼한 맛
벤치,이 카페의 핵심 특징은 벤치입니다.,190,좌석,좌석
스탠딩 테이블,이 카페의 핵심 특징은 스탠딩 테이블입니다.,298,1층 카페,1층 카페
더위,이 카페의 핵심 특징은 더위입니다.,136,더위,더위
추위,이 카페의 핵심 특징은 추위입니다.,253,,추위
야외 자리,이 카페의 핵심 특징은 야외 자리입니다.,321,야외 좌석,야외 좌석
개성 있는 메뉴들,이 카페의 핵심 특징은 개성 있는 메뉴들입니다.,360,,개성 있는 메뉴들
멍때리기 좋은,이 카페의 핵심 특징은 멍때리기 좋은입니다.,60,,멍때리기 좋은
브랜딩,이 카페의 핵심 특징은 브랜딩입니다.,285,브런치,브런치
가족모임,이 카페의 핵심 특징은 가족모임입니다.,161,가족 모임,가족 모임
커피 잘 아시는 분들,이 카페의 핵심 특징은 커피 잘 아시는 분들입니다.,145,커피 애호가,커피 애호가
청량한 느낌,이 카페의 핵심 특징은 청량한 느낌입니다.,184,청량한 분위기,청량한 분위기
쉼터 같은곳,이 카페의 핵심 특징은 쉼터 같은곳입니다.,311,아늑한 카페,아늑한 카페
담소 나누는 시간,이 카페의 핵심 특징은 담소 나누는 시간입니다.,269,대화,대화
가을 햇살,이 카페의 핵심 특징은 가을 햇살입니다.,112,햇살 좋은 카페,햇살 좋은 카페
하루가 행복하다,이 카페의 핵심 특징은 하루가 행복하다입니다.,121,행복한 분위기,행복한 분위기
커피 클래스,이 카페의 핵심 특징은 커피 클래스입니다.,370,커피,커피
멋진 에스프레소바,이 카페의 핵심 특징은 멋진 에스프레소바입니다.,331,에스프레소,에스프레소
편하게 쉬다갈 수 있는 곳,이 카페의 핵심 특징은 편하게 쉬다갈 수 있는 곳입니다.,227,편안한 휴식,편안한 휴식
사장님의 친절하고 유쾌한 설명과 대화,이 카페의 핵심 특징은 사장님의 친절하고 유쾌한 설명과 대화입니다.,203,사장님,사장님
정신 사나워서 못있을 정도,이 카페의 핵심 특징은 정신 사나워서 못있을 정도입니다.,185,,정신 사나워서 못있을 정도
팝콘냄새,이 카페의 핵심 특징은 팝콘냄새입니다.,-1,힐링 카페,팝콘냄새
야식,이 카페의 핵심 특징은 야식입니다.,133,저녁 외식,저녁 외식
이용하기,이 카페의 핵심 특징은 이용하기입니다.,241,이용하기 좋은 카페,이용하기 좋은 카페
소리,이 카페의 핵심 특징은 소리입니다.,85,,소리
자취생,이 카페의 핵심 특징은 자취생입니다.,303,작업,작업
학생,이 카페의 핵심 특징은 학생입니다.,131,학생,학생
24시간,이 카페의 핵심 특징은 24시간입니다.,26,24시간 카페,24시간 카페
더운날,이 카페의 핵심 특징은 더운날입니다.,7,더운 날,더운 날
잘 생겼다,이 카페의 핵심 특징은 잘 생겼다입니다.,320,예쁜 카페,예쁜 카페
공간 공기,이 카페의 핵심 특징은 공간 공기입니다.,316,대기,대기
특이한 감성,이 카페의 핵심 특징은 특이한 감성입니다.,218,감성카페,감성카페
도림천 뷰,이 카페의 핵심 특징은 도림천 뷰입니다.,107,도림천,도림천
생일파티,이 카페의 핵심 특징은 생일파티입니다.,223,생일 기념,생일 기념
모던하고 차분한 분위기,이 카페의 핵심 특징은 모던하고 차분한 분위기입니다.,165,모던한 분위기,모던한 분위기
층고,이 카페의 핵심 특징은 층고입니다.,297,층,층
애견동반카페,이 카페의 핵심 특징은 애견동반카페입니다.,47,애견동반 카페,애견동반 카페
강쥐맛집,이 카페의 핵심 특징은 강쥐맛집입니다.,45,애견동반,애견동반
여유롭게 시간 보내기,이 카페의 핵심 특징은 여유롭게 시간 보내기입니다.,206,여유로운 분위기,여유로운 분위기
사진 맛집,이 카페의 핵심 특징은 사진 맛집입니다.,17,사진찍기,사진찍기
데이트코스,이 카페의 핵심 특징은 데이트코스입니다.,120,데이트 장소,데이트 장소
발렌타인기념일,이 카페의 핵심 특징은 발렌타인기념일입니다.,224,,발렌타인기념일
반려견과 함께 방문,이 카페의 핵심 특징은 반려견과 함께 방문입니다.,49,애견동반,애견동반
소파좌석,이 카페의 핵심 특징은 소파좌석입니다.,106,소파자리,소파자리
좋은 시간,이 카페의 핵심 특징은 좋은 시간입니다.,-1,힐링 카페,좋은 시간
핫플레이스,이 카페의 핵심 특징은 핫플레이스입니다.,137,핫플레이스,핫플레이스
코알라,이 카페의 핵심 특징은 코알라입니다.,-1,힐링 카페,코알라
개딸,이 카페의 핵심 특징은 개딸입니다.,56,둘이,둘이
고즈넉한,이 카페의 핵심 특징은 고즈넉한입니다.,79,고즈넉한 분위기,고즈넉한 분위기
주차 공간,이 카페의 핵심 특징은 주차 공간입니다.,72,,주차 공간
비주얼,이 카페의 핵심 특징은 비주얼입니다.,-1,힐링 카페,비주얼
감각적인,이 카페의 핵심 특징은 감각적인입니다.,170,감성적인 카페,감성적인 카페
할로윈데이 꾸며놓은 것,이 카페의 핵심 특징은 할로윈데이 꾸며놓은 것입니다.,36,할로윈 테마,할로윈 테마
좋은 노래,이 카페의 핵심 특징은 좋은 노래입니다.,-1,힐링 카페,좋은 노래
할로윈 꾸며놓은 것,이 카페의 핵심 특징은 할로윈 꾸며놓은 것입니다.,36,할로윈 테마,할로윈 테마
반려동물,이 카페의 핵심 특징은 반려동물입니다.,96,반려동물 카페,반려동물 카페
대형트리,이 카페의 핵심 특징은 대형트리입니다.,-1,힐링 카페,대형트리
도림천,이 카페의 핵심 특징은 도림천입니다.,107,도림천,도림천
애견동반손님,이 카페의 핵심 특징은 애견동반손님입니다.,47,애견동반 카페,애견동반 카페
쇼파,이 카페의 핵심 특징은 쇼파입니다.,106,소파자리,소파자리
할로윈 시즌,이 카페의 핵심 특징은 할로윈 시즌입니다.,36,할로윈 테마,할로윈 테마
힙한,이 카페의 핵심 특징은 힙한입니다.,153,힙한 카페,힙한 카페
이쁜카페,이 카페의 핵심 특징은 이쁜카페입니다.,327,예쁜 카페,예쁜 카페
할로윈 컨셉,이 카페의 핵심 특징은 할로윈 컨셉입니다.,36,할로윈 테마,할로윈 테마
애견 동반 카페,이 카페의 핵심 특징은 애견 동반 카페입니다.,47,애견동반 카페,애견동반 카페
코아르,이 카페의 핵심 특징은 코아르입니다.,-1,힐링 카페,코아르
할로윈 느낌,이 카페의 핵심 특징은 할로윈 느낌입니다.,36,할로윈 테마,할로윈 테마
테블릿,이 카페의 핵심 특징은 테블릿입니다.,362,테이블,테이블
쇼파좌석,이 카페의 핵심 특징은 쇼파좌석입니다.,106,소파자리,소파자리
강아지와 함께 방문하기,이 카페의 핵심 특징은 강아지와 함께 방문하기입니다.,49,애견동반,애견동반
무채색 감성,이 카페의 핵심 특징은 무채색 감성입니다.,-1,힐링 카페,무채색 감성
강아지 전용 좌석,이 카페의 핵심 특징은 강아지 전용 좌석입니다.,96,반려동물 카페,반려동물 카페
강아지 데리고 오기,이 카페의 핵심 특징은 강아지 데리고 오기입니다.,48,반려동물 동반,반려동물 동반
가족들이랑 방문,이 카페의 핵심 특징은 가족들이랑 방문입니다.,161,가족 모임,가족 모임
멍멍이,이 카페의 핵심 특징은 멍멍이입니다.,60,,멍멍이
첫인상,이 카페의 핵심 특징은 첫인상입니다.,225,첫 방문,첫 방문
블랙 무드의 분위기,이 카페의 핵심 특징은 블랙 무드의 분위기입니다.,118,블랙앤화이트 인테리어,블랙앤화이트 인테리어
아지트 삼기,이 카페의 핵심 특징은 아지트 삼기입니다.,178,아지트,아지트
음료 마시기,이 카페의 핵심 특징은 음료 마시기입니다.,364,음료,음료
한적한 느낌,이 카페의 핵심 특징은 한적한 느낌입니다.,-1,힐링 카페,한적한 느낌
도림천뷰,이 카페의 핵심 특징은 도림천뷰입니다.,107,도림천,도림천
귀여운 카페,이 카페의 핵심 특징은 귀여운 카페입니다.,70,작고 귀여운 카페,작고 귀여운 카페
둥이들,이 카페의 핵심 특징은 둥이들입니다.,194,귀여운 아이들,귀여운 아이들
무채색,이 카페의 핵심 특징은 무채색입니다.,-1,힐링 카페,무채색
블랙 인테리어,이 카페의 핵심 특징은 블랙 인테리어입니다.,118,블랙앤화이트 인테리어,블랙앤화이트 인테리어
비 오는 날,이 카페의 핵심 특징은 비 오는 날입니다.,2,비오는 날,비오는 날
정성스런 선물,이 카페의 핵심 특징은 정성스런 선물입니다.,209,선물,선물
핑크 대형인형,이 카페의 핵심 특징은 핑크 대형인형입니다.,59,인형,인형
비 오는 날 기분 좋은 방문,이 카페의 핵심 특징은 비 오는 날 기분 좋은 방문입니다.,2,비오는 날,비오는 날
포장,이 카페의 핵심 특징은 포장입니다.,172,포장,포장
긍정기운,이 카페의 핵심 특징은 긍정기운입니다.,121,행복한 분위기,행복한 분위기
행복기운,이 카페의 핵심 특징은 행복기운입니다.,121,행복한 분위기,행복한 분위기
캘리그라피,이 카페의 핵심 특징은 캘리그라피입니다.,220,미술활동,미술활동
느낌좋은,이 카페의 핵심 특징은 느낌좋은입니다.,-1,힐링 카페,느낌좋은
아기자기한 장소,이 카페의 핵심 특징은 아기자기한 장소입니다.,63,아기자기한 카페,아기자기한 카페
아기 외출,이 카페의 핵심 특징은 아기 외출입니다.,124,아기 동반,아기 동반
남편이랑,이 카페의 핵심 특징은 남편이랑입니다.,157,부부,부부
안양천,이 카페의 핵심 특징은 안양천입니다.,323,,안양천
가족선물,이 카페의 핵심 특징은 가족선물입니다.,161,가족 모임,가족 모임
친구선물,이 카페의 핵심 특징은 친구선물입니다.,209,선물,선물
아기자기하고 예쁜 카페,이 카페의 핵심 특징은 아기자기하고 예쁜 카페입니다.,71,아기자기한 카페,아기자기한 카페
한여름,이 카페의 핵심 특징은 한여름입니다.,129,여름 카페,여름 카페
책읽고 대화하기,이 카페의 핵심 특징은 책읽고 대화하기입니다.,282,독서,독서
위스키 맛보기,이 카페의 핵심 특징은 위스키 맛보기입니다.,364,음료,음료
자주 갈 것 같다,이 카페의 핵심 특징은 자주 갈 것 같다입니다.,281,자주 방문,자주 방문
낭만 가득한,이 카페의 핵심 특징은 낭만 가득한입니다.,339,로맨틱 카페,로맨틱 카페
병원 근처 카페,이 카페의 핵심 특징은 병원 근처 카페입니다.,314,회사 근처,회사 근처
컴포즈,이 카페의 핵심 특징은 컴포즈입니다.,-1,힐링 카페,컴포즈
가끔 들러요,이 카페의 핵심 특징은 가끔 들러요입니다.,259,가끔 방문,가끔 방문
아주 작은 커피점,이 카페의 핵심 특징은 아주 작은 커피점입니다.,70,작고 귀여운 카페,작고 귀여운 카페
운동전,이 카페의 핵심 특징은 운동전입니다.,163,운동 후 방문,운동 후 방문
안에서 주문하는 것,이 카페의 핵심 특징은 안에서 주문하는 것입니다.,-1,힐링 카페,안에서 주문하는 것
카운터,이 카페의 핵심 특징은 카운터입니다.,-1,힐링 카페,카운터
조아용,이 카페의 핵심 특징은 조아용입니다.,273,,조아용
세모디,이 카페의 핵심 특징은 세모디입니다.,305,,세모디
위생적이고 깨끗하다,이 카페의 핵심 특징은 위생적이고 깨끗하다입니다.,186,위생,위생
시장볼때,이 카페의 핵심 특징은 시장볼때입니다.,101,,시장볼때
조아요,이 카페의 핵심 특징은 조아요입니다.,273,,조아요
외부 인테리어,이 카페의 핵심 특징은 외부 인테리어입니다.,287,인테리어,인테리어
시장 구경,이 카페의 핵심 특징은 시장 구경입니다.,101,,시장 구경
신랑,이 카페의 핵심 특징은 신랑입니다.,157,부부,부부
1인 방문,이 카페의 핵심 특징은 1인 방문입니다.,73,혼자 방문,혼자 방문
단체주문,이 카페의 핵심 특징은 단체주문입니다.,263,단체 모임,단체 모임
와플 맛집,이 카페의 핵심 특징은 와플 맛집입니다.,-1,힐링 카페,와플 맛집
디저트집,이 카페의 핵심 특징은 디저트집입니다.,18,디저트 카페,디저트 카페
더운 오후,이 카페의 핵심 특징은 더운 오후입니다.,-1,힐링 카페,더운 오후
진쯔 느낌,이 카페의 핵심 특징은 진쯔 느낌입니다.,204,카페 느낌,카페 느낌
코스터,이 카페의 핵심 특징은 코스터입니다.,-1,힐링 카페,코스터
미감 좋은,이 카페의 핵심 특징은 미감 좋은입니다.,-1,힐링 카페,미감 좋은
아지트 느낌,이 카페의 핵심 특징은 아지트 느낌입니다.,62,아지트 카페,아지트 카페
평온한 여름날,이 카페의 핵심 특징은 평온한 여름날입니다.,129,여름 카페,여름 카페
혼술,이 카페의 핵심 특징은 혼술입니다.,1,혼자,혼자
둘이 가면 더 좋은 카페,이 카페의 핵심 특징은 둘이 가면 더 좋은 카페입니다.,56,둘이,둘이
보드게임 카페,이 카페의 핵심 특징은 보드게임 카페입니다.,139,보드게임카페,보드게임카페
오락기,이 카페의 핵심 특징은 오락기입니다.,179,게임카페,게임카페
다트,이 카페의 핵심 특징은 다트입니다.,-1,힐링 카페,다트
가족데이트,이 카페의 핵심 특징은 가족데이트입니다.,161,가족 모임,가족 모임
초4아이,이 카페의 핵심 특징은 초4아이입니다.,175,키즈카페,키즈카페
아나로그 감성,이 카페의 핵심 특징은 아나로그 감성입니다.,218,감성카페,감성카페
다양한 모임,이 카페의 핵심 특징은 다양한 모임입니다.,263,단체 모임,단체 모임
쾌적한,이 카페의 핵심 특징은 쾌적한입니다.,40,,쾌적한
아빠,이 카페의 핵심 특징은 아빠입니다.,65,부모님,부모님
최신식은 아니라 설명찾기 좀 어렵지만 게임도 많고 조아용,이 카페의 핵심 특징은 최신식은 아니라 설명찾기 좀 어렵지만 게임도 많고 조아용입니다.,179,게임카페,게임카페
보드게임카페,이 카페의 핵심 특징은 보드게임카페입니다.,139,보드게임카페,보드게임카페
게임,이 카페의 핵심 특징은 게임입니다.,179,게임카페,게임카페
가성비 좋은 보드게임 맛집,이 카페의 핵심 특징은 가성비 좋은 보드게임 맛집입니다.,139,보드게임카페,보드게임카페
방,이 카페의 핵심 특징은 방입니다.,212,룸카페,룸카페
미니 선풍기,이 카페의 핵심 특징은 미니 선풍기입니다.,362,테이블,테이블
포켓볼,이 카페의 핵심 특징은 포켓볼입니다.,-1,힐링 카페,포켓볼
패드,이 카페의 핵심 특징은 패드입니다.,-1,힐링 카페,패드
게임기,이 카페의 핵심 특징은 게임기입니다.,179,게임카페,게임카페
게임시설,이 카페의 핵심 특징은 게임시설입니다.,179,게임카페,게임카페
시끄럽고 난잡하다,이 카페의 핵심 특징은 시끄럽고 난잡하다입니다.,83,시끄러운 분위기,시끄러운 분위기
깨끗한 편,이 카페의 핵심 특징은 깨끗한 편입니다.,182,청결한 매장,청결한 매장
다트게임,이 카페의 핵심 특징은 다트게임입니다.,179,게임카페,게임카페
레트로 게임,이 카페의 핵심 특징은 레트로 게임입니다.,179,게임카페,게임카페
함께 할 생각,이 카페의 핵심 특징은 함께 할 생각입니다.,-1,힐링 카페,함께 할 생각
벽,이 카페의 핵심 특징은 벽입니다.,-1,힐링 카페,벽
포켓볼 게임기,이 카페의 핵심 특징은 포켓볼 게임기입니다.,-1,힐링 카페,포켓볼 게임기
컵,이 카페의 핵심 특징은 컵입니다.,363,컵,컵
공기,이 카페의 핵심 특징은 공기입니다.,316,대기,대기
묵직하고 향이 좋다,이 카페의 핵심 특징은 묵직하고 향이 좋다입니다.,201,커피향,커피향
주변,이 카페의 핵심 특징은 주변입니다.,313,주변 경치,주변 경치
깔끔하고 세련된 매장,이 카페의 핵심 특징은 깔끔하고 세련된 매장입니다.,182,청결한 매장,청결한 매장
한산함,이 카페의 핵심 특징은 한산함입니다.,196,한적한 분위기,한적한 분위기
눈치,이 카페의 핵심 특징은 눈치입니다.,328,,눈치
눈빛,이 카페의 핵심 특징은 눈빛입니다.,328,,눈빛
종종오는 카페,이 카페의 핵심 특징은 종종오는 카페입니다.,281,자주 방문,자주 방문
남자친구 집,이 카페의 핵심 특징은 남자친구 집입니다.,181,남자친구,남자친구
담곰,이 카페의 핵심 특징은 담곰입니다.,184,청량한 분위기,청량한 분위기
인스타 느낌,이 카페의 핵심 특징은 인스타 느낌입니다.,248,인스타 감성,인스타 감성
혼자서 책 읽으러 가는 곳,이 카페의 핵심 특징은 혼자서 책 읽으러 가는 곳입니다.,4,혼자 책읽기,혼자 책읽기
친구랑 같이,이 카페의 핵심 특징은 친구랑 같이입니다.,307,친구와 함께,친구와 함께
깔끔한 느낌,이 카페의 핵심 특징은 깔끔한 느낌입니다.,277,깔끔한 분위기,깔끔한 분위기
감각적인 카페,이 카페의 핵심 특징은 감각적인 카페입니다.,170,감성적인 카페,감성적인 카페
시끌시끌하다,이 카페의 핵심 특징은 시끌시끌하다입니다.,83,시끄러운 분위기,시끄러운 분위기
혼자 작업,이 카페의 핵심 특징은 혼자 작업입니다.,87,혼자 작업,혼자 작업
내부인테리어,이 카페의 핵심 특징은 내부인테리어입니다.,287,인테리어,인테리어
테이블간격,이 카페의 핵심 특징은 테이블간격입니다.,38,좌석 간격,좌석 간격
고즈넉한 느낌,이 카페의 핵심 특징은 고즈넉한 느낌입니다.,79,고즈넉한 분위기,고즈넉한 분위기
또 가보고 싶은 곳,이 카페의 핵심 특징은 또 가보고 싶은 곳입니다.,57,재방문 의사,재방문 의사
혼자 노트북 들고 오기,이 카페의 핵심 특징은 혼자 노트북 들고 오기입니다.,88,혼자 노트북,혼자 노트북
최애커피,이 카페의 핵심 특징은 최애커피입니다.,309,최애 카페,최애 카페
차분하다,이 카페의 핵심 특징은 차분하다입니다.,155,차분한 분위기,차분한 분위기
커피타임,이 카페의 핵심 특징은 커피타임입니다.,296,타임,타임
무채색의 깔끔함,이 카페의 핵심 특징은 무채색의 깔끔함입니다.,-1,힐링 카페,무채색의 깔끔함
벤치 의자,이 카페의 핵심 특징은 벤치 의자입니다.,190,좌석,좌석
카페 안,이 카페의 핵심 특징은 카페 안입니다.,335,안쪽 자리,안쪽 자리
커피 가격,이 카페의 핵심 특징은 커피 가격입니다.,28,가격,가격
생각하러 오기,이 카페의 핵심 특징은 생각하러 오기입니다.,270,이야기,이야기
사람 많다,이 카페의 핵심 특징은 사람 많다입니다.,315,단체 이용,단체 이용
멋진 카페,이 카페의 핵심 특징은 멋진 카페입니다.,319,멋진 카페,멋진 카페
배경 음악,이 카페의 핵심 특징은 배경 음악입니다.,326,배경음악,배경음악
부모님과 아이,이 카페의 핵심 특징은 부모님과 아이입니다.,65,부모님,부모님
여기,이 카페의 핵심 특징은 여기입니다.,367,,여기
통창,이 카페의 핵심 특징은 통창입니다.,322,통유리 카페,통유리 카페
대화하기 좋은 곳,이 카페의 핵심 특징은 대화하기 좋은 곳입니다.,68,대화하기 좋은 카페,대화하기 좋은 카페
인스타용 카페,이 카페의 핵심 특징은 인스타용 카페입니다.,249,인스타카페,인스타카페
산미 있는 거,이 카페의 핵심 특징은 산미 있는 거입니다.,201,커피향,커피향
부담없이 먹기 좋다,이 카페의 핵심 특징은 부담없이 먹기 좋다입니다.,261,편안한 분위기,편안한 분위기
힐링되는 분위기,이 카페의 핵심 특징은 힐링되는 분위기입니다.,41,힐링 카페,힐링 카페
만남의 장소,이 카페의 핵심 특징은 만남의 장소입니다.,214,만남의 장소,만남의 장소
화사한 분위기,이 카페의 핵심 특징은 화사한 분위기입니다.,111,따뜻한 분위기,따뜻한 분위기
모임 장소,이 카페의 핵심 특징은 모임 장소입니다.,263,단체 모임,단체 모임
대학 대학원 분들,이 카페의 핵심 특징은 대학 대학원 분들입니다.,131,학생,학생
직장인들,이 카페의 핵심 특징은 직장인들입니다.,232,직원들,직원들
아름다운 공간,이 카페의 핵심 특징은 아름다운 공간입니다.,327,예쁜 카페,예쁜 카페
우아한 레스토랑 분위기,이 카페의 핵심 특징은 우아한 레스토랑 분위기입니다.,127,카페 분위기,카페 분위기
유럽풍의 깔끔함,이 카페의 핵심 특징은 유럽풍의 깔끔함입니다.,278,깔끔한 카페,깔끔한 카페
화실,이 카페의 핵심 특징은 화실입니다.,235,,화실
아빠랑 같이 오기,이 카페의 핵심 특징은 아빠랑 같이 오기입니다.,65,부모님,부모님
새로운 공간,이 카페의 핵심 특징은 새로운 공간입니다.,211,카페 공간,카페 공간
단체석,이 카페의 핵심 특징은 단체석입니다.,263,단체 모임,단체 모임
연인끼리,이 카페의 핵심 특징은 연인끼리입니다.,34,연인과의 특별한 장소,연인과의 특별한 장소
조용히 힐링할 수 있다,이 카페의 핵심 특징은 조용히 힐링할 수 있다입니다.,-1,힐링 카페,조용히 힐링할 수 있다
아이와 가기 좋다,이 카페의 핵심 특징은 아이와 가기 좋다입니다.,64,아이와 함께,아이와 함께
성인,이 카페의 핵심 특징은 성인입니다.,75,어른,어른
초등 아이들,이 카페의 핵심 특징은 초등 아이들입니다.,195,아이들 활동,아이들 활동
드로잉체험,이 카페의 핵심 특징은 드로잉체험입니다.,220,미술활동,미술활동
데이트할 곳,이 카페의 핵심 특징은 데이트할 곳입니다.,120,데이트 장소,데이트 장소
시간 보낼 곳,이 카페의 핵심 특징은 시간 보낼 곳입니다.,257,시간 보내기 좋은 곳,시간 보내기 좋은 곳
편하게 페인팅할 수 있는 곳,이 카페의 핵심 특징은 편하게 페인팅할 수 있는 곳입니다.,256,색감,색감
어른,이 카페의 핵심 특징은 어른입니다.,75,어른,어른
신림원데이클래스,이 카페의 핵심 특징은 신림원데이클래스입니다.,166,신림카페,신림카페
딸아이와 베이브릭 만들기,이 카페의 핵심 특징은 딸아이와 베이브릭 만들기입니다.,64,아이와 함께,아이와 함께
좋은 추억,이 카페의 핵심 특징은 좋은 추억입니다.,113,추억 만들기,추억 만들기
넓고 쾌적한 공간,이 카페의 핵심 특징은 넓고 쾌적한 공간입니다.,39,넓고 쾌적한 공간,넓고 쾌적한 공간
취미생활 클래스,이 카페의 핵심 특징은 취미생활 클래스입니다.,-1,힐링 카페,취미생활 클래스
화실 분위기,이 카페의 핵심 특징은 화실 분위기입니다.,235,,화실 분위기
아뜰리에,이 카페의 핵심 특징은 아뜰리에입니다.,312,숲속 카페,숲속 카페
신림데이트,이 카페의 핵심 특징은 신림데이트입니다.,166,신림카페,신림카페
아이들 활동,이 카페의 핵심 특징은 아이들 활동입니다.,195,아이들 활동,아이들 활동
미술활동,이 카페의 핵심 특징은 미술활동입니다.,220,미술활동,미술활동
원데이클래스,이 카페의 핵심 특징은 원데이클래스입니다.,-1,힐링 카페,원데이클래스
토마화실,이 카페의 핵심 특징은 토마화실입니다.,235,,토마화실
그림레슨,이 카페의 핵심 특징은 그림레슨입니다.,220,미술활동,미술활동
쿠키레슨,이 카페의 핵심 특징은 쿠키레슨입니다.,229,디저트,디저트
어린이,이 카페의 핵심 특징은 어린이입니다.,175,키즈카페,키즈카페
잔잔한 음악과 함께 힐링하기 좋은 공간,이 카페의 핵심 특징은 잔잔한 음악과 함께 힐링하기 좋은 공간입니다.,126,잔잔한 음악,잔잔한 음악
핫한 곳,이 카페의 핵심 특징은 핫한 곳입니다.,137,핫플레이스,핫플레이스
창작활동,이 카페의 핵심 특징은 창작활동입니다.,359,카페 인테리어,카페 인테리어
마카쥬,이 카페의 핵심 특징은 마카쥬입니다.,-1,힐링 카페,마카쥬
혼자서 가다,이 카페의 핵심 특징은 혼자서 가다입니다.,77,혼자 카페,혼자 카페
아이들체험,이 카페의 핵심 특징은 아이들체험입니다.,195,아이들 활동,아이들 활동
전시회,이 카페의 핵심 특징은 전시회입니다.,213,회의실,회의실
이색데이트,이 카페의 핵심 특징은 이색데이트입니다.,120,데이트 장소,데이트 장소
아득함,이 카페의 핵심 특징은 아득함입니다.,115,아늑한 카페,아늑한 카페
그림그리러,이 카페의 핵심 특징은 그림그리러입니다.,220,미술활동,미술활동
답답하지 않은 분위기,이 카페의 핵심 특징은 답답하지 않은 분위기입니다.,261,편안한 분위기,편안한 분위기
보호자 비용,이 카페의 핵심 특징은 보호자 비용입니다.,28,가격,가격
그림그리기 분위기,이 카페의 핵심 특징은 그림그리기 분위기입니다.,220,미술활동,미술활동
클래식음악,이 카페의 핵심 특징은 클래식음악입니다.,173,특별한 카페,특별한 카페
취미생활,이 카페의 핵심 특징은 취미생활입니다.,-1,힐링 카페,취미생활
엄마랑,이 카페의 핵심 특징은 엄마랑입니다.,78,엄마들 모임,엄마들 모임
그림그리기,이 카페의 핵심 특징은 그림그리기입니다.,220,미술활동,미술활동
개성있다,이 카페의 핵심 특징은 개성있다입니다.,359,카페 인테리어,카페 인테리어
아이 체험,이 카페의 핵심 특징은 아이 체험입니다.,195,아이들 활동,아이들 활동
재밌는 체험,이 카페의 핵심 특징은 재밌는 체험입니다.,102,재미있는 경험,재미있는 경험
남친이랑,이 카페의 핵심 특징은 남친이랑입니다.,181,남자친구,남자친구
카페 내부공간,이 카페의 핵심 특징은 카페 내부공간입니다.,341,실내공간,실내공간
색칠하기,이 카페의 핵심 특징은 색칠하기입니다.,256,색감,색감
겨울 실내데이트,이 카페의 핵심 특징은 겨울 실내데이트입니다.,-1,힐링 카페,겨울 실내데이트
세련된 분위기,이 카페의 핵심 특징은 세련된 분위기입니다.,105,세련된 분위기,세련된 분위기
부모,이 카페의 핵심 특징은 부모입니다.,65,부모님,부모님
캔버스 색칠,이 카페의 핵심 특징은 캔버스 색칠입니다.,256,색감,색감
매장안,이 카페의 핵심 특징은 매장안입니다.,268,매장 내부,매장 내부
잘 꾸며져 있다,이 카페의 핵심 특징은 잘 꾸며져 있다입니다.,320,예쁜 카페,예쁜 카페
갤러리같다,이 카페의 핵심 특징은 갤러리같다입니다.,311,아늑한 카페,아늑한 카페
손 씻는 부스,이 카페의 핵심 특징은 손 씻는 부스입니다.,186,위생,위생
커플끼리 그림색칠,이 카페의 핵심 특징은 커플끼리 그림색칠입니다.,33,커플,커플
아이들과 함께 오기,이 카페의 핵심 특징은 아이들과 함께 오기입니다.,64,아이와 함께,아이와 함께
도안,이 카페의 핵심 특징은 도안입니다.,-1,힐링 카페,도안
토마 카페,이 카페의 핵심 특징은 토마 카페입니다.,235,,토마 카페
더운 날,이 카페의 핵심 특징은 더운 날입니다.,7,더운 날,더운 날
친구와 추억거리,이 카페의 핵심 특징은 친구와 추억거리입니다.,276,친구와의 만남,친구와의 만남
아들,이 카페의 핵심 특징은 아들입니다.,-1,힐링 카페,아들
키즈카페,이 카페의 핵심 특징은 키즈카페입니다.,175,키즈카페,키즈카페
첫 방문,이 카페의 핵심 특징은 첫 방문입니다.,225,첫 방문,첫 방문
단골권,이 카페의 핵심 특징은 단골권입니다.,19,단골카페,단골카페
아이가,이 카페의 핵심 특징은 아이가입니다.,-1,힐링 카페,아이가
강아지 가족 작품,이 카페의 핵심 특징은 강아지 가족 작품입니다.,96,반려동물 카페,반려동물 카페
엄마아빠,이 카페의 핵심 특징은 엄마아빠입니다.,78,엄마들 모임,엄마들 모임
여유있는 공간,이 카페의 핵심 특징은 여유있는 공간입니다.,206,여유로운 분위기,여유로운 분위기
물감,이 카페의 핵심 특징은 물감입니다.,255,,물감
붓,이 카페의 핵심 특징은 붓입니다.,363,컵,컵
사진 잘 나와요,이 카페의 핵심 특징은 사진 잘 나와요입니다.,35,사진 찍기 좋은 카페,사진 찍기 좋은 카페
실내공간,이 카페의 핵심 특징은 실내공간입니다.,341,실내공간,실내공간
잔잔한 재즈음악,이 카페의 핵심 특징은 잔잔한 재즈음악입니다.,32,재즈 음악,재즈 음악
담배 쩐내,이 카페의 핵심 특징은 담배 쩐내입니다.,200,,담배 쩐내
조카들,이 카페의 핵심 특징은 조카들입니다.,-1,힐링 카페,조카들
난이도 있는 보드게임,이 카페의 핵심 특징은 난이도 있는 보드게임입니다.,139,보드게임카페,보드게임카페
부모님들,이 카페의 핵심 특징은 부모님들입니다.,65,부모님,부모님
출출하고 심심할때,이 카페의 핵심 특징은 출출하고 심심할때입니다.,162,출퇴근,출퇴근
음식냄새,이 카페의 핵심 특징은 음식냄새입니다.,200,,음식냄새
단체 룸,이 카페의 핵심 특징은 단체 룸입니다.,263,단체 모임,단체 모임
포근하다,이 카페의 핵심 특징은 포근하다입니다.,254,포근한 분위기,포근한 분위기
룸 안 담배향,이 카페의 핵심 특징은 룸 안 담배향입니다.,200,,룸 안 담배향
단체로 놀러가기,이 카페의 핵심 특징은 단체로 놀러가기입니다.,263,단체 모임,단체 모임
시간 잘 가다,이 카페의 핵심 특징은 시간 잘 가다입니다.,125,시간 때우기 좋은 카페,시간 때우기 좋은 카페
동생,이 카페의 핵심 특징은 동생입니다.,34,연인과의 특별한 장소,연인과의 특별한 장소
시원하고 쾌적하다,이 카페의 핵심 특징은 시원하고 쾌적하다입니다.,138,시원한 분위기,시원한 분위기
하루종일 놀기 좋은 곳,이 카페의 핵심 특징은 하루종일 놀기 좋은 곳입니다.,325,,하루종일 놀기 좋은 곳
하루종일 밥도먹고 놀기,이 카페의 핵심 특징은 하루종일 밥도먹고 놀기입니다.,325,,하루종일 밥도먹고 놀기
게임 종류,이 카페의 핵심 특징은 게임 종류입니다.,179,게임카페,게임카페
가게 안,이 카페의 핵심 특징은 가게 안입니다.,268,매장 내부,매장 내부
적립,이 카페의 핵심 특징은 적립입니다.,291,키오스크,키오스크
보드게임방,이 카페의 핵심 특징은 보드게임방입니다.,139,보드게임카페,보드게임카페
룸식,이 카페의 핵심 특징은 룸식입니다.,212,룸카페,룸카페
좌식 자리,이 카페의 핵심 특징은 좌식 자리입니다.,190,좌석,좌석
보드카페,이 카페의 핵심 특징은 보드카페입니다.,139,보드게임카페,보드게임카페
친구 만날 때,이 카페의 핵심 특징은 친구 만날 때입니다.,308,친구 만남,친구 만남
커튼,이 카페의 핵심 특징은 커튼입니다.,160,창문뷰,창문뷰
가성비 좋은곳,이 카페의 핵심 특징은 가성비 좋은곳입니다.,54,가성비 카페,가성비 카페
친구들과 함께 가기 좋은곳,이 카페의 핵심 특징은 친구들과 함께 가기 좋은곳입니다.,276,친구와의 만남,친구와의 만남
놀곳,이 카페의 핵심 특징은 놀곳입니다.,344,나들이,나들이
게임방,이 카페의 핵심 특징은 게임방입니다.,179,게임카페,게임카페
남자친구랑 보드게임,이 카페의 핵심 특징은 남자친구랑 보드게임입니다.,-1,힐링 카페,남자친구랑 보드게임
좌식,이 카페의 핵심 특징은 좌식입니다.,190,좌석,좌석
애인,이 카페의 핵심 특징은 애인입니다.,34,연인과의 특별한 장소,연인과의 특별한 장소
개별공간,이 카페의 핵심 특징은 개별공간입니다.,264,프라이빗 공간,프라이빗 공간
자이푸르,이 카페의 핵심 특징은 자이푸르입니다.,273,,자이푸르
무난무난한,이 카페의 핵심 특징은 무난무난한입니다.,228,,무난무난한
보드까페,이 카페의 핵심 특징은 보드까페입니다.,139,보드게임카페,보드게임카페
커튼 쳐져있어서,이 카페의 핵심 특징은 커튼 쳐져있어서입니다.,160,창문뷰,창문뷰
은은한 분위기,이 카페의 핵심 특징은 은은한 분위기입니다.,142,어두운 분위기,어두운 분위기
구로,이 카페의 핵심 특징은 구로입니다.,368,,구로
차분하고 고요하고 코지한 분위기,이 카페의 핵심 특징은 차분하고 고요하고 코지한 분위기입니다.,155,차분한 분위기,차분한 분위기
갬성카페,이 카페의 핵심 특징은 갬성카페입니다.,226,갬성 카페,갬성 카페
봄바람,이 카페의 핵심 특징은 봄바람입니다.,349,,봄바람
잠깐 머물고 가는 카페,이 카페의 핵심 특징은 잠깐 머물고 가는 카페입니다.,260,머무르기 좋은 카페,머무르기 좋은 카페
아늑하고 세련된 분위기,이 카페의 핵심 특징은 아늑하고 세련된 분위기입니다.,105,세련된 분위기,세련된 분위기
조용하면서 아늑한 카페,이 카페의 핵심 특징은 조용하면서 아늑한 카페입니다.,177,조용하고 아늑한 카페,조용하고 아늑한 카페
컨셉,이 카페의 핵심 특징은 컨셉입니다.,119,카페 컨셉,카페 컨셉
편안한 기분,이 카페의 핵심 특징은 편안한 기분입니다.,301,편안한 분위기,편안한 분위기
로스팅룸,이 카페의 핵심 특징은 로스팅룸입니다.,53,,로스팅룸
미니테이블,이 카페의 핵심 특징은 미니테이블입니다.,362,테이블,테이블
강아지 동반,이 카페의 핵심 특징은 강아지 동반입니다.,48,반려동물 동반,반려동물 동반
오트,이 카페의 핵심 특징은 오트입니다.,178,아지트,아지트
소박한 공간,이 카페의 핵심 특징은 소박한 공간입니다.,216,조용한 카페,조용한 카페
갬성 넘치는 카페,이 카페의 핵심 특징은 갬성 넘치는 카페입니다.,226,갬성 카페,갬성 카페
커피향,이 카페의 핵심 특징은 커피향입니다.,201,커피향,커피향
interiour,이 카페의 핵심 특징은 interiour입니다.,-1,힐링 카페,interiour
북유럽 감성,이 카페의 핵심 특징은 북유럽 감성입니다.,-1,힐링 카페,북유럽 감성
햇살 맛집,이 카페의 핵심 특징은 햇살 맛집입니다.,112,햇살 좋은 카페,햇살 좋은 카페
아늑하게 머무르기,이 카페의 핵심 특징은 아늑하게 머무르기입니다.,115,아늑한 카페,아늑한 카페
조용하게 대화하기 좋은 카페,이 카페의 핵심 특징은 조용하게 대화하기 좋은 카페입니다.,147,조용한 대화,조용한 대화
연남동,이 카페의 핵심 특징은 연남동입니다.,158,연남동 카페,연남동 카페
파란 건물,이 카페의 핵심 특징은 파란 건물입니다.,-1,힐링 카페,파란 건물
바람,이 카페의 핵심 특징은 바람입니다.,349,,바람
bar,이 카페의 핵심 특징은 bar입니다.,-1,힐링 카페,bar
블랙 앤 화이트 톤의 인테리어,이 카페의 핵심 특징은 블랙 앤 화이트 톤의 인테리어입니다.,118,블랙앤화이트 인테리어,블랙앤화이트 인테리어
친목,이 카페의 핵심 특징은 친목입니다.,254,포근한 분위기,포근한 분위기
시끄러운 편,이 카페의 핵심 특징은 시끄러운 편입니다.,83,시끄러운 분위기,시끄러운 분위기
조용한 느낌,이 카페의 핵심 특징은 조용한 느낌입니다.,146,조용한 분위기,조용한 분위기
다락방같은 느낌,이 카페의 핵심 특징은 다락방같은 느낌입니다.,15,다락방 느낌,다락방 느낌
구조,이 카페의 핵심 특징은 구조입니다.,-1,힐링 카페,구조
폭닥폭닥 코지한 아이보리 분위기,이 카페의 핵심 특징은 폭닥폭닥 코지한 아이보리 분위기입니다.,-1,힐링 카페,폭닥폭닥 코지한 아이보리 분위기
빈백자리,이 카페의 핵심 특징은 빈백자리입니다.,184,청량한 분위기,청량한 분위기
삼층,이 카페의 핵심 특징은 삼층입니다.,12,,삼층
동반카페,이 카페의 핵심 특징은 동반카페입니다.,-1,힐링 카페,동반카페
조용한 대화,이 카페의 핵심 특징은 조용한 대화입니다.,147,조용한 대화,조용한 대화
카페내부,이 카페의 핵심 특징은 카페내부입니다.,340,내부 인테리어,내부 인테리어
사진 잘 나오는 카페,이 카페의 핵심 특징은 사진 잘 나오는 카페입니다.,35,사진 찍기 좋은 카페,사진 찍기 좋은 카페
힐링 데이트,이 카페의 핵심 특징은 힐링 데이트입니다.,41,힐링 카페,힐링 카페
예쁜 카페,이 카페의 핵심 특징은 예쁜 카페입니다.,320,예쁜 카페,예쁜 카페
차분한,이 카페의 핵심 특징은 차분한입니다.,155,차분한 분위기,차분한 분위기
투명과 화이트의 조화,이 카페의 핵심 특징은 투명과 화이트의 조화입니다.,-1,힐링 카페,투명과 화이트의 조화
아기자기 아늑하고 편안한 분위기,이 카페의 핵심 특징은 아기자기 아늑하고 편안한 분위기입니다.,55,아기자기한 분위기,아기자기한 분위기
탁트임,이 카페의 핵심 특징은 탁트임입니다.,12,,탁트임
꾸안꾸 스타일,이 카페의 핵심 특징은 꾸안꾸 스타일입니다.,127,카페 분위기,카페 분위기
댕댕이,이 카페의 핵심 특징은 댕댕이입니다.,96,반려동물 카페,반려동물 카페
강아지랑 같이 있을 수 있는,이 카페의 핵심 특징은 강아지랑 같이 있을 수 있는입니다.,49,애견동반,애견동반
조용히 대화,이 카페의 핵심 특징은 조용히 대화입니다.,147,조용한 대화,조용한 대화
은은한 조명,이 카페의 핵심 특징은 은은한 조명입니다.,142,어두운 분위기,어두운 분위기
카페 맛집,이 카페의 핵심 특징은 카페 맛집입니다.,53,,카페 맛집
조용하고 아늑한 카페,이 카페의 핵심 특징은 조용하고 아늑한 카페입니다.,177,조용하고 아늑한 카페,조용하고 아늑한 카페
아기데리고 가기,이 카페의 핵심 특징은 아기데리고 가기입니다.,124,아기 동반,아기 동반
아늑하고 조용한 분위기,이 카페의 핵심 특징은 아늑하고 조용한 분위기입니다.,176,조용한 분위기,조용한 분위기
카페타임,이 카페의 핵심 특징은 카페타임입니다.,296,타임,타임
모더닉,이 카페의 핵심 특징은 모더닉입니다.,165,모던한 분위기,모던한 분위기
신상카페,이 카페의 핵심 특징은 신상카페입니다.,158,연남동 카페,연남동 카페
수다떨기 좋은 곳,이 카페의 핵심 특징은 수다떨기 좋은 곳입니다.,306,수다떨기,수다떨기
반려견 동반,이 카페의 핵심 특징은 반려견 동반입니다.,48,반려동물 동반,반려동물 동반
데이트 맛집,이 카페의 핵심 특징은 데이트 맛집입니다.,120,데이트 장소,데이트 장소
그릇,이 카페의 핵심 특징은 그릇입니다.,361,,그릇
매장 노래,이 카페의 핵심 특징은 매장 노래입니다.,69,매장 음악,매장 음악
적당히 조용하다,이 카페의 핵심 특징은 적당히 조용하다입니다.,217,조용한 카페,조용한 카페
얘기하러 오기,이 카페의 핵심 특징은 얘기하러 오기입니다.,270,이야기,이야기
지하 자리,이 카페의 핵심 특징은 지하 자리입니다.,58,지하 공간,지하 공간
빈백,이 카페의 핵심 특징은 빈백입니다.,184,청량한 분위기,청량한 분위기
테이블좌석,이 카페의 핵심 특징은 테이블좌석입니다.,362,테이블,테이블
미드센츄리 느낌,이 카페의 핵심 특징은 미드센츄리 느낌입니다.,204,카페 느낌,카페 느낌
레이브매장,이 카페의 핵심 특징은 레이브매장입니다.,356,,레이브매장
카페데이트,이 카페의 핵심 특징은 카페데이트입니다.,120,데이트 장소,데이트 장소
다락방같은,이 카페의 핵심 특징은 다락방같은입니다.,15,다락방 느낌,다락방 느낌
따스하고 아늑한,이 카페의 핵심 특징은 따스하고 아늑한입니다.,164,따뜻한 분위기,따뜻한 분위기
다정하다,이 카페의 핵심 특징은 다정하다입니다.,155,차분한 분위기,차분한 분위기
연한 커피 좋아하시는 분,이 카페의 핵심 특징은 연한 커피 좋아하시는 분입니다.,-1,힐링 카페,연한 커피 좋아하시는 분
음료잔,이 카페의 핵심 특징은 음료잔입니다.,363,컵,컵
운전연수,이 카페의 핵심 특징은 운전연수입니다.,-1,힐링 카페,운전연수
사장님,이 카페의 핵심 특징은 사장님입니다.,203,사장님,사장님
대량 포장주문,이 카페의 핵심 특징은 대량 포장주문입니다.,172,포장,포장
사계,이 카페의 핵심 특징은 사계입니다.,-1,힐링 카페,사계
가성비최고,이 카페의 핵심 특징은 가성비최고입니다.,54,가성비 카페,가성비 카페
작고 귀여운 카페,이 카페의 핵심 특징은 작고 귀여운 카페입니다.,70,작고 귀여운 카페,작고 귀여운 카페
테이크아웃점,이 카페의 핵심 특징은 테이크아웃점입니다.,24,테이크아웃,테이크아웃
카페 컨셉,이 카페의 핵심 특징은 카페 컨셉입니다.,119,카페 컨셉,카페 컨셉
출근길,이 카페의 핵심 특징은 출근길입니다.,162,출퇴근,출퇴근
정갈한 분위기,이 카페의 핵심 특징은 정갈한 분위기입니다.,277,깔끔한 분위기,깔끔한 분위기
도란도란 이야기하기,이 카페의 핵심 특징은 도란도란 이야기하기입니다.,114,,도란도란 이야기하기
회사 주변,이 카페의 핵심 특징은 회사 주변입니다.,314,회사 근처,회사 근처
편하게 있다가기,이 카페의 핵심 특징은 편하게 있다가기입니다.,295,편안한 카페,편안한 카페
아담,이 카페의 핵심 특징은 아담입니다.,242,,아담
단골커피맛집,이 카페의 핵심 특징은 단골커피맛집입니다.,19,단골카페,단골카페
리얼 로컬 맛집,이 카페의 핵심 특징은 리얼 로컬 맛집입니다.,53,,리얼 로컬 맛집
문화생활,이 카페의 핵심 특징은 문화생활입니다.,-1,힐링 카페,문화생활
힙한 감성,이 카페의 핵심 특징은 힙한 감성입니다.,153,힙한 카페,힙한 카페
음악듣고싶을때 가기 좋은 곳,이 카페의 핵심 특징은 음악듣고싶을때 가기 좋은 곳입니다.,92,음악 감상,음악 감상
음악선정,이 카페의 핵심 특징은 음악선정입니다.,43,음악선곡,음악선곡
외국 감성의 분위기,이 카페의 핵심 특징은 외국 감성의 분위기입니다.,170,감성적인 카페,감성적인 카페
혼자 생각을 정리하러 오기,이 카페의 핵심 특징은 혼자 생각을 정리하러 오기입니다.,95,혼자 공부하기,혼자 공부하기
이층,이 카페의 핵심 특징은 이층입니다.,297,층,층
일층,이 카페의 핵심 특징은 일층입니다.,298,1층 카페,1층 카페
힙한 느낌,이 카페의 핵심 특징은 힙한 느낌입니다.,153,힙한 카페,힙한 카페
부드러운 느낌,이 카페의 핵심 특징은 부드러운 느낌입니다.,-1,힐링 카페,부드러운 느낌
커피 한잔하러,이 카페의 핵심 특징은 커피 한잔하러입니다.,350,커피 한잔,커피 한잔
음악 들으러,이 카페의 핵심 특징은 음악 들으러입니다.,92,음악 감상,음악 감상
트랜디하고 힙한,이 카페의 핵심 특징은 트랜디하고 힙한입니다.,153,힙한 카페,힙한 카페
카페주택 개조한 것 같은 분위기,이 카페의 핵심 특징은 카페주택 개조한 것 같은 분위기입니다.,359,카페 인테리어,카페 인테리어
1층과 외관,이 카페의 핵심 특징은 1층과 외관입니다.,298,1층 카페,1층 카페
힙한 분위기,이 카페의 핵심 특징은 힙한 분위기입니다.,153,힙한 카페,힙한 카페
퇴근 후,이 카페의 핵심 특징은 퇴근 후입니다.,162,출퇴근,출퇴근
폼앤노말 자주 올 것 같다,이 카페의 핵심 특징은 폼앤노말 자주 올 것 같다입니다.,281,자주 방문,자주 방문
유리타일,이 카페의 핵심 특징은 유리타일입니다.,182,청결한 매장,청결한 매장
우드 인테리어,이 카페의 핵심 특징은 우드 인테리어입니다.,31,우드 인테리어,우드 인테리어
힙함,이 카페의 핵심 특징은 힙함입니다.,153,힙한 카페,힙한 카페
이색 디저트,이 카페의 핵심 특징은 이색 디저트입니다.,18,디저트 카페,디저트 카페
벌렁벌렁 분위기,이 카페의 핵심 특징은 벌렁벌렁 분위기입니다.,-1,힐링 카페,벌렁벌렁 분위기
혼자 카페,이 카페의 핵심 특징은 혼자 카페입니다.,97,혼자 카페,혼자 카페
펍 분위기,이 카페의 핵심 특징은 펍 분위기입니다.,310,,펍 분위기
옛 구옥 같은 창,이 카페의 핵심 특징은 옛 구옥 같은 창입니다.,160,창문뷰,창문뷰
힙한 카페,이 카페의 핵심 특징은 힙한 카페입니다.,153,힙한 카페,힙한 카페
야외,이 카페의 핵심 특징은 야외입니다.,321,야외 좌석,야외 좌석
어두운,이 카페의 핵심 특징은 어두운입니다.,142,어두운 분위기,어두운 분위기
이색적인 분위기,이 카페의 핵심 특징은 이색적인 분위기입니다.,127,카페 분위기,카페 분위기
예쁘규,이 카페의 핵심 특징은 예쁘규입니다.,320,예쁜 카페,예쁜 카페
강쥐랑 같이 갈 수 있는 카페,이 카페의 핵심 특징은 강쥐랑 같이 갈 수 있는 카페입니다.,45,애견동반,애견동반
2층 별도로 분리된 방,이 카페의 핵심 특징은 2층 별도로 분리된 방입니다.,337,2층 카페,2층 카페
좋은 음악,이 카페의 핵심 특징은 좋은 음악입니다.,-1,힐링 카페,좋은 음악
조용한 때,이 카페의 핵심 특징은 조용한 때입니다.,217,조용한 카페,조용한 카페
앉을 곳,이 카페의 핵심 특징은 앉을 곳입니다.,190,좌석,좌석
야외석,이 카페의 핵심 특징은 야외석입니다.,321,야외 좌석,야외 좌석
흘러나오는 음악,이 카페의 핵심 특징은 흘러나오는 음악입니다.,93,음악 분위기,음악 분위기
민트색 컵,이 카페의 핵심 특징은 민트색 컵입니다.,363,컵,컵
멋져요,이 카페의 핵심 특징은 멋져요입니다.,338,매력,매력
컨셉츄얼한 카페,이 카페의 핵심 특징은 컨셉츄얼한 카페입니다.,119,카페 컨셉,카페 컨셉
노래 선곡,이 카페의 핵심 특징은 노래 선곡입니다.,43,음악선곡,음악선곡
개인작업,이 카페의 핵심 특징은 개인작업입니다.,-1,힐링 카페,개인작업
1-2층,이 카페의 핵심 특징은 1-2층입니다.,333,층수,층수
예쁜곳,이 카페의 핵심 특징은 예쁜곳입니다.,327,예쁜 카페,예쁜 카페
힙한곳,이 카페의 핵심 특징은 힙한곳입니다.,153,힙한 카페,힙한 카페
아담한 카페,이 카페의 핵심 특징은 아담한 카페입니다.,116,아담한 카페,아담한 카페
따뜻하다,이 카페의 핵심 특징은 따뜻하다입니다.,111,따뜻한 분위기,따뜻한 분위기
귀여운 비숑 강아지들,이 카페의 핵심 특징은 귀여운 비숑 강아지들입니다.,96,반려동물 카페,반려동물 카페
아늑한 아지트 같은 느낌,이 카페의 핵심 특징은 아늑한 아지트 같은 느낌입니다.,62,아지트 카페,아지트 카페
조용히 얘기하기 좋은 곳,이 카페의 핵심 특징은 조용히 얘기하기 좋은 곳입니다.,147,조용한 대화,조용한 대화
예쁜것들,이 카페의 핵심 특징은 예쁜것들입니다.,320,예쁜 카페,예쁜 카페
비건관련제품,이 카페의 핵심 특징은 비건관련제품입니다.,60,,비건관련제품
빨대,이 카페의 핵심 특징은 빨대입니다.,-1,힐링 카페,빨대
로맨틱,이 카페의 핵심 특징은 로맨틱입니다.,339,로맨틱 카페,로맨틱 카페
왕추천,이 카페의 핵심 특징은 왕추천입니다.,80,강추,강추
지인들과 도란 도란,이 카페의 핵심 특징은 지인들과 도란 도란입니다.,51,지인 모임,지인 모임
사진이 예쁘게 나오는,이 카페의 핵심 특징은 사진이 예쁘게 나오는입니다.,35,사진 찍기 좋은 카페,사진 찍기 좋은 카페
따뜻한 감성,이 카페의 핵심 특징은 따뜻한 감성입니다.,111,따뜻한 분위기,따뜻한 분위기
로멘틱,이 카페의 핵심 특징은 로멘틱입니다.,339,로맨틱 카페,로맨틱 카페
안쪽 숨겨진 좌석,이 카페의 핵심 특징은 안쪽 숨겨진 좌석입니다.,334,숨은 카페,숨은 카페
책상 자리,이 카페의 핵심 특징은 책상 자리입니다.,-1,힐링 카페,책상 자리
카페 느낌,이 카페의 핵심 특징은 카페 느낌입니다.,204,카페 느낌,카페 느낌
플레이리스트,이 카페의 핵심 특징은 플레이리스트입니다.,362,테이블,테이블
혼자 카공,이 카페의 핵심 특징은 혼자 카공입니다.,-1,힐링 카페,혼자 카공
색다른 느낌,이 카페의 핵심 특징은 색다른 느낌입니다.,127,카페 분위기,카페 분위기
출입문,이 카페의 핵심 특징은 출입문입니다.,219,,출입문
외부 대기석,이 카페의 핵심 특징은 외부 대기석입니다.,321,야외 좌석,야외 좌석
예쁘고 사랑스럽다,이 카페의 핵심 특징은 예쁘고 사랑스럽다입니다.,171,귀여운 카페,귀여운 카페
동네 커피,이 카페의 핵심 특징은 동네 커피입니다.,192,동네카페,동네카페
칸막이된 1~2인용 자리,이 카페의 핵심 특징은 칸막이된 1~2인용 자리입니다.,275,단체 좌석,단체 좌석
다인용 자리,이 카페의 핵심 특징은 다인용 자리입니다.,-1,힐링 카페,다인용 자리
야외 테라스 자리,이 카페의 핵심 특징은 야외 테라스 자리입니다.,25,테라스,테라스
충전할곳,이 카페의 핵심 특징은 충전할곳입니다.,265,충전,충전
책하나 들고 오기,이 카페의 핵심 특징은 책하나 들고 오기입니다.,189,책읽기 좋은 카페,책읽기 좋은 카페
테라스자리,이 카페의 핵심 특징은 테라스자리입니다.,25,테라스,테라스
시끄럽게,이 카페의 핵심 특징은 시끄럽게입니다.,83,시끄러운 분위기,시끄러운 분위기
널날하다,이 카페의 핵심 특징은 널날하다입니다.,228,,널날하다
부부 모임,이 카페의 핵심 특징은 부부 모임입니다.,33,커플,커플
티 타임,이 카페의 핵심 특징은 티 타임입니다.,296,타임,타임
안쪽 테이블,이 카페의 핵심 특징은 안쪽 테이블입니다.,335,안쪽 자리,안쪽 자리
영업시간,이 카페의 핵심 특징은 영업시간입니다.,-1,힐링 카페,영업시간
앤틱한 분위기,이 카페의 핵심 특징은 앤틱한 분위기입니다.,251,,앤틱한 분위기
불친절,이 카페의 핵심 특징은 불친절입니다.,205,,불친절
신림역디저트가게,이 카페의 핵심 특징은 신림역디저트가게입니다.,150,신림 디저트,신림 디저트
샹들리에,이 카페의 핵심 특징은 샹들리에입니다.,369,,샹들리에
노래소리,이 카페의 핵심 특징은 노래소리입니다.,69,매장 음악,매장 음악
주말에 카페 나들이,이 카페의 핵심 특징은 주말에 카페 나들이입니다.,279,주말 카페,주말 카페
보기,이 카페의 핵심 특징은 보기입니다.,332,,보기
신림역 디저트,이 카페의 핵심 특징은 신림역 디저트입니다.,150,신림 디저트,신림 디저트
신림 매장,이 카페의 핵심 특징은 신림 매장입니다.,166,신림카페,신림카페
포장하기,이 카페의 핵심 특징은 포장하기입니다.,172,포장,포장
펍느낌,이 카페의 핵심 특징은 펍느낌입니다.,310,,펍느낌
시끄러운 사람,이 카페의 핵심 특징은 시끄러운 사람입니다.,83,시끄러운 분위기,시끄러운 분위기
안락함,이 카페의 핵심 특징은 안락함입니다.,222,안락한 분위기,안락한 분위기
신남,이 카페의 핵심 특징은 신남입니다.,158,연남동 카페,연남동 카페
골목에 자리 많은 카페,이 카페의 핵심 특징은 골목에 자리 많은 카페입니다.,236,골목 카페,골목 카페
24시 카페,이 카페의 핵심 특징은 24시 카페입니다.,26,24시간 카페,24시간 카페
야외테라스,이 카페의 핵심 특징은 야외테라스입니다.,25,테라스,테라스
디저트종류,이 카페의 핵심 특징은 디저트종류입니다.,18,디저트 카페,디저트 카페
혼자 방문,이 카페의 핵심 특징은 혼자 방문입니다.,73,혼자 방문,혼자 방문
주변 사람에 따라 집중되는 정도,이 카페의 핵심 특징은 주변 사람에 따라 집중되는 정도입니다.,99,집중하기,집중하기
쿠킹실,이 카페의 핵심 특징은 쿠킹실입니다.,230,베이커리,베이커리
혼자 공부하기,이 카페의 핵심 특징은 혼자 공부하기입니다.,94,혼자 공부하기,혼자 공부하기
BGM,이 카페의 핵심 특징은 BGM입니다.,-1,힐링 카페,BGM
좌석 간격,이 카페의 핵심 특징은 좌석 간격입니다.,38,좌석 간격,좌석 간격
신림역 최애 카페,이 카페의 핵심 특징은 신림역 최애 카페입니다.,167,신림역 카페,신림역 카페
신림 커피와 디저트 맛집,이 카페의 핵심 특징은 신림 커피와 디저트 맛집입니다.,150,신림 디저트,신림 디저트
신림동 디저트 맛집,이 카페의 핵심 특징은 신림동 디저트 맛집입니다.,150,신림 디저트,신림 디저트
주뱐카페,이 카페의 핵심 특징은 주뱐카페입니다.,-1,힐링 카페,주뱐카페
디저트 전문,이 카페의 핵심 특징은 디저트 전문입니다.,18,디저트 카페,디저트 카페
인생카페,이 카페의 핵심 특징은 인생카페입니다.,369,,인생카페
쉬었다가기,이 카페의 핵심 특징은 쉬었다가기입니다.,300,쉬어가기,쉬어가기
시끄러울 수 있다,이 카페의 핵심 특징은 시끄러울 수 있다입니다.,83,시끄러운 분위기,시끄러운 분위기
편하고 넓은 공간,이 카페의 핵심 특징은 편하고 넓은 공간입니다.,39,넓고 쾌적한 공간,넓고 쾌적한 공간
BGM선곡,이 카페의 핵심 특징은 BGM선곡입니다.,-1,힐링 카페,BGM선곡
방문하기 좋은 곳,이 카페의 핵심 특징은 방문하기 좋은 곳입니다.,346,방문 추천,방문 추천
점포,이 카페의 핵심 특징은 점포입니다.,356,,점포
충전 란자,이 카페의 핵심 특징은 충전 란자입니다.,265,충전,충전
하나로마트,이 카페의 핵심 특징은 하나로마트입니다.,356,,하나로마트
가성비 좋은 곳,이 카페의 핵심 특징은 가성비 좋은 곳입니다.,54,가성비 카페,가성비 카페
소프트아이스크림,이 카페의 핵심 특징은 소프트아이스크림입니다.,111,따뜻한 분위기,따뜻한 분위기
매장자리,이 카페의 핵심 특징은 매장자리입니다.,356,,매장자리
아담하다,이 카페의 핵심 특징은 아담하다입니다.,116,아담한 카페,아담한 카페
조명분위기,이 카페의 핵심 특징은 조명분위기입니다.,143,조명 분위기,조명 분위기
안정감,이 카페의 핵심 특징은 안정감입니다.,294,편안한 분위기,편안한 분위기
아쉬웠다,이 카페의 핵심 특징은 아쉬웠다입니다.,205,,아쉬웠다
여럿이 먹으러 갈때,이 카페의 핵심 특징은 여럿이 먹으러 갈때입니다.,315,단체 이용,단체 이용
이용하는 곳,이 카페의 핵심 특징은 이용하는 곳입니다.,241,이용하기 좋은 카페,이용하기 좋은 카페
지하 노래방 비트 울림,이 카페의 핵심 특징은 지하 노래방 비트 울림입니다.,58,지하 공간,지하 공간
어린이집,이 카페의 핵심 특징은 어린이집입니다.,175,키즈카페,키즈카페
백신3차,이 카페의 핵심 특징은 백신3차입니다.,12,,백신3차
넓고 쾌적하다,이 카페의 핵심 특징은 넓고 쾌적하다입니다.,39,넓고 쾌적한 공간,넓고 쾌적한 공간
혼자 책읽기,이 카페의 핵심 특징은 혼자 책읽기입니다.,4,혼자 책읽기,혼자 책읽기
시끌시끌,이 카페의 핵심 특징은 시끌시끌입니다.,83,시끄러운 분위기,시끄러운 분위기
점심때,이 카페의 핵심 특징은 점심때입니다.,240,점심,점심
서울대 커피맛집,이 카페의 핵심 특징은 서울대 커피맛집입니다.,233,서울대 카페,서울대 카페
경영전문대학원 건물 59-1동,이 카페의 핵심 특징은 경영전문대학원 건물 59-1동입니다.,337,2층 카페,2층 카페
59-1동,이 카페의 핵심 특징은 59-1동입니다.,337,2층 카페,2층 카페
통로,이 카페의 핵심 특징은 통로입니다.,322,통유리 카페,통유리 카페
집중하기 좋다,이 카페의 핵심 특징은 집중하기 좋다입니다.,100,집중하기 좋은 카페,집중하기 좋은 카페
내부 공간,이 카페의 핵심 특징은 내부 공간입니다.,341,실내공간,실내공간
시끄러움,이 카페의 핵심 특징은 시끄러움입니다.,83,시끄러운 분위기,시끄러운 분위기
탁 트인,이 카페의 핵심 특징은 탁 트인입니다.,12,,탁 트인
소리가 울리고 북적거린다,이 카페의 핵심 특징은 소리가 울리고 북적거린다입니다.,85,,소리가 울리고 북적거린다
카페같은 곳,이 카페의 핵심 특징은 카페같은 곳입니다.,311,아늑한 카페,아늑한 카페
천장,이 카페의 핵심 특징은 천장입니다.,267,,천장
결제하는 곳,이 카페의 핵심 특징은 결제하는 곳입니다.,291,키오스크,키오스크
편함,이 카페의 핵심 특징은 편함입니다.,295,편안한 카페,편안한 카페
학교 카페,이 카페의 핵심 특징은 학교 카페입니다.,149,학교 카페,학교 카페
속세느낌,이 카페의 핵심 특징은 속세느낌입니다.,204,카페 느낌,카페 느낌
경영대 2층,이 카페의 핵심 특징은 경영대 2층입니다.,337,2층 카페,2층 카페
경영대 라운지,이 카페의 핵심 특징은 경영대 라운지입니다.,337,2층 카페,2층 카페
매일가요,이 카페의 핵심 특징은 매일가요입니다.,325,,매일가요
서울대 카페,이 카페의 핵심 특징은 서울대 카페입니다.,233,서울대 카페,서울대 카페
내장,이 카페의 핵심 특징은 내장입니다.,340,내부 인테리어,내부 인테리어
서울대,이 카페의 핵심 특징은 서울대입니다.,233,서울대 카페,서울대 카페
세련된,이 카페의 핵심 특징은 세련된입니다.,105,세련된 분위기,세련된 분위기
건물 로비,이 카페의 핵심 특징은 건물 로비입니다.,-1,힐링 카페,건물 로비
테이블배치,이 카페의 핵심 특징은 테이블배치입니다.,362,테이블,테이블
시원하게 탁 트이고,이 카페의 핵심 특징은 시원하게 탁 트이고입니다.,138,시원한 분위기,시원한 분위기
깔끔한 매장,이 카페의 핵심 특징은 깔끔한 매장입니다.,182,청결한 매장,청결한 매장
다이어트 하시는 분들,이 카페의 핵심 특징은 다이어트 하시는 분들입니다.,266,다이어트,다이어트
추리게임,이 카페의 핵심 특징은 추리게임입니다.,179,게임카페,게임카페
프랜차이즈 볻겜카페,이 카페의 핵심 특징은 프랜차이즈 볻겜카페입니다.,179,게임카페,게임카페
하루종일 할 수 있는 것,이 카페의 핵심 특징은 하루종일 할 수 있는 것입니다.,325,,하루종일 할 수 있는 것
뉴욕,이 카페의 핵심 특징은 뉴욕입니다.,367,,뉴욕
마작테이블,이 카페의 핵심 특징은 마작테이블입니다.,362,테이블,테이블
보겜,이 카페의 핵심 특징은 보겜입니다.,166,신림카페,신림카페
비용,이 카페의 핵심 특징은 비용입니다.,28,가격,가격
깨끗함,이 카페의 핵심 특징은 깨끗함입니다.,182,청결한 매장,청결한 매장
신림 최고의 보겜 카페,이 카페의 핵심 특징은 신림 최고의 보겜 카페입니다.,166,신림카페,신림카페
깔끔한 게,이 카페의 핵심 특징은 깔끔한 게입니다.,278,깔끔한 카페,깔끔한 카페
새로운 게임들 해보기,이 카페의 핵심 특징은 새로운 게임들 해보기입니다.,179,게임카페,게임카페
간단한 한끼,이 카페의 핵심 특징은 간단한 한끼입니다.,244,간단한 식사,간단한 식사
가볍게 먹기 딱,이 카페의 핵심 특징은 가볍게 먹기 딱입니다.,271,가벼운 식사,가벼운 식사
토스트 맛집,이 카페의 핵심 특징은 토스트 맛집입니다.,53,,토스트 맛집
간편하게 먹기,이 카페의 핵심 특징은 간편하게 먹기입니다.,244,간단한 식사,간단한 식사
불쾌함,이 카페의 핵심 특징은 불쾌함입니다.,205,,불쾌함
서비스,이 카페의 핵심 특징은 서비스입니다.,-1,힐링 카페,서비스
사서가기,이 카페의 핵심 특징은 사서가기입니다.,-1,힐링 카페,사서가기
유모차,이 카페의 핵심 특징은 유모차입니다.,124,아기 동반,아기 동반
혼자먹기,이 카페의 핵심 특징은 혼자먹기입니다.,9,혼자 먹기,혼자 먹기
조용한 동네,이 카페의 핵심 특징은 조용한 동네입니다.,-1,힐링 카페,조용한 동네
쌀쌀한 날,이 카페의 핵심 특징은 쌀쌀한 날입니다.,253,,쌀쌀한 날
자주애용하는 카페,이 카페의 핵심 특징은 자주애용하는 카페입니다.,258,자주 이용하는 카페,자주 이용하는 카페
차 댈 수 있는 공간,이 카페의 핵심 특징은 차 댈 수 있는 공간입니다.,72,,차 댈 수 있는 공간
가끔 들리기,이 카페의 핵심 특징은 가끔 들리기입니다.,259,가끔 방문,가끔 방문
차마시러 오기,이 카페의 핵심 특징은 차마시러 오기입니다.,257,시간 보내기 좋은 곳,시간 보내기 좋은 곳
상영,이 카페의 핵심 특징은 상영입니다.,332,,상영
고시촌,이 카페의 핵심 특징은 고시촌입니다.,130,고시촌,고시촌
후식,이 카페의 핵심 특징은 후식입니다.,286,간식,간식
불쾌,이 카페의 핵심 특징은 불쾌입니다.,205,,불쾌
아기자기 이쁜공간,이 카페의 핵심 특징은 아기자기 이쁜공간입니다.,71,아기자기한 카페,아기자기한 카페
아기자기 이쁜 공간,이 카페의 핵심 특징은 아기자기 이쁜 공간입니다.,71,아기자기한 카페,아기자기한 카페
가게 외관,이 카페의 핵심 특징은 가게 외관입니다.,288,외관,외관
외관 인테리어,이 카페의 핵심 특징은 외관 인테리어입니다.,288,외관,외관
남녀노소,이 카페의 핵심 특징은 남녀노소입니다.,104,,남녀노소
산책길,이 카페의 핵심 특징은 산책길입니다.,193,산책,산책
전망,이 카페의 핵심 특징은 전망입니다.,237,뷰,뷰
여유로운 시간,이 카페의 핵심 특징은 여유로운 시간입니다.,206,여유로운 분위기,여유로운 분위기
아침대용,이 카페의 핵심 특징은 아침대용입니다.,284,아침,아침
조용히 책 읽기,이 카페의 핵심 특징은 조용히 책 읽기입니다.,30,조용한 독서 공간,조용한 독서 공간
볕이 잘 든다,이 카페의 핵심 특징은 볕이 잘 든다입니다.,112,햇살 좋은 카페,햇살 좋은 카페
자주 들리고 싶은 카페,이 카페의 핵심 특징은 자주 들리고 싶은 카페입니다.,280,자주 가고 싶은 카페,자주 가고 싶은 카페
내스탈,이 카페의 핵심 특징은 내스탈입니다.,340,내부 인테리어,내부 인테리어
달콤한 향,이 카페의 핵심 특징은 달콤한 향입니다.,169,상큼한 맛,상큼한 맛
글 쓰기,이 카페의 핵심 특징은 글 쓰기입니다.,282,독서,독서
원두냄새,이 카페의 핵심 특징은 원두냄새입니다.,37,원두,원두
따뜻한 음료,이 카페의 핵심 특징은 따뜻한 음료입니다.,111,따뜻한 분위기,따뜻한 분위기
기본 음료,이 카페의 핵심 특징은 기본 음료입니다.,364,음료,음료
꼬수운 커피,이 카페의 핵심 특징은 꼬수운 커피입니다.,370,커피,커피
반지하,이 카페의 핵심 특징은 반지하입니다.,58,지하 공간,지하 공간
편안한 시간,이 카페의 핵심 특징은 편안한 시간입니다.,207,평온한 시간,평온한 시간
음악 감상,이 카페의 핵심 특징은 음악 감상입니다.,92,음악 감상,음악 감상
클래식,이 카페의 핵심 특징은 클래식입니다.,173,특별한 카페,특별한 카페
유서 깊은 역사,이 카페의 핵심 특징은 유서 깊은 역사입니다.,114,,유서 깊은 역사
대학동 최고의 디저트집,이 카페의 핵심 특징은 대학동 최고의 디저트집입니다.,76,대학동 카페,대학동 카페
점심 시간,이 카페의 핵심 특징은 점심 시간입니다.,240,점심,점심
혼자서 4인좌석,이 카페의 핵심 특징은 혼자서 4인좌석입니다.,275,단체 좌석,단체 좌석
혼자서 6인좌석,이 카페의 핵심 특징은 혼자서 6인좌석입니다.,275,단체 좌석,단체 좌석
아들래미,이 카페의 핵심 특징은 아들래미입니다.,141,자녀,자녀
신림역 요거트아이스크림,이 카페의 핵심 특징은 신림역 요거트아이스크림입니다.,150,신림 디저트,신림 디저트
가게 매장,이 카페의 핵심 특징은 가게 매장입니다.,355,가게,가게
요거트 덕후,이 카페의 핵심 특징은 요거트 덕후입니다.,273,,요거트 덕후
동생이랑 놀기,이 카페의 핵심 특징은 동생이랑 놀기입니다.,34,연인과의 특별한 장소,연인과의 특별한 장소
신림 디저트 맛집,이 카페의 핵심 특징은 신림 디저트 맛집입니다.,150,신림 디저트,신림 디저트
빵 종류,이 카페의 핵심 특징은 빵 종류입니다.,81,빵집,빵집
남편과 아이,이 카페의 핵심 특징은 남편과 아이입니다.,157,부부,부부
들리기 좋다,이 카페의 핵심 특징은 들리기 좋다입니다.,85,,들리기 좋다
지인분들과 나눔,이 카페의 핵심 특징은 지인분들과 나눔입니다.,51,지인 모임,지인 모임
기분 좋은 맛집,이 카페의 핵심 특징은 기분 좋은 맛집입니다.,-1,힐링 카페,기분 좋은 맛집
차,이 카페의 핵심 특징은 차입니다.,364,음료,음료
빵집 내부,이 카페의 핵심 특징은 빵집 내부입니다.,81,빵집,빵집
차분한 공간,이 카페의 핵심 특징은 차분한 공간입니다.,155,차분한 분위기,차분한 분위기
카페테이블,이 카페의 핵심 특징은 카페테이블입니다.,362,테이블,테이블
우드톤,이 카페의 핵심 특징은 우드톤입니다.,31,우드 인테리어,우드 인테리어
홀더존,이 카페의 핵심 특징은 홀더존입니다.,44,홀더,홀더
편하다,이 카페의 핵심 특징은 편하다입니다.,295,편안한 카페,편안한 카페
맛저,이 카페의 핵심 특징은 맛저입니다.,293,맛,맛
리유저블컵,이 카페의 핵심 특징은 리유저블컵입니다.,363,컵,컵
화이트톤,이 카페의 핵심 특징은 화이트톤입니다.,118,블랙앤화이트 인테리어,블랙앤화이트 인테리어
다이어트 음료,이 카페의 핵심 특징은 다이어트 음료입니다.,266,다이어트,다이어트
주차비,이 카페의 핵심 특징은 주차비입니다.,72,,주차비
자리 이용,이 카페의 핵심 특징은 자리 이용입니다.,174,자리,자리
쾌적,이 카페의 핵심 특징은 쾌적입니다.,40,,쾌적
초,이 카페의 핵심 특징은 초입니다.,-1,힐링 카페,초
딸래미 생일 케익,이 카페의 핵심 특징은 딸래미 생일 케익입니다.,223,생일 기념,생일 기념
일인 일음료,이 카페의 핵심 특징은 일인 일음료입니다.,-1,힐링 카페,일인 일음료
둘이 가면,이 카페의 핵심 특징은 둘이 가면입니다.,56,둘이,둘이
추웠다,이 카페의 핵심 특징은 추웠다입니다.,253,,추웠다
고등학교 친구들,이 카페의 핵심 특징은 고등학교 친구들입니다.,188,친구,친구
용기,이 카페의 핵심 특징은 용기입니다.,363,컵,컵
텀블러할인,이 카페의 핵심 특징은 텀블러할인입니다.,-1,힐링 카페,텀블러할인
텀블러 할인,이 카페의 핵심 특징은 텀블러 할인입니다.,-1,힐링 카페,텀블러 할인
작업하기 좋은 곳,이 카페의 핵심 특징은 작업하기 좋은 곳입니다.,304,작업하기 좋은 카페,작업하기 좋은 카페
가계,이 카페의 핵심 특징은 가계입니다.,161,가족 모임,가족 모임
전환하기 좋은곳,이 카페의 핵심 특징은 전환하기 좋은곳입니다.,90,기분전환 카페,기분전환 카페
투박한감,이 카페의 핵심 특징은 투박한감입니다.,353,,투박한감
어수선한 분위기,이 카페의 핵심 특징은 어수선한 분위기입니다.,-1,힐링 카페,어수선한 분위기
반가움,이 카페의 핵심 특징은 반가움입니다.,214,만남의 장소,만남의 장소
빵냄새,이 카페의 핵심 특징은 빵냄새입니다.,168,고소한 빵,고소한 빵
힐링되는 시간,이 카페의 핵심 특징은 힐링되는 시간입니다.,-1,힐링 카페,힐링되는 시간
따뜻한 에너지,이 카페의 핵심 특징은 따뜻한 에너지입니다.,111,따뜻한 분위기,따뜻한 분위기
댕댕이 최애 카페,이 카페의 핵심 특징은 댕댕이 최애 카페입니다.,96,반려동물 카페,반려동물 카페
업무 보기,이 카페의 핵심 특징은 업무 보기입니다.,303,작업,작업
부담없이 즐길 수 있다,이 카페의 핵심 특징은 부담없이 즐길 수 있다입니다.,261,편안한 분위기,편안한 분위기
애견 동반,이 카페의 핵심 특징은 애견 동반입니다.,47,애견동반 카페,애견동반 카페
선택 폭,이 카페의 핵심 특징은 선택 폭입니다.,357,사이즈,사이즈
영화관,이 카페의 핵심 특징은 영화관입니다.,332,,영화관
빠름빠름,이 카페의 핵심 특징은 빠름빠름입니다.,-1,힐링 카페,빠름빠름
커피테이크아웃,이 카페의 핵심 특징은 커피테이크아웃입니다.,24,테이크아웃,테이크아웃
책,이 카페의 핵심 특징은 책입니다.,-1,힐링 카페,책
안식처,이 카페의 핵심 특징은 안식처입니다.,221,편안한 공간,편안한 공간
주황조명,이 카페의 핵심 특징은 주황조명입니다.,143,조명 분위기,조명 분위기
따릉이,이 카페의 핵심 특징은 따릉이입니다.,-1,힐링 카페,따릉이
단골 손님,이 카페의 핵심 특징은 단골 손님입니다.,19,단골카페,단골카페
힐링되는 곳,이 카페의 핵심 특징은 힐링되는 곳입니다.,42,힐링 공간,힐링 공간
더운 여름,이 카페의 핵심 특징은 더운 여름입니다.,129,여름 카페,여름 카페
음악 소리,이 카페의 핵심 특징은 음악 소리입니다.,93,음악 분위기,음악 분위기
브금,이 카페의 핵심 특징은 브금입니다.,140,반지 만들기,반지 만들기
식사 해결하기,이 카페의 핵심 특징은 식사 해결하기입니다.,243,식사 대용,식사 대용
공부할 수 있는 환경,이 카페의 핵심 특징은 공부할 수 있는 환경입니다.,199,공부할 공간,공부할 공간
조용히 집중할 수 있는,이 카페의 핵심 특징은 조용히 집중할 수 있는입니다.,147,조용한 대화,조용한 대화
분들,이 카페의 핵심 특징은 분들입니다.,242,,분들
남편,이 카페의 핵심 특징은 남편입니다.,157,부부,부부
이디야 매장,이 카페의 핵심 특징은 이디야 매장입니다.,122,이디야,이디야
편하고 좋다,이 카페의 핵심 특징은 편하고 좋다입니다.,295,편안한 카페,편안한 카페
차 마시기,이 카페의 핵심 특징은 차 마시기입니다.,364,음료,음료
혼자 커피마시기,이 카페의 핵심 특징은 혼자 커피마시기입니다.,74,혼자 커피,혼자 커피
이디야커피,이 카페의 핵심 특징은 이디야커피입니다.,122,이디야,이디야
혼자커피마시기,이 카페의 핵심 특징은 혼자커피마시기입니다.,74,혼자 커피,혼자 커피
시장느낌,이 카페의 핵심 특징은 시장느낌입니다.,101,,시장느낌
고시촌 이디야,이 카페의 핵심 특징은 고시촌 이디야입니다.,130,고시촌,고시촌
공부하거나 일하는 사람들,이 카페의 핵심 특징은 공부하거나 일하는 사람들입니다.,132,공부하는 사람들,공부하는 사람들
조용하고 쾌적한,이 카페의 핵심 특징은 조용하고 쾌적한입니다.,156,조용하고 쾌적한,조용하고 쾌적한
적당한 소음,이 카페의 핵심 특징은 적당한 소음입니다.,84,소음,소음
일반손님,이 카페의 핵심 특징은 일반손님입니다.,174,자리,자리
단골매장,이 카페의 핵심 특징은 단골매장입니다.,19,단골카페,단골카페
대기 시간,이 카페의 핵심 특징은 대기 시간입니다.,316,대기,대기
조식,이 카페의 핵심 특징은 조식입니다.,273,,조식
책보기,이 카페의 핵심 특징은 책보기입니다.,283,독서,독서
한산하고 조용한,이 카페의 핵심 특징은 한산하고 조용한입니다.,196,한적한 분위기,한적한 분위기
조용히 집중할 수 있는 카페,이 카페의 핵심 특징은 조용히 집중할 수 있는 카페입니다.,148,조용한 공부 분위기,조용한 공부 분위기
머리 식히기,이 카페의 핵심 특징은 머리 식히기입니다.,300,쉬어가기,쉬어가기
한산한,이 카페의 핵심 특징은 한산한입니다.,196,한적한 분위기,한적한 분위기
춥고 매운데,이 카페의 핵심 특징은 춥고 매운데입니다.,253,,춥고 매운데
공부하러 오시는 분들,이 카페의 핵심 특징은 공부하러 오시는 분들입니다.,132,공부하는 사람들,공부하는 사람들
답답,이 카페의 핵심 특징은 답답입니다.,114,,답답
파스쿠치 관정도서관점 2층,이 카페의 핵심 특징은 파스쿠치 관정도서관점 2층입니다.,337,2층 카페,2층 카페
포근한 분위기,이 카페의 핵심 특징은 포근한 분위기입니다.,254,포근한 분위기,포근한 분위기
코드,이 카페의 핵심 특징은 코드입니다.,111,따뜻한 분위기,따뜻한 분위기
지친 영혼들의 HP MP를 회복시켜 주는 곳,이 카페의 핵심 특징은 지친 영혼들의 HP MP를 회복시켜 주는 곳입니다.,42,힐링 공간,힐링 공간
깔끔하게 잘 관리됨,이 카페의 핵심 특징은 깔끔하게 잘 관리됨입니다.,278,깔끔한 카페,깔끔한 카페
카페2층,이 카페의 핵심 특징은 카페2층입니다.,337,2층 카페,2층 카페
학교에서 갈만한 카페,이 카페의 핵심 특징은 학교에서 갈만한 카페입니다.,149,학교 카페,학교 카페
따뜻하고 달달한,이 카페의 핵심 특징은 따뜻하고 달달한입니다.,111,따뜻한 분위기,따뜻한 분위기
서울대생,이 카페의 핵심 특징은 서울대생입니다.,233,서울대 카페,서울대 카페
서울대병원 방문객,이 카페의 핵심 특징은 서울대병원 방문객입니다.,233,서울대 카페,서울대 카페
예쁜 친구와 함께,이 카페의 핵심 특징은 예쁜 친구와 함께입니다.,307,친구와 함께,친구와 함께
커피 싸게 먹기,이 카페의 핵심 특징은 커피 싸게 먹기입니다.,27,저렴한 커피,저렴한 커피
오래 먹을 수 있어,이 카페의 핵심 특징은 오래 먹을 수 있어입니다.,260,머무르기 좋은 카페,머무르기 좋은 카페
시원하고 쾌적한,이 카페의 핵심 특징은 시원하고 쾌적한입니다.,138,시원한 분위기,시원한 분위기
알바생들,이 카페의 핵심 특징은 알바생들입니다.,232,직원들,직원들
블루포트 서울대학교점,이 카페의 핵심 특징은 블루포트 서울대학교점입니다.,-1,힐링 카페,블루포트 서울대학교점
서울대학교 글로벌학생생활관,이 카페의 핵심 특징은 서울대학교 글로벌학생생활관입니다.,233,서울대 카페,서울대 카페
CU,이 카페의 핵심 특징은 CU입니다.,369,,CU
대학원생,이 카페의 핵심 특징은 대학원생입니다.,131,학생,학생
일반인,이 카페의 핵심 특징은 일반인입니다.,174,자리,자리
고부,이 카페의 핵심 특징은 고부입니다.,78,엄마들 모임,엄마들 모임
블루팟,이 카페의 핵심 특징은 블루팟입니다.,-1,힐링 카페,블루팟
쉬는 시간,이 카페의 핵심 특징은 쉬는 시간입니다.,299,휴식,휴식
공강,이 카페의 핵심 특징은 공강입니다.,-1,힐링 카페,공강
공부나 일하기 좋다,이 카페의 핵심 특징은 공부나 일하기 좋다입니다.,22,공부하기 좋은 카페,공부하기 좋은 카페
서울대 글로벌기숙사,이 카페의 핵심 특징은 서울대 글로벌기숙사입니다.,233,서울대 카페,서울대 카페
학교,이 카페의 핵심 특징은 학교입니다.,149,학교 카페,학교 카페
음악 볼륨,이 카페의 핵심 특징은 음악 볼륨입니다.,93,음악 분위기,음악 분위기
개인콘센트,이 카페의 핵심 특징은 개인콘센트입니다.,-1,힐링 카페,개인콘센트
무선충전기,이 카페의 핵심 특징은 무선충전기입니다.,265,충전,충전
지인들과 가기,이 카페의 핵심 특징은 지인들과 가기입니다.,51,지인 모임,지인 모임
조곤조곤 대화,이 카페의 핵심 특징은 조곤조곤 대화입니다.,68,대화하기 좋은 카페,대화하기 좋은 카페
귀여운 인테리어,이 카페의 핵심 특징은 귀여운 인테리어입니다.,70,작고 귀여운 카페,작고 귀여운 카페
티포트,이 카페의 핵심 특징은 티포트입니다.,149,학교 카페,학교 카페
거울쟁반,이 카페의 핵심 특징은 거울쟁반입니다.,13,,거울쟁반
좌식 테이블,이 카페의 핵심 특징은 좌식 테이블입니다.,190,좌석,좌석
혼자서 오기,이 카페의 핵심 특징은 혼자서 오기입니다.,73,혼자 방문,혼자 방문
친구랑 오는 카페,이 카페의 핵심 특징은 친구랑 오는 카페입니다.,276,친구와의 만남,친구와의 만남
고급진,이 카페의 핵심 특징은 고급진입니다.,52,고급 카페,고급 카페
안락한 분위기,이 카페의 핵심 특징은 안락한 분위기입니다.,222,안락한 분위기,안락한 분위기
느긋하게 지내기 좋은,이 카페의 핵심 특징은 느긋하게 지내기 좋은입니다.,-1,힐링 카페,느긋하게 지내기 좋은
궁전같은 느낌,이 카페의 핵심 특징은 궁전같은 느낌입니다.,310,,궁전같은 느낌
자존감이 높아지는,이 카페의 핵심 특징은 자존감이 높아지는입니다.,90,기분전환 카페,기분전환 카페
기분좋아지는,이 카페의 핵심 특징은 기분좋아지는입니다.,90,기분전환 카페,기분전환 카페
대접받는 느낌,이 카페의 핵심 특징은 대접받는 느낌입니다.,254,포근한 분위기,포근한 분위기
좌식의자,이 카페의 핵심 특징은 좌식의자입니다.,190,좌석,좌석
좋은 동네 카페,이 카페의 핵심 특징은 좋은 동네 카페입니다.,192,동네카페,동네카페
장식,이 카페의 핵심 특징은 장식입니다.,359,카페 인테리어,카페 인테리어
인스타그래머블,이 카페의 핵심 특징은 인스타그래머블입니다.,249,인스타카페,인스타카페
사진 스팟,이 카페의 핵심 특징은 사진 스팟입니다.,16,포토존,포토존
여자친구랑 가끔 오는 카페,이 카페의 핵심 특징은 여자친구랑 가끔 오는 카페입니다.,180,여자친구,여자친구
앤틱느낌 소품들,이 카페의 핵심 특징은 앤틱느낌 소품들입니다.,251,,앤틱느낌 소품들
중요한 분 만날 때,이 카페의 핵심 특징은 중요한 분 만날 때입니다.,-1,힐링 카페,중요한 분 만날 때
예쁜 공간,이 카페의 핵심 특징은 예쁜 공간입니다.,327,예쁜 카페,예쁜 카페
맛있는 음료,이 카페의 핵심 특징은 맛있는 음료입니다.,364,음료,음료
고풍스럽고 분위기,이 카페의 핵심 특징은 고풍스럽고 분위기입니다.,79,고즈넉한 분위기,고즈넉한 분위기
좋은점 5가지만 고르기 아쉬운 카페,이 카페의 핵심 특징은 좋은점 5가지만 고르기 아쉬운 카페입니다.,205,,좋은점 5가지만 고르기 아쉬운 카페
진심이 아닌곳이 없고,이 카페의 핵심 특징은 진심이 아닌곳이 없고입니다.,185,,진심이 아닌곳이 없고
행복을 느끼는 곳,이 카페의 핵심 특징은 행복을 느끼는 곳입니다.,121,행복한 분위기,행복한 분위기
궁전다방,이 카페의 핵심 특징은 궁전다방입니다.,310,,궁전다방
책 한권 읽기,이 카페의 핵심 특징은 책 한권 읽기입니다.,282,독서,독서
신발벗고 앉을 있는 곳,이 카페의 핵심 특징은 신발벗고 앉을 있는 곳입니다.,190,좌석,좌석
다락방 느낌,이 카페의 핵심 특징은 다락방 느낌입니다.,15,다락방 느낌,다락방 느낌
이쁜 다방,이 카페의 핵심 특징은 이쁜 다방입니다.,327,예쁜 카페,예쁜 카페
아기 있는 친구의 아지트,이 카페의 핵심 특징은 아기 있는 친구의 아지트입니다.,124,아기 동반,아기 동반
마음이 편안해지다,이 카페의 핵심 특징은 마음이 편안해지다입니다.,302,편안한 분위기,편안한 분위기
제일 예쁜카페,이 카페의 핵심 특징은 제일 예쁜카페입니다.,320,예쁜 카페,예쁜 카페
숨은 카페맛집,이 카페의 핵심 특징은 숨은 카페맛집입니다.,334,숨은 카페,숨은 카페
엔틱한 분위기,이 카페의 핵심 특징은 엔틱한 분위기입니다.,251,,엔틱한 분위기
좌식 공간,이 카페의 핵심 특징은 좌식 공간입니다.,190,좌석,좌석
타르트 맛집,이 카페의 핵심 특징은 타르트 맛집입니다.,53,,타르트 맛집
작고 작은 빵집,이 카페의 핵심 특징은 작고 작은 빵집입니다.,82,작은 빵집,작은 빵집
속이 편안하다,이 카페의 핵심 특징은 속이 편안하다입니다.,294,편안한 분위기,편안한 분위기
아기자기한 동네 빵집,이 카페의 핵심 특징은 아기자기한 동네 빵집입니다.,66,동네빵집,동네빵집
담백한,이 카페의 핵심 특징은 담백한입니다.,184,청량한 분위기,청량한 분위기
천국,이 카페의 핵심 특징은 천국입니다.,267,,천국
사람들,이 카페의 핵심 특징은 사람들입니다.,242,,사람들
가까운 베이커리 카페,이 카페의 핵심 특징은 가까운 베이커리 카페입니다.,230,베이커리,베이커리
커피랑 먹기,이 카페의 핵심 특징은 커피랑 먹기입니다.,-1,힐링 카페,커피랑 먹기
기분 좋아지는 빵집,이 카페의 핵심 특징은 기분 좋아지는 빵집입니다.,-1,힐링 카페,기분 좋아지는 빵집
1인,이 카페의 핵심 특징은 1인입니다.,343,1인 카페,1인 카페
1인용,이 카페의 핵심 특징은 1인용입니다.,343,1인 카페,1인 카페
친절,이 카페의 핵심 특징은 친절입니다.,103,친절한 카페,친절한 카페
방치수준,이 카페의 핵심 특징은 방치수준입니다.,206,여유로운 분위기,여유로운 분위기
개판,이 카페의 핵심 특징은 개판입니다.,353,,개판
불쾌한 분위기,이 카페의 핵심 특징은 불쾌한 분위기입니다.,205,,불쾌한 분위기
대화하기 좋은,이 카페의 핵심 특징은 대화하기 좋은입니다.,68,대화하기 좋은 카페,대화하기 좋은 카페
이쁜 라떼아트,이 카페의 핵심 특징은 이쁜 라떼아트입니다.,67,라떼아트,라떼아트
아트,이 카페의 핵심 특징은 아트입니다.,220,미술활동,미술활동
함께,이 카페의 핵심 특징은 함께입니다.,-1,힐링 카페,함께
갬성 카페,이 카페의 핵심 특징은 갬성 카페입니다.,226,갬성 카페,갬성 카페
화이트 인테리어,이 카페의 핵심 특징은 화이트 인테리어입니다.,118,블랙앤화이트 인테리어,블랙앤화이트 인테리어
자기 할 일 하기,이 카페의 핵심 특징은 자기 할 일 하기입니다.,303,작업,작업
깨끗,이 카페의 핵심 특징은 깨끗입니다.,182,청결한 매장,청결한 매장
공부하시는 분들,이 카페의 핵심 특징은 공부하시는 분들입니다.,132,공부하는 사람들,공부하는 사람들
작고 예쁘고,이 카페의 핵심 특징은 작고 예쁘고입니다.,70,작고 귀여운 카페,작고 귀여운 카페
추운 날,이 카페의 핵심 특징은 추운 날입니다.,-1,힐링 카페,추운 날
아담한 곳,이 카페의 핵심 특징은 아담한 곳입니다.,116,아담한 카페,아담한 카페
정신없는 느낌,이 카페의 핵심 특징은 정신없는 느낌입니다.,185,,정신없는 느낌
천원 이벤트,이 카페의 핵심 특징은 천원 이벤트입니다.,290,이벤트,이벤트
고객 입장에선 좋다,이 카페의 핵심 특징은 고객 입장에선 좋다입니다.,324,좋은 카페,좋은 카페
벨레삐 자리,이 카페의 핵심 특징은 벨레삐 자리입니다.,174,자리,자리
농협 은행,이 카페의 핵심 특징은 농협 은행입니다.,369,,농협 은행
더벤티,이 카페의 핵심 특징은 더벤티입니다.,190,좌석,좌석
독특한 파이,이 카페의 핵심 특징은 독특한 파이입니다.,173,특별한 카페,특별한 카페
애들간식거리,이 카페의 핵심 특징은 애들간식거리입니다.,194,귀여운 아이들,귀여운 아이들
선물 포장,이 카페의 핵심 특징은 선물 포장입니다.,209,선물,선물
아기자기함,이 카페의 핵심 특징은 아기자기함입니다.,63,아기자기한 카페,아기자기한 카페
어머니,이 카페의 핵심 특징은 어머니입니다.,78,엄마들 모임,엄마들 모임
미트파이,이 카페의 핵심 특징은 미트파이입니다.,173,특별한 카페,특별한 카페
회사 근처,이 카페의 핵심 특징은 회사 근처입니다.,314,회사 근처,회사 근처
케익,이 카페의 핵심 특징은 케익입니다.,229,디저트,디저트
다른 종류,이 카페의 핵심 특징은 다른 종류입니다.,128,,다른 종류
갓 구운 빵 냄새,이 카페의 핵심 특징은 갓 구운 빵 냄새입니다.,168,고소한 빵,고소한 빵
빵 냄새,이 카페의 핵심 특징은 빵 냄새입니다.,168,고소한 빵,고소한 빵
수영장,이 카페의 핵심 특징은 수영장입니다.,366,,수영장
고시촌 명물,이 카페의 핵심 특징은 고시촌 명물입니다.,130,고시촌,고시촌
냉방,이 카페의 핵심 특징은 냉방입니다.,253,,냉방
노랫소리,이 카페의 핵심 특징은 노랫소리입니다.,69,매장 음악,매장 음악
수험생,이 카페의 핵심 특징은 수험생입니다.,130,고시촌,고시촌
아지트 비스무리한 느낌,이 카페의 핵심 특징은 아지트 비스무리한 느낌입니다.,62,아지트 카페,아지트 카페
혼자 책 읽기,이 카페의 핵심 특징은 혼자 책 읽기입니다.,4,혼자 책읽기,혼자 책읽기
빽,이 카페의 핵심 특징은 빽입니다.,152,빽다방,빽다방
혼자 책보기,이 카페의 핵심 특징은 혼자 책보기입니다.,4,혼자 책읽기,혼자 책읽기
휴지통,이 카페의 핵심 특징은 휴지통입니다.,255,,휴지통
친근함,이 카페의 핵심 특징은 친근함입니다.,254,포근한 분위기,포근한 분위기
매장 품격,이 카페의 핵심 특징은 매장 품격입니다.,356,,매장 품격
매장홀,이 카페의 핵심 특징은 매장홀입니다.,356,,매장홀
데뚜겸,이 카페의 핵심 특징은 데뚜겸입니다.,19,단골카페,단골카페
안쪽,이 카페의 핵심 특징은 안쪽입니다.,335,안쪽 자리,안쪽 자리
휴식시간,이 카페의 핵심 특징은 휴식시간입니다.,299,휴식,휴식
갓성비 맛집,이 카페의 핵심 특징은 갓성비 맛집입니다.,54,가성비 카페,가성비 카페
코노,이 카페의 핵심 특징은 코노입니다.,368,,코노
이야기하기 좋은 카페,이 카페의 핵심 특징은 이야기하기 좋은 카페입니다.,68,대화하기 좋은 카페,대화하기 좋은 카페
혼자 앉는 자리,이 카페의 핵심 특징은 혼자 앉는 자리입니다.,-1,힐링 카페,혼자 앉는 자리
2인용 좌석,이 카페의 핵심 특징은 2인용 좌석입니다.,336,2인 테이블,2인 테이블
안쪽 공간,이 카페의 핵심 특징은 안쪽 공간입니다.,335,안쪽 자리,안쪽 자리
양,이 카페의 핵심 특징은 양입니다.,357,사이즈,사이즈
대기,이 카페의 핵심 특징은 대기입니다.,316,대기,대기
신림매머드,이 카페의 핵심 특징은 신림매머드입니다.,166,신림카페,신림카페
싸고 빠르다,이 카페의 핵심 특징은 싸고 빠르다입니다.,-1,힐링 카페,싸고 빠르다
우유옵션,이 카페의 핵심 특징은 우유옵션입니다.,-1,힐링 카페,우유옵션
지하철역,이 카페의 핵심 특징은 지하철역입니다.,86,,지하철역
접근성,이 카페의 핵심 특징은 접근성입니다.,295,편안한 카페,편안한 카페
저렴함,이 카페의 핵심 특징은 저렴함입니다.,27,저렴한 커피,저렴한 커피
미지근한 아이스,이 카페의 핵심 특징은 미지근한 아이스입니다.,-1,힐링 카페,미지근한 아이스
가성비 좋은 커피집,이 카페의 핵심 특징은 가성비 좋은 커피집입니다.,54,가성비 카페,가성비 카페
넓고 깔끔한 분위기,이 카페의 핵심 특징은 넓고 깔끔한 분위기입니다.,202,넓고 깨끗한 분위기,넓고 깨끗한 분위기
카페인 충전하기,이 카페의 핵심 특징은 카페인 충전하기입니다.,265,충전,충전
커피 한잔,이 카페의 핵심 특징은 커피 한잔입니다.,350,커피 한잔,커피 한잔
소금빵 찾으시는 분들,이 카페의 핵심 특징은 소금빵 찾으시는 분들입니다.,82,작은 빵집,작은 빵집
젊은 취향의 카페,이 카페의 핵심 특징은 젊은 취향의 카페입니다.,104,,젊은 취향의 카페
조용 분위기,이 카페의 핵심 특징은 조용 분위기입니다.,146,조용한 분위기,조용한 분위기
쾌적한 분위기,이 카페의 핵심 특징은 쾌적한 분위기입니다.,40,,쾌적한 분위기
조별모임,이 카페의 핵심 특징은 조별모임입니다.,263,단체 모임,단체 모임
녹두거리,이 카페의 핵심 특징은 녹두거리입니다.,236,골목 카페,골목 카페
와플,이 카페의 핵심 특징은 와플입니다.,-1,힐링 카페,와플
매장에서 다른 케익,이 카페의 핵심 특징은 매장에서 다른 케익입니다.,229,디저트,디저트
공부하기 좋은 분위기,이 카페의 핵심 특징은 공부하기 좋은 분위기입니다.,23,공부하기 좋은 카페,공부하기 좋은 카페
차분하고 집중하기 좋은 분위기,이 카페의 핵심 특징은 차분하고 집중하기 좋은 분위기입니다.,148,조용한 공부 분위기,조용한 공부 분위기
브런치카페,이 카페의 핵심 특징은 브런치카페입니다.,285,브런치,브런치
고시생,이 카페의 핵심 특징은 고시생입니다.,130,고시촌,고시촌
대화존,이 카페의 핵심 특징은 대화존입니다.,247,대화,대화
혼자 작업하러가기,이 카페의 핵심 특징은 혼자 작업하러가기입니다.,87,혼자 작업,혼자 작업
혼자 노트북 하기,이 카페의 핵심 특징은 혼자 노트북 하기입니다.,88,혼자 노트북,혼자 노트북
과제,이 카페의 핵심 특징은 과제입니다.,303,작업,작업
조용히 작업하기 좋은,이 카페의 핵심 특징은 조용히 작업하기 좋은입니다.,30,조용한 독서 공간,조용한 독서 공간
스터디카페용,이 카페의 핵심 특징은 스터디카페용입니다.,123,스터디카페,스터디카페
달달함,이 카페의 핵심 특징은 달달함입니다.,159,달달한 카페,달달한 카페
카페 공간,이 카페의 핵심 특징은 카페 공간입니다.,211,카페 공간,카페 공간
공부할 카페,이 카페의 핵심 특징은 공부할 카페입니다.,198,공부하기,공부하기
거치대 좌석,이 카페의 핵심 특징은 거치대 좌석입니다.,190,좌석,좌석
혼자 사부작사부작 빡집중,이 카페의 핵심 특징은 혼자 사부작사부작 빡집중입니다.,95,혼자 공부하기,혼자 공부하기
나만알고싶은 카페,이 카페의 핵심 특징은 나만알고싶은 카페입니다.,8,나만 알고 싶은 카페,나만 알고 싶은 카페
소음,이 카페의 핵심 특징은 소음입니다.,84,소음,소음
커피와 함께,이 카페의 핵심 특징은 커피와 함께입니다.,-1,힐링 카페,커피와 함께
매장 시설,이 카페의 핵심 특징은 매장 시설입니다.,356,,매장 시설
식사 대용,이 카페의 핵심 특징은 식사 대용입니다.,243,식사 대용,식사 대용
재택근무,이 카페의 핵심 특징은 재택근무입니다.,162,출퇴근,출퇴근
학교 팀플,이 카페의 핵심 특징은 학교 팀플입니다.,149,학교 카페,학교 카페
노트북으로 작업하시는 분들,이 카페의 핵심 특징은 노트북으로 작업하시는 분들입니다.,21,노트북 작업,노트북 작업
청량하다,이 카페의 핵심 특징은 청량하다입니다.,184,청량한 분위기,청량한 분위기
카페음악,이 카페의 핵심 특징은 카페음악입니다.,93,음악 분위기,음악 분위기
공부하기 좋은 대학동카페,이 카페의 핵심 특징은 공부하기 좋은 대학동카페입니다.,76,대학동 카페,대학동 카페
독서대,이 카페의 핵심 특징은 독서대입니다.,210,독서실,독서실
온도,이 카페의 핵심 특징은 온도입니다.,111,따뜻한 분위기,따뜻한 분위기
작업할 공간,이 카페의 핵심 특징은 작업할 공간입니다.,-1,힐링 카페,작업할 공간
카페 환경,이 카페의 핵심 특징은 카페 환경입니다.,-1,힐링 카페,카페 환경
깔끔하고 예쁘다,이 카페의 핵심 특징은 깔끔하고 예쁘다입니다.,183,깔끔한 공간,깔끔한 공간
스터디카페 분위기,이 카페의 핵심 특징은 스터디카페 분위기입니다.,123,스터디카페,스터디카페
편한 공간,이 카페의 핵심 특징은 편한 공간입니다.,221,편안한 공간,편안한 공간
카페존,이 카페의 핵심 특징은 카페존입니다.,211,카페 공간,카페 공간
햇빛이 잘 들어오는 곳,이 카페의 핵심 특징은 햇빛이 잘 들어오는 곳입니다.,112,햇살 좋은 카페,햇살 좋은 카페
조명이 밝은 곳,이 카페의 핵심 특징은 조명이 밝은 곳입니다.,143,조명 분위기,조명 분위기
조용하고 포근한 분위기,이 카페의 핵심 특징은 조용하고 포근한 분위기입니다.,176,조용한 분위기,조용한 분위기
전기 코드,이 카페의 핵심 특징은 전기 코드입니다.,111,따뜻한 분위기,따뜻한 분위기
팀플,이 카페의 핵심 특징은 팀플입니다.,149,학교 카페,학교 카페
모임 공간,이 카페의 핵심 특징은 모임 공간입니다.,263,단체 모임,단체 모임
편한 분위기,이 카페의 핵심 특징은 편한 분위기입니다.,-1,힐링 카페,편한 분위기
스터디 카페,이 카페의 핵심 특징은 스터디 카페입니다.,123,스터디카페,스터디카페
스터디,이 카페의 핵심 특징은 스터디입니다.,123,스터디카페,스터디카페
책가지고 오기,이 카페의 핵심 특징은 책가지고 오기입니다.,189,책읽기 좋은 카페,책읽기 좋은 카페
잔잔하다,이 카페의 핵심 특징은 잔잔하다입니다.,117,잔잔한 분위기,잔잔한 분위기
스터디 모임,이 카페의 핵심 특징은 스터디 모임입니다.,123,스터디카페,스터디카페
넓고 깨끗하고 쾌적하다,이 카페의 핵심 특징은 넓고 깨끗하고 쾌적하다입니다.,202,넓고 깨끗한 분위기,넓고 깨끗한 분위기
다인용 테이블,이 카페의 핵심 특징은 다인용 테이블입니다.,336,2인 테이블,2인 테이블
깨끗하고 조용한,이 카페의 핵심 특징은 깨끗하고 조용한입니다.,156,조용하고 쾌적한,조용하고 쾌적한
햇빛이 잘 들어서 기분이 좋다,이 카페의 핵심 특징은 햇빛이 잘 들어서 기분이 좋다입니다.,112,햇살 좋은 카페,햇살 좋은 카페
집중 잘되다,이 카페의 핵심 특징은 집중 잘되다입니다.,100,집중하기 좋은 카페,집중하기 좋은 카페
조용하면서 적당한 소음,이 카페의 핵심 특징은 조용하면서 적당한 소음입니다.,-1,힐링 카페,조용하면서 적당한 소음
공부집중,이 카페의 핵심 특징은 공부집중입니다.,198,공부하기,공부하기
스터디 공간,이 카페의 핵심 특징은 스터디 공간입니다.,123,스터디카페,스터디카페
모닝커피,이 카페의 핵심 특징은 모닝커피입니다.,284,아침,아침
1일 1라떼,이 카페의 핵심 특징은 1일 1라떼입니다.,343,1인 카페,1인 카페
독특한 외관,이 카페의 핵심 특징은 독특한 외관입니다.,288,외관,외관
공부끝나고,이 카페의 핵심 특징은 공부끝나고입니다.,198,공부하기,공부하기
케이크,이 카페의 핵심 특징은 케이크입니다.,229,디저트,디저트
영어 스터디,이 카페의 핵심 특징은 영어 스터디입니다.,123,스터디카페,스터디카페
이야기 나누는 시간,이 카페의 핵심 특징은 이야기 나누는 시간입니다.,269,대화,대화
조음,이 카페의 핵심 특징은 조음입니다.,-1,힐링 카페,조음
화장,이 카페의 핵심 특징은 화장입니다.,235,,화장
아이스박스,이 카페의 핵심 특징은 아이스박스입니다.,172,포장,포장
남친 생일,이 카페의 핵심 특징은 남친 생일입니다.,181,남자친구,남자친구
한가하다,이 카페의 핵심 특징은 한가하다입니다.,-1,힐링 카페,한가하다
사람이 많다,이 카페의 핵심 특징은 사람이 많다입니다.,315,단체 이용,단체 이용
차마시면서 책보고 쉬다,이 카페의 핵심 특징은 차마시면서 책보고 쉬다입니다.,262,책과 커피,책과 커피
수다타임,이 카페의 핵심 특징은 수다타임입니다.,296,타임,타임
스누피 콜라보 커피,이 카페의 핵심 특징은 스누피 콜라보 커피입니다.,-1,힐링 카페,스누피 콜라보 커피
좁다,이 카페의 핵심 특징은 좁다입니다.,358,넓은 공간,넓은 공간
커피GO,이 카페의 핵심 특징은 커피GO입니다.,-1,힐링 카페,커피GO
노트북하러 가기,이 카페의 핵심 특징은 노트북하러 가기입니다.,21,노트북 작업,노트북 작업
노노무뚝뚝,이 카페의 핵심 특징은 노노무뚝뚝입니다.,69,매장 음악,매장 음악
평화로운 커피타임,이 카페의 핵심 특징은 평화로운 커피타임입니다.,207,평온한 시간,평온한 시간
2층 좌석,이 카페의 핵심 특징은 2층 좌석입니다.,-1,힐링 카페,2층 좌석
음료 메뉴,이 카페의 핵심 특징은 음료 메뉴입니다.,364,음료,음료
아이 어린이집 근처,이 카페의 핵심 특징은 아이 어린이집 근처입니다.,175,키즈카페,키즈카페
난곡사거리 쪽 도로,이 카페의 핵심 특징은 난곡사거리 쪽 도로입니다.,98,난곡 할리스,난곡 할리스
쾌적하고 깔끔한곳,이 카페의 핵심 특징은 쾌적하고 깔끔한곳입니다.,183,깔끔한 공간,깔끔한 공간
아침산책,이 카페의 핵심 특징은 아침산책입니다.,193,산책,산책
쇼파 좌석,이 카페의 핵심 특징은 쇼파 좌석입니다.,106,소파자리,소파자리
기분 좋아지는 곳,이 카페의 핵심 특징은 기분 좋아지는 곳입니다.,89,기분좋은 장소,기분좋은 장소
이디야 커피,이 카페의 핵심 특징은 이디야 커피입니다.,122,이디야,이디야
기분좋아지는커피숍,이 카페의 핵심 특징은 기분좋아지는커피숍입니다.,90,기분전환 카페,기분전환 카페
카페 데이트,이 카페의 핵심 특징은 카페 데이트입니다.,120,데이트 장소,데이트 장소
5세 딸아이,이 카페의 핵심 특징은 5세 딸아이입니다.,141,자녀,자녀
편한 동네 카페,이 카페의 핵심 특징은 편한 동네 카페입니다.,-1,힐링 카페,편한 동네 카페
음료사먹기,이 카페의 핵심 특징은 음료사먹기입니다.,364,음료,음료
혼자사는 사람들,이 카페의 핵심 특징은 혼자사는 사람들입니다.,10,혼자 오는 손님,혼자 오는 손님
나만의 아지트,이 카페의 핵심 특징은 나만의 아지트입니다.,178,아지트,아지트
여름마다 수박쥬스 마시러,이 카페의 핵심 특징은 여름마다 수박쥬스 마시러입니다.,129,여름 카페,여름 카페
카페독서,이 카페의 핵심 특징은 카페독서입니다.,231,독서,독서
이디야커피매장,이 카페의 핵심 특징은 이디야커피매장입니다.,122,이디야,이디야
어르신 단체 손님,이 카페의 핵심 특징은 어르신 단체 손님입니다.,78,엄마들 모임,엄마들 모임
음료 마시러오기,이 카페의 핵심 특징은 음료 마시러오기입니다.,364,음료,음료
아이랑 함께하기,이 카페의 핵심 특징은 아이랑 함께하기입니다.,64,아이와 함께,아이와 함께
아이와 오기,이 카페의 핵심 특징은 아이와 오기입니다.,64,아이와 함께,아이와 함께
고급스러워 지다,이 카페의 핵심 특징은 고급스러워 지다입니다.,52,고급 카페,고급 카페
매력포인트,이 카페의 핵심 특징은 매력포인트입니다.,338,매력,매력
기분좋아지는곳,이 카페의 핵심 특징은 기분좋아지는곳입니다.,89,기분좋은 장소,기분좋은 장소
친구들과 모이기,이 카페의 핵심 특징은 친구들과 모이기입니다.,276,친구와의 만남,친구와의 만남
심신안정,이 카페의 핵심 특징은 심신안정입니다.,302,편안한 분위기,편안한 분위기
작고 아담한,이 카페의 핵심 특징은 작고 아담한입니다.,70,작고 귀여운 카페,작고 귀여운 카페
교회분들,이 카페의 핵심 특징은 교회분들입니다.,-1,힐링 카페,교회분들
학원,이 카페의 핵심 특징은 학원입니다.,-1,힐링 카페,학원
추운 겨울,이 카페의 핵심 특징은 추운 겨울입니다.,252,겨울 분위기,겨울 분위기
주말 아침,이 카페의 핵심 특징은 주말 아침입니다.,279,주말 카페,주말 카페
노트북 사용,이 카페의 핵심 특징은 노트북 사용입니다.,21,노트북 작업,노트북 작업
회의실 대여,이 카페의 핵심 특징은 회의실 대여입니다.,213,회의실,회의실
반가운 만남,이 카페의 핵심 특징은 반가운 만남입니다.,214,만남의 장소,만남의 장소
경로당 같아요,이 카페의 핵심 특징은 경로당 같아요입니다.,311,아늑한 카페,아늑한 카페
송년회,이 카페의 핵심 특징은 송년회입니다.,187,크리스마스 분위기,크리스마스 분위기
심드렁한 느낌,이 카페의 핵심 특징은 심드렁한 느낌입니다.,204,카페 느낌,카페 느낌
클수마수 느낌,이 카페의 핵심 특징은 클수마수 느낌입니다.,204,카페 느낌,카페 느낌
매장환경,이 카페의 핵심 특징은 매장환경입니다.,127,카페 분위기,카페 분위기
지하주차장,이 카페의 핵심 특징은 지하주차장입니다.,58,지하 공간,지하 공간
만남에 장소,이 카페의 핵심 특징은 만남에 장소입니다.,214,만남의 장소,만남의 장소
시원한 느낌,이 카페의 핵심 특징은 시원한 느낌입니다.,138,시원한 분위기,시원한 분위기
가볍게 커피 하기,이 카페의 핵심 특징은 가볍게 커피 하기입니다.,271,가벼운 식사,가벼운 식사
방문하기,이 카페의 핵심 특징은 방문하기입니다.,347,방문 의향,방문 의향
흡연구역,이 카페의 핵심 특징은 흡연구역입니다.,151,,흡연구역
신림 탐탐,이 카페의 핵심 특징은 신림 탐탐입니다.,166,신림카페,신림카페
대중교통,이 카페의 핵심 특징은 대중교통입니다.,72,,대중교통
간격,이 카페의 핵심 특징은 간격입니다.,38,좌석 간격,좌석 간격
탁 트여있는 느낌,이 카페의 핵심 특징은 탁 트여있는 느낌입니다.,12,,탁 트여있는 느낌
머무르기 좋은 공간,이 카페의 핵심 특징은 머무르기 좋은 공간입니다.,260,머무르기 좋은 카페,머무르기 좋은 카페
얌전한 느낌,이 카페의 핵심 특징은 얌전한 느낌입니다.,146,조용한 분위기,조용한 분위기
무인카페,이 카페의 핵심 특징은 무인카페입니다.,-1,힐링 카페,무인카페
매장 앞 꽃,이 카페의 핵심 특징은 매장 앞 꽃입니다.,-1,힐링 카페,매장 앞 꽃
자주 애용,이 카페의 핵심 특징은 자주 애용입니다.,258,자주 이용하는 카페,자주 이용하는 카페
기념일,이 카페의 핵심 특징은 기념일입니다.,223,생일 기념,생일 기념
반지,이 카페의 핵심 특징은 반지입니다.,140,반지 만들기,반지 만들기
재밌는 추억 만들기,이 카페의 핵심 특징은 재밌는 추억 만들기입니다.,113,추억 만들기,추억 만들기
커플링,이 카페의 핵심 특징은 커플링입니다.,234,,커플링
커플링 만들기,이 카페의 핵심 특징은 커플링 만들기입니다.,234,,커플링 만들기
반지 공방,이 카페의 핵심 특징은 반지 공방입니다.,140,반지 만들기,반지 만들기
좋은 경험,이 카페의 핵심 특징은 좋은 경험입니다.,102,재미있는 경험,재미있는 경험
퀄리티,이 카페의 핵심 특징은 퀄리티입니다.,-1,힐링 카페,퀄리티
은반지 만들기,이 카페의 핵심 특징은 은반지 만들기입니다.,140,반지 만들기,반지 만들기
100일 기념,이 카페의 핵심 특징은 100일 기념입니다.,223,생일 기념,생일 기념
남친,이 카페의 핵심 특징은 남친입니다.,181,남자친구,남자친구
여름 실내데이트,이 카페의 핵심 특징은 여름 실내데이트입니다.,-1,힐링 카페,여름 실내데이트
좋은 추억 만들기,이 카페의 핵심 특징은 좋은 추억 만들기입니다.,113,추억 만들기,추억 만들기
공방 데이트,이 카페의 핵심 특징은 공방 데이트입니다.,-1,힐링 카페,공방 데이트
커플 팔찌,이 카페의 핵심 특징은 커플 팔찌입니다.,33,커플,커플
예쁜 추억 만들기,이 카페의 핵심 특징은 예쁜 추억 만들기입니다.,113,추억 만들기,추억 만들기
반지 만드는 것,이 카페의 핵심 특징은 반지 만드는 것입니다.,140,반지 만들기,반지 만들기
공방,이 카페의 핵심 특징은 공방입니다.,-1,힐링 카페,공방
아는 언니,이 카페의 핵심 특징은 아는 언니입니다.,78,엄마들 모임,엄마들 모임
초딩자녀들,이 카페의 핵심 특징은 초딩자녀들입니다.,195,아이들 활동,아이들 활동
커플링 만들러,이 카페의 핵심 특징은 커플링 만들러입니다.,234,,커플링 만들러
반지만들기 체험,이 카페의 핵심 특징은 반지만들기 체험입니다.,140,반지 만들기,반지 만들기
아이와 함께하는 활동,이 카페의 핵심 특징은 아이와 함께하는 활동입니다.,64,아이와 함께,아이와 함께
아이와 같이 가기,이 카페의 핵심 특징은 아이와 같이 가기입니다.,64,아이와 함께,아이와 함께
즐겁고 재미있다,이 카페의 핵심 특징은 즐겁고 재미있다입니다.,102,재미있는 경험,재미있는 경험
기념일 데이트,이 카페의 핵심 특징은 기념일 데이트입니다.,223,생일 기념,생일 기념
여친,이 카페의 핵심 특징은 여친입니다.,180,여자친구,여자친구
아이와 함께하기,이 카페의 핵심 특징은 아이와 함께하기입니다.,64,아이와 함께,아이와 함께
반지 만들기,이 카페의 핵심 특징은 반지 만들기입니다.,140,반지 만들기,반지 만들기
남자친구랑,이 카페의 핵심 특징은 남자친구랑입니다.,-1,힐링 카페,남자친구랑
조용하니,이 카페의 핵심 특징은 조용하니입니다.,-1,힐링 카페,조용하니
반지 만들러,이 카페의 핵심 특징은 반지 만들러입니다.,140,반지 만들기,반지 만들기
남자친구와 반지 맞추기,이 카페의 핵심 특징은 남자친구와 반지 맞추기입니다.,-1,힐링 카페,남자친구와 반지 맞추기
경험,이 카페의 핵심 특징은 경험입니다.,102,재미있는 경험,재미있는 경험
색다른 이색 데이트,이 카페의 핵심 특징은 색다른 이색 데이트입니다.,120,데이트 장소,데이트 장소
700일 기념,이 카페의 핵심 특징은 700일 기념입니다.,223,생일 기념,생일 기념
어린이날 선물,이 카페의 핵심 특징은 어린이날 선물입니다.,224,,어린이날 선물
아이랑 재밌게 만들기,이 카페의 핵심 특징은 아이랑 재밌게 만들기입니다.,64,아이와 함께,아이와 함께
기다리기 지루하지 않다,이 카페의 핵심 특징은 기다리기 지루하지 않다입니다.,316,대기,대기
오시는 분들,이 카페의 핵심 특징은 오시는 분들입니다.,242,,오시는 분들
카페처럼 즐길 수 있는 부분,이 카페의 핵심 특징은 카페처럼 즐길 수 있는 부분입니다.,311,아늑한 카페,아늑한 카페
심심하다,이 카페의 핵심 특징은 심심하다입니다.,151,,심심하다
만화책,이 카페의 핵심 특징은 만화책입니다.,283,독서,독서
고급스럽다,이 카페의 핵심 특징은 고급스럽다입니다.,52,고급 카페,고급 카페
오락실,이 카페의 핵심 특징은 오락실입니다.,179,게임카페,게임카페
담요,이 카페의 핵심 특징은 담요입니다.,184,청량한 분위기,청량한 분위기
wifi,이 카페의 핵심 특징은 wifi입니다.,-1,힐링 카페,wifi
의미 있고 이쁘다,이 카페의 핵심 특징은 의미 있고 이쁘다입니다.,320,예쁜 카페,예쁜 카페
사람이 없다,이 카페의 핵심 특징은 사람이 없다입니다.,-1,힐링 카페,사람이 없다
이야기하기 편하다,이 카페의 핵심 특징은 이야기하기 편하다입니다.,68,대화하기 좋은 카페,대화하기 좋은 카페
외부 좌석,이 카페의 핵심 특징은 외부 좌석입니다.,321,야외 좌석,야외 좌석
매장 공간,이 카페의 핵심 특징은 매장 공간입니다.,356,,매장 공간
관악산공원 상가,이 카페의 핵심 특징은 관악산공원 상가입니다.,215,관악지역,관악지역
평일,이 카페의 핵심 특징은 평일입니다.,279,주말 카페,주말 카페
관악산 뷰,이 카페의 핵심 특징은 관악산 뷰입니다.,215,관악지역,관악지역
등산,이 카페의 핵심 특징은 등산입니다.,193,산책,산책
뷰맛집,이 카페의 핵심 특징은 뷰맛집입니다.,237,뷰,뷰
이디야,이 카페의 핵심 특징은 이디야입니다.,122,이디야,이디야
쉬러 오기,이 카페의 핵심 특징은 쉬러 오기입니다.,-1,힐링 카페,쉬러 오기
약속장소,이 카페의 핵심 특징은 약속장소입니다.,214,만남의 장소,만남의 장소
2층 전망대,이 카페의 핵심 특징은 2층 전망대입니다.,337,2층 카페,2층 카페
어두침침한 구석,이 카페의 핵심 특징은 어두침침한 구석입니다.,142,어두운 분위기,어두운 분위기
더위속,이 카페의 핵심 특징은 더위속입니다.,136,더위,더위
약속 장소,이 카페의 핵심 특징은 약속 장소입니다.,214,만남의 장소,만남의 장소
이야기 하기 편하다,이 카페의 핵심 특징은 이야기 하기 편하다입니다.,68,대화하기 좋은 카페,대화하기 좋은 카페
머그잔,이 카페의 핵심 특징은 머그잔입니다.,-1,힐링 카페,머그잔
정원에 온 듯한 느낌,이 카페의 핵심 특징은 정원에 온 듯한 느낌입니다.,312,숲속 카페,숲속 카페
라일락 향기,이 카페의 핵심 특징은 라일락 향기입니다.,201,커피향,커피향
카페 안쪽,이 카페의 핵심 특징은 카페 안쪽입니다.,335,안쪽 자리,안쪽 자리
시간때우기 좋은곳,이 카페의 핵심 특징은 시간때우기 좋은곳입니다.,125,시간 때우기 좋은 카페,시간 때우기 좋은 카페
시간 때우기 좋은곳,이 카페의 핵심 특징은 시간 때우기 좋은곳입니다.,125,시간 때우기 좋은 카페,시간 때우기 좋은 카페
시간 때우기,이 카페의 핵심 특징은 시간 때우기입니다.,257,시간 보내기 좋은 곳,시간 보내기 좋은 곳
시간 때우기 좋은 곳,이 카페의 핵심 특징은 시간 때우기 좋은 곳입니다.,125,시간 때우기 좋은 카페,시간 때우기 좋은 카페
배려가 깃든,이 카페의 핵심 특징은 배려가 깃든입니다.,46,배려,배려
시간때우기 좋은공간,이 카페의 핵심 특징은 시간때우기 좋은공간입니다.,125,시간 때우기 좋은 카페,시간 때우기 좋은 카페
가족 모임,이 카페의 핵심 특징은 가족 모임입니다.,161,가족 모임,가족 모임
사이즈,이 카페의 핵심 특징은 사이즈입니다.,357,사이즈,사이즈
시간 보내기 좋은곳,이 카페의 핵심 특징은 시간 보내기 좋은곳입니다.,257,시간 보내기 좋은 곳,시간 보내기 좋은 곳
수다 떨기 좋은곳,이 카페의 핵심 특징은 수다 떨기 좋은곳입니다.,306,수다떨기,수다떨기
시간때우기,이 카페의 핵심 특징은 시간때우기입니다.,257,시간 보내기 좋은 곳,시간 보내기 좋은 곳
수다떨기 좋은곳,이 카페의 핵심 특징은 수다떨기 좋은곳입니다.,306,수다떨기,수다떨기
시간 때우기 좋은 카페,이 카페의 핵심 특징은 시간 때우기 좋은 카페입니다.,125,시간 때우기 좋은 카페,시간 때우기 좋은 카페
좋은,이 카페의 핵심 특징은 좋은입니다.,324,좋은 카페,좋은 카페
학부모님들,이 카페의 핵심 특징은 학부모님들입니다.,65,부모님,부모님
일하러 가다,이 카페의 핵심 특징은 일하러 가다입니다.,303,작업,작업
동네 사랑방느낌,이 카페의 핵심 특징은 동네 사랑방느낌입니다.,5,사랑방,사랑방
이야기하고 가기,이 카페의 핵심 특징은 이야기하고 가기입니다.,114,,이야기하고 가기
사랑방같은 편안한 장소,이 카페의 핵심 특징은 사랑방같은 편안한 장소입니다.,5,사랑방,사랑방
전체적으로,이 카페의 핵심 특징은 전체적으로입니다.,191,전체 카페,전체 카페
비멍,이 카페의 핵심 특징은 비멍입니다.,60,,비멍
벚꽃 피는 계절,이 카페의 핵심 특징은 벚꽃 피는 계절입니다.,0,벚꽃,벚꽃
따뜻하고 정답게,이 카페의 핵심 특징은 따뜻하고 정답게입니다.,164,따뜻한 분위기,따뜻한 분위기
쓸쓸하다,이 카페의 핵심 특징은 쓸쓸하다입니다.,205,,쓸쓸하다
쌀쌀하다,이 카페의 핵심 특징은 쌀쌀하다입니다.,253,,쌀쌀하다
2층카페,이 카페의 핵심 특징은 2층카페입니다.,337,2층 카페,2층 카페
부산스럽다,이 카페의 핵심 특징은 부산스럽다입니다.,204,카페 느낌,카페 느낌
야외 태라스,이 카페의 핵심 특징은 야외 태라스입니다.,25,테라스,테라스
숲속산장느낌,이 카페의 핵심 특징은 숲속산장느낌입니다.,312,숲속 카페,숲속 카페
열공 분위기,이 카페의 핵심 특징은 열공 분위기입니다.,-1,힐링 카페,열공 분위기
주변 환경,이 카페의 핵심 특징은 주변 환경입니다.,-1,힐링 카페,주변 환경
주변 경치,이 카페의 핵심 특징은 주변 경치입니다.,313,주변 경치,주변 경치
깜찍하다,이 카페의 핵심 특징은 깜찍하다입니다.,109,귀여움,귀여움
산속에 있는 느낌,이 카페의 핵심 특징은 산속에 있는 느낌입니다.,312,숲속 카페,숲속 카페
2층 숲쪽 창가자리,이 카페의 핵심 특징은 2층 숲쪽 창가자리입니다.,3,창가자리,창가자리
산에 있는 카페,이 카페의 핵심 특징은 산에 있는 카페입니다.,312,숲속 카페,숲속 카페
고급진 매장 분위기,이 카페의 핵심 특징은 고급진 매장 분위기입니다.,52,고급 카페,고급 카페
가을 명소,이 카페의 핵심 특징은 가을 명소입니다.,112,햇살 좋은 카페,햇살 좋은 카페
시간 보내기 좋다,이 카페의 핵심 특징은 시간 보내기 좋다입니다.,257,시간 보내기 좋은 곳,시간 보내기 좋은 곳
공부할 공간,이 카페의 핵심 특징은 공부할 공간입니다.,199,공부할 공간,공부할 공간
재학생이 아닌 사람들,이 카페의 핵심 특징은 재학생이 아닌 사람들입니다.,131,학생,학생
산책하다 쉬러 오기,이 카페의 핵심 특징은 산책하다 쉬러 오기입니다.,193,산책,산책
깨끗한,이 카페의 핵심 특징은 깨끗한입니다.,182,청결한 매장,청결한 매장
서울대 결혼식장,이 카페의 핵심 특징은 서울대 결혼식장입니다.,234,,서울대 결혼식장
싱그러운 기분,이 카페의 핵심 특징은 싱그러운 기분입니다.,-1,힐링 카페,싱그러운 기분
대학생 커플,이 카페의 핵심 특징은 대학생 커플입니다.,33,커플,커플
카페앞뷰,이 카페의 핵심 특징은 카페앞뷰입니다.,237,뷰,뷰
서울대 구성원 할인,이 카페의 핵심 특징은 서울대 구성원 할인입니다.,233,서울대 카페,서울대 카페
학생 할인,이 카페의 핵심 특징은 학생 할인입니다.,131,학생,학생
팀플 장소,이 카페의 핵심 특징은 팀플 장소입니다.,149,학교 카페,학교 카페
멋있다,이 카페의 핵심 특징은 멋있다입니다.,338,매력,매력
결혼식,이 카페의 핵심 특징은 결혼식입니다.,234,,결혼식
여유롭게 커피한잔하기,이 카페의 핵심 특징은 여유롭게 커피한잔하기입니다.,350,커피 한잔,커피 한잔
좋은 친구,이 카페의 핵심 특징은 좋은 친구입니다.,188,친구,친구
조용히 생각정리하기 좋다,이 카페의 핵심 특징은 조용히 생각정리하기 좋다입니다.,147,조용한 대화,조용한 대화
나무가 많다,이 카페의 핵심 특징은 나무가 많다입니다.,317,식물 인테리어,식물 인테리어
다른 시간,이 카페의 핵심 특징은 다른 시간입니다.,257,시간 보내기 좋은 곳,시간 보내기 좋은 곳
학생증 할인,이 카페의 핵심 특징은 학생증 할인입니다.,131,학생,학생
특별한 기분,이 카페의 핵심 특징은 특별한 기분입니다.,127,카페 분위기,카페 분위기
주위,이 카페의 핵심 특징은 주위입니다.,313,주변 경치,주변 경치
아침 겸,이 카페의 핵심 특징은 아침 겸입니다.,284,아침,아침
조용하게 담소 나누며 여유롭게 커피 한잔하기 좋은 카페,이 카페의 핵심 특징은 조용하게 담소 나누며 여유롭게 커피 한잔하기 좋은 카페입니다.,147,조용한 대화,조용한 대화
학부모,이 카페의 핵심 특징은 학부모입니다.,65,부모님,부모님
노천광장,이 카페의 핵심 특징은 노천광장입니다.,323,,노천광장
2층 매장,이 카페의 핵심 특징은 2층 매장입니다.,337,2층 카페,2층 카페
노을,이 카페의 핵심 특징은 노을입니다.,112,햇살 좋은 카페,햇살 좋은 카페
북유럽 갬성,이 카페의 핵심 특징은 북유럽 갬성입니다.,226,갬성 카페,갬성 카페
숲뷰,이 카페의 핵심 특징은 숲뷰입니다.,238,숲뷰,숲뷰
대학생,이 카페의 핵심 특징은 대학생입니다.,131,학생,학생
가족단위,이 카페의 핵심 특징은 가족단위입니다.,161,가족 모임,가족 모임
작은아이,이 카페의 핵심 특징은 작은아이입니다.,175,키즈카페,키즈카페
최고,이 카페의 핵심 특징은 최고입니다.,-1,힐링 카페,최고
텀블러,이 카페의 핵심 특징은 텀블러입니다.,-1,힐링 카페,텀블러
신림로점,이 카페의 핵심 특징은 신림로점입니다.,166,신림카페,신림카페
투썸 신림점,이 카페의 핵심 특징은 투썸 신림점입니다.,-1,힐링 카페,투썸 신림점
노트북 하기,이 카페의 핵심 특징은 노트북 하기입니다.,21,노트북 작업,노트북 작업
위생상태,이 카페의 핵심 특징은 위생상태입니다.,186,위생,위생
2층자리,이 카페의 핵심 특징은 2층자리입니다.,337,2층 카페,2층 카페
키오스크 결제 기기,이 카페의 핵심 특징은 키오스크 결제 기기입니다.,291,키오스크,키오스크
친절한 편,이 카페의 핵심 특징은 친절한 편입니다.,103,친절한 카페,친절한 카페
사람 넘 많고 혼공족들이 많아서 주말에 더 미어터지네요,이 카페의 핵심 특징은 사람 넘 많고 혼공족들이 많아서 주말에 더 미어터지네요입니다.,315,단체 이용,단체 이용
물건,이 카페의 핵심 특징은 물건입니다.,-1,힐링 카페,물건
오픈주방,이 카페의 핵심 특징은 오픈주방입니다.,353,,오픈주방
진동,이 카페의 핵심 특징은 진동입니다.,138,시원한 분위기,시원한 분위기
쟁반,이 카페의 핵심 특징은 쟁반입니다.,13,,쟁반
여자친구 생일,이 카페의 핵심 특징은 여자친구 생일입니다.,180,여자친구,여자친구
전반적으로 직원들 응대,이 카페의 핵심 특징은 전반적으로 직원들 응대입니다.,232,직원들,직원들
"2,3층 좌석 공간","이 카페의 핵심 특징은 2,3층 좌석 공간입니다.",333,층수,층수
접시,이 카페의 핵심 특징은 접시입니다.,-1,힐링 카페,접시
이용하기 싫다,이 카페의 핵심 특징은 이용하기 싫다입니다.,205,,이용하기 싫다
노트북하시는 분들,이 카페의 핵심 특징은 노트북하시는 분들입니다.,21,노트북 작업,노트북 작업
어머님과 좋은 시간,이 카페의 핵심 특징은 어머님과 좋은 시간입니다.,78,엄마들 모임,엄마들 모임
놋북작업,이 카페의 핵심 특징은 놋북작업입니다.,303,작업,작업
서빙쟁반,이 카페의 핵심 특징은 서빙쟁반입니다.,13,,서빙쟁반
프론트데스크,이 카페의 핵심 특징은 프론트데스크입니다.,362,테이블,테이블
세면대,이 카페의 핵심 특징은 세면대입니다.,14,화장실,화장실
친구 만나기,이 카페의 핵심 특징은 친구 만나기입니다.,308,친구 만남,친구 만남
키호스크,이 카페의 핵심 특징은 키호스크입니다.,291,키오스크,키오스크
메인 픽업데스크,이 카페의 핵심 특징은 메인 픽업데스크입니다.,-1,힐링 카페,메인 픽업데스크
세면대 배수구,이 카페의 핵심 특징은 세면대 배수구입니다.,14,화장실,화장실
커피숍,이 카페의 핵심 특징은 커피숍입니다.,370,커피,커피
옥상,이 카페의 핵심 특징은 옥상입니다.,267,,옥상
잠시 들르기,이 카페의 핵심 특징은 잠시 들르기입니다.,259,가끔 방문,가끔 방문
디테일,이 카페의 핵심 특징은 디테일입니다.,289,인테리어 소품,인테리어 소품
생일 케이크용,이 카페의 핵심 특징은 생일 케이크용입니다.,223,생일 기념,생일 기념
음식 퀄리티,이 카페의 핵심 특징은 음식 퀄리티입니다.,-1,힐링 카페,음식 퀄리티
간단하게 식사,이 카페의 핵심 특징은 간단하게 식사입니다.,244,간단한 식사,간단한 식사
한가하고 널널하다,이 카페의 핵심 특징은 한가하고 널널하다입니다.,-1,힐링 카페,한가하고 널널하다
편하게 오기,이 카페의 핵심 특징은 편하게 오기입니다.,295,편안한 카페,편안한 카페
샐러드 맛집,이 카페의 핵심 특징은 샐러드 맛집입니다.,53,,샐러드 맛집
데일리 점심,이 카페의 핵심 특징은 데일리 점심입니다.,240,점심,점심
1~2인,이 카페의 핵심 특징은 1~2인입니다.,-1,힐링 카페,1~2인
단 거 좋아하는 분들,이 카페의 핵심 특징은 단 거 좋아하는 분들입니다.,144,단맛 선호,단맛 선호
컴포즈 매장,이 카페의 핵심 특징은 컴포즈 매장입니다.,-1,힐링 카페,컴포즈 매장
대용량,이 카페의 핵심 특징은 대용량입니다.,358,넓은 공간,넓은 공간
민초파,이 카페의 핵심 특징은 민초파입니다.,369,,민초파
가성비 최고의 카페 컴포즈,이 카페의 핵심 특징은 가성비 최고의 카페 컴포즈입니다.,54,가성비 카페,가성비 카페
가격 저렴,이 카페의 핵심 특징은 가격 저렴입니다.,27,저렴한 커피,저렴한 커피
당충전,이 카페의 핵심 특징은 당충전입니다.,265,충전,충전
저렴하게 먹기,이 카페의 핵심 특징은 저렴하게 먹기입니다.,27,저렴한 커피,저렴한 커피
학내 카페,이 카페의 핵심 특징은 학내 카페입니다.,149,학교 카페,학교 카페
풍미,이 카페의 핵심 특징은 풍미입니다.,201,커피향,커피향
음악과 분위기,이 카페의 핵심 특징은 음악과 분위기입니다.,93,음악 분위기,음악 분위기
말차라떼 아트와 색감,이 카페의 핵심 특징은 말차라떼 아트와 색감입니다.,67,라떼아트,라떼아트
반려견 동반 카페,이 카페의 핵심 특징은 반려견 동반 카페입니다.,-1,힐링 카페,반려견 동반 카페
애랑 오기,이 카페의 핵심 특징은 애랑 오기입니다.,47,애견동반 카페,애견동반 카페
고즈넉하고 편안한 분위기,이 카페의 핵심 특징은 고즈넉하고 편안한 분위기입니다.,79,고즈넉한 분위기,고즈넉한 분위기
좋아하는 사람들과 함께하기,이 카페의 핵심 특징은 좋아하는 사람들과 함께하기입니다.,-1,힐링 카페,좋아하는 사람들과 함께하기
큰 테이블,이 카페의 핵심 특징은 큰 테이블입니다.,362,테이블,테이블
눈이 호강하는,이 카페의 핵심 특징은 눈이 호강하는입니다.,219,,눈이 호강하는
에스프레소 맛집,이 카페의 핵심 특징은 에스프레소 맛집입니다.,331,에스프레소,에스프레소
여름날씨,이 카페의 핵심 특징은 여름날씨입니다.,129,여름 카페,여름 카페
얼음컵,이 카페의 핵심 특징은 얼음컵입니다.,-1,힐링 카페,얼음컵
공부하는 분들,이 카페의 핵심 특징은 공부하는 분들입니다.,132,공부하는 사람들,공부하는 사람들
찐 로스터리 맛집,이 카페의 핵심 특징은 찐 로스터리 맛집입니다.,53,,찐 로스터리 맛집
직장동료,이 카페의 핵심 특징은 직장동료입니다.,232,직원들,직원들
카페 감성,이 카페의 핵심 특징은 카페 감성입니다.,218,감성카페,감성카페
지인들과 만나기,이 카페의 핵심 특징은 지인들과 만나기입니다.,51,지인 모임,지인 모임
노트북 가능한 자리,이 카페의 핵심 특징은 노트북 가능한 자리입니다.,20,노트북 카페,노트북 카페
햇빛,이 카페의 핵심 특징은 햇빛입니다.,112,햇살 좋은 카페,햇살 좋은 카페
매장 음악,이 카페의 핵심 특징은 매장 음악입니다.,69,매장 음악,매장 음악
행복한 장소,이 카페의 핵심 특징은 행복한 장소입니다.,121,행복한 분위기,행복한 분위기
힐링의 느낌,이 카페의 핵심 특징은 힐링의 느낌입니다.,41,힐링 카페,힐링 카페
조용히 책 읽기 좋은,이 카페의 핵심 특징은 조용히 책 읽기 좋은입니다.,30,조용한 독서 공간,조용한 독서 공간
기분 전환,이 카페의 핵심 특징은 기분 전환입니다.,90,기분전환 카페,기분전환 카페
로스터기,이 카페의 핵심 특징은 로스터기입니다.,53,,로스터기
차분한 느낌,이 카페의 핵심 특징은 차분한 느낌입니다.,155,차분한 분위기,차분한 분위기
혼자 커피 마시기,이 카페의 핵심 특징은 혼자 커피 마시기입니다.,74,혼자 커피,혼자 커피
크리스마스 느낌,이 카페의 핵심 특징은 크리스마스 느낌입니다.,187,크리스마스 분위기,크리스마스 분위기
포근한 인테리어,이 카페의 핵심 특징은 포근한 인테리어입니다.,254,포근한 분위기,포근한 분위기
화이트 컨셉의 까페,이 카페의 핵심 특징은 화이트 컨셉의 까페입니다.,118,블랙앤화이트 인테리어,블랙앤화이트 인테리어
겨울분위기,이 카페의 핵심 특징은 겨울분위기입니다.,252,겨울 분위기,겨울 분위기
집근처 카페,이 카페의 핵심 특징은 집근처 카페입니다.,272,집근처 카페,집근처 카페
자주 이용하기 좋은 카페,이 카페의 핵심 특징은 자주 이용하기 좋은 카페입니다.,258,자주 이용하는 카페,자주 이용하는 카페
시끄러운 분위기,이 카페의 핵심 특징은 시끄러운 분위기입니다.,83,시끄러운 분위기,시끄러운 분위기
데코,이 카페의 핵심 특징은 데코입니다.,359,카페 인테리어,카페 인테리어
숨은 맛집,이 카페의 핵심 특징은 숨은 맛집입니다.,334,숨은 카페,숨은 카페
이 곳,이 카페의 핵심 특징은 이 곳입니다.,-1,힐링 카페,이 곳
들렀다 가기,이 카페의 핵심 특징은 들렀다 가기입니다.,-1,힐링 카페,들렀다 가기
자주감,이 카페의 핵심 특징은 자주감입니다.,-1,힐링 카페,자주감
매장 밖 테이블,이 카페의 핵심 특징은 매장 밖 테이블입니다.,321,야외 좌석,야외 좌석
탁자,이 카페의 핵심 특징은 탁자입니다.,362,테이블,테이블
귀여워요,이 카페의 핵심 특징은 귀여워요입니다.,109,귀여움,귀여움
기분이 좋아지는곳,이 카페의 핵심 특징은 기분이 좋아지는곳입니다.,89,기분좋은 장소,기분좋은 장소
야외공간,이 카페의 핵심 특징은 야외공간입니다.,321,야외 좌석,야외 좌석
혼자 시간보내기,이 카페의 핵심 특징은 혼자 시간보내기입니다.,11,혼자만의 시간,혼자만의 시간
교회분들 모임,이 카페의 핵심 특징은 교회분들 모임입니다.,-1,힐링 카페,교회분들 모임
한적한 곳,이 카페의 핵심 특징은 한적한 곳입니다.,197,한적한 카페,한적한 카페
둘딸,이 카페의 핵심 특징은 둘딸입니다.,56,둘이,둘이
나만의 시간,이 카페의 핵심 특징은 나만의 시간입니다.,11,혼자만의 시간,혼자만의 시간
룸공간,이 카페의 핵심 특징은 룸공간입니다.,212,룸카페,룸카페
정원,이 카페의 핵심 특징은 정원입니다.,312,숲속 카페,숲속 카페
집,이 카페의 핵심 특징은 집입니다.,208,홈카페,홈카페
넓직하다,이 카페의 핵심 특징은 넓직하다입니다.,358,넓은 공간,넓은 공간
바깥 조경,이 카페의 핵심 특징은 바깥 조경입니다.,330,바깥 풍경,바깥 풍경
정숙한 분위기,이 카페의 핵심 특징은 정숙한 분위기입니다.,155,차분한 분위기,차분한 분위기
기다리기,이 카페의 핵심 특징은 기다리기입니다.,316,대기,대기
조용하고 차분한,이 카페의 핵심 특징은 조용하고 차분한입니다.,-1,힐링 카페,조용하고 차분한
매장 내 계단,이 카페의 핵심 특징은 매장 내 계단입니다.,268,매장 내부,매장 내부
혼자 오신 분들,이 카페의 핵심 특징은 혼자 오신 분들입니다.,10,혼자 오는 손님,혼자 오는 손님
우산,이 카페의 핵심 특징은 우산입니다.,349,,우산
그린색,이 카페의 핵심 특징은 그린색입니다.,256,색감,색감
기운찬 아침의 시작,이 카페의 핵심 특징은 기운찬 아침의 시작입니다.,284,아침,아침
무개념 카공족,이 카페의 핵심 특징은 무개념 카공족입니다.,-1,힐링 카페,무개념 카공족
기분 좋은,이 카페의 핵심 특징은 기분 좋은입니다.,246,기분 좋은,기분 좋은
붐비지 않다,이 카페의 핵심 특징은 붐비지 않다입니다.,135,조용한 분위기,조용한 분위기
통건물,이 카페의 핵심 특징은 통건물입니다.,322,통유리 카페,통유리 카페
스타벅스,이 카페의 핵심 특징은 스타벅스입니다.,353,,스타벅스
1층 스탠딩석,이 카페의 핵심 특징은 1층 스탠딩석입니다.,298,1층 카페,1층 카페
2~3층,이 카페의 핵심 특징은 2~3층입니다.,333,층수,층수
혼자와서 공부하는 사람,이 카페의 핵심 특징은 혼자와서 공부하는 사람입니다.,94,혼자 공부하기,혼자 공부하기
대화하는 느낌,이 카페의 핵심 특징은 대화하는 느낌입니다.,247,대화,대화
치사하다,이 카페의 핵심 특징은 치사하다입니다.,151,,치사하다
프리퀀시,이 카페의 핵심 특징은 프리퀀시입니다.,370,커피,커피
캘린더캘린더,이 카페의 핵심 특징은 캘린더캘린더입니다.,-1,힐링 카페,캘린더캘린더
비오는 날,이 카페의 핵심 특징은 비오는 날입니다.,2,비오는 날,비오는 날
조용하고 시원한,이 카페의 핵심 특징은 조용하고 시원한입니다.,156,조용하고 쾌적한,조용하고 쾌적한
가볍게 있다가기,이 카페의 핵심 특징은 가볍게 있다가기입니다.,271,가벼운 식사,가벼운 식사
배달맛집,이 카페의 핵심 특징은 배달맛집입니다.,352,배달,배달
달달한거 좋아하시는 분들,이 카페의 핵심 특징은 달달한거 좋아하시는 분들입니다.,159,달달한 카페,달달한 카페
직장 동료,이 카페의 핵심 특징은 직장 동료입니다.,232,직원들,직원들
크리에이티브,이 카페의 핵심 특징은 크리에이티브입니다.,359,카페 인테리어,카페 인테리어
디저트 냄새,이 카페의 핵심 특징은 디저트 냄새입니다.,18,디저트 카페,디저트 카페
슬러시 형태,이 카페의 핵심 특징은 슬러시 형태입니다.,345,,슬러시 형태
오픈형 주방,이 카페의 핵심 특징은 오픈형 주방입니다.,353,,오픈형 주방
위생상 안좋아보이다,이 카페의 핵심 특징은 위생상 안좋아보이다입니다.,186,위생,위생
진한,이 카페의 핵심 특징은 진한입니다.,138,시원한 분위기,시원한 분위기
혼자 앉아있기,이 카페의 핵심 특징은 혼자 앉아있기입니다.,-1,힐링 카페,혼자 앉아있기
조도,이 카페의 핵심 특징은 조도입니다.,273,,조도
늦게까지 하는 카페,이 카페의 핵심 특징은 늦게까지 하는 카페입니다.,134,늦은 시간 카페,늦은 시간 카페
귀여운 크리스마스 분위기,이 카페의 핵심 특징은 귀여운 크리스마스 분위기입니다.,187,크리스마스 분위기,크리스마스 분위기
신림 주변 24시간 카페,이 카페의 핵심 특징은 신림 주변 24시간 카페입니다.,166,신림카페,신림카페
유아퇴근,이 카페의 핵심 특징은 유아퇴근입니다.,124,아기 동반,아기 동반
에너지뿜뿜하는 느낌,이 카페의 핵심 특징은 에너지뿜뿜하는 느낌입니다.,204,카페 느낌,카페 느낌
매장인테리어,이 카페의 핵심 특징은 매장인테리어입니다.,-1,힐링 카페,매장인테리어
배달전문점,이 카페의 핵심 특징은 배달전문점입니다.,352,배달,배달
언제든 올 수 있는 것,이 카페의 핵심 특징은 언제든 올 수 있는 것입니다.,281,자주 방문,자주 방문
시야,이 카페의 핵심 특징은 시야입니다.,332,,시야
요기거리,이 카페의 핵심 특징은 요기거리입니다.,-1,힐링 카페,요기거리
24시카페,이 카페의 핵심 특징은 24시카페입니다.,26,24시간 카페,24시간 카페
도림천 주위,이 카페의 핵심 특징은 도림천 주위입니다.,107,도림천,도림천
야장,이 카페의 핵심 특징은 야장입니다.,133,저녁 외식,저녁 외식
고급스러움,이 카페의 핵심 특징은 고급스러움입니다.,52,고급 카페,고급 카페
조용하게 작업하기 좋은,이 카페의 핵심 특징은 조용하게 작업하기 좋은입니다.,30,조용한 독서 공간,조용한 독서 공간
어두운 밤,이 카페의 핵심 특징은 어두운 밤입니다.,-1,힐링 카페,어두운 밤
아이 데리구 가기,이 카페의 핵심 특징은 아이 데리구 가기입니다.,124,아기 동반,아기 동반
힙한 장소,이 카페의 핵심 특징은 힙한 장소입니다.,153,힙한 카페,힙한 카페
머그컵 손잡이,이 카페의 핵심 특징은 머그컵 손잡이입니다.,363,컵,컵
강쥐랑 산책,이 카페의 핵심 특징은 강쥐랑 산책입니다.,45,애견동반,애견동반
바깥자리,이 카페의 핵심 특징은 바깥자리입니다.,288,외관,외관
오래 머무르기 좋은 곳,이 카페의 핵심 특징은 오래 머무르기 좋은 곳입니다.,260,머무르기 좋은 카페,머무르기 좋은 카페
리유저블 컵,이 카페의 핵심 특징은 리유저블 컵입니다.,363,컵,컵
신림초등학교,이 카페의 핵심 특징은 신림초등학교입니다.,167,신림역 카페,신림역 카페
구디 쪽,이 카페의 핵심 특징은 구디 쪽입니다.,368,,구디 쪽
장거리 운행,이 카페의 핵심 특징은 장거리 운행입니다.,279,주말 카페,주말 카페
편리함,이 카페의 핵심 특징은 편리함입니다.,295,편안한 카페,편안한 카페
아침형 인간,이 카페의 핵심 특징은 아침형 인간입니다.,284,아침,아침
주말 장거리 출발전,이 카페의 핵심 특징은 주말 장거리 출발전입니다.,279,주말 카페,주말 카페
다른 카페 닫을때,이 카페의 핵심 특징은 다른 카페 닫을때입니다.,128,,다른 카페 닫을때
맛있고 좋다,이 카페의 핵심 특징은 맛있고 좋다입니다.,-1,힐링 카페,맛있고 좋다
갓성비,이 카페의 핵심 특징은 갓성비입니다.,54,가성비 카페,가성비 카페
테이크아웃 전용카페,이 카페의 핵심 특징은 테이크아웃 전용카페입니다.,24,테이크아웃,테이크아웃
목재 인테리어,이 카페의 핵심 특징은 목재 인테리어입니다.,348,원목 인테리어,원목 인테리어
식사 후 방문,이 카페의 핵심 특징은 식사 후 방문입니다.,163,운동 후 방문,운동 후 방문
자리간 간격,이 카페의 핵심 특징은 자리간 간격입니다.,38,좌석 간격,좌석 간격
조용히 공부하거나 집중하기 좋은 분위기,이 카페의 핵심 특징은 조용히 공부하거나 집중하기 좋은 분위기입니다.,148,조용한 공부 분위기,조용한 공부 분위기
베이글 맛집,이 카페의 핵심 특징은 베이글 맛집입니다.,230,베이커리,베이커리
커피 전문점의 느낌,이 카페의 핵심 특징은 커피 전문점의 느낌입니다.,204,카페 느낌,카페 느낌
인테니어,이 카페의 핵심 특징은 인테니어입니다.,-1,힐링 카페,인테니어
대화하러 오기,이 카페의 핵심 특징은 대화하러 오기입니다.,-1,힐링 카페,대화하러 오기
실내 분위기,이 카페의 핵심 특징은 실내 분위기입니다.,341,실내공간,실내공간
겉바속촉하고 쫄깃하다,이 카페의 핵심 특징은 겉바속촉하고 쫄깃하다입니다.,-1,힐링 카페,겉바속촉하고 쫄깃하다
여럿이 방문,이 카페의 핵심 특징은 여럿이 방문입니다.,315,단체 이용,단체 이용
우디하고 따뜻한 느낌,이 카페의 핵심 특징은 우디하고 따뜻한 느낌입니다.,164,따뜻한 분위기,따뜻한 분위기
차분해지는 음악선곡,이 카페의 핵심 특징은 차분해지는 음악선곡입니다.,135,조용한 분위기,조용한 분위기
은은한 카페 내부의 커피향,이 카페의 핵심 특징은 은은한 카페 내부의 커피향입니다.,201,커피향,커피향
넓은 워크용 테이블,이 카페의 핵심 특징은 넓은 워크용 테이블입니다.,362,테이블,테이블
대화용 좌석,이 카페의 핵심 특징은 대화용 좌석입니다.,247,대화,대화
책이나 공부하기,이 카페의 핵심 특징은 책이나 공부하기입니다.,22,공부하기 좋은 카페,공부하기 좋은 카페
느긋하게 앉아있을 수 있다,이 카페의 핵심 특징은 느긋하게 앉아있을 수 있다입니다.,-1,힐링 카페,느긋하게 앉아있을 수 있다
신림오시는분들,이 카페의 핵심 특징은 신림오시는분들입니다.,166,신림카페,신림카페
잔잔하고 편안한 분위기,이 카페의 핵심 특징은 잔잔하고 편안한 분위기입니다.,117,잔잔한 분위기,잔잔한 분위기
식물테리어,이 카페의 핵심 특징은 식물테리어입니다.,317,식물 인테리어,식물 인테리어
음악감상실 온듯한 취저 BGM,이 카페의 핵심 특징은 음악감상실 온듯한 취저 BGM입니다.,-1,힐링 카페,음악감상실 온듯한 취저 BGM
노트북 하기도 좋다,이 카페의 핵심 특징은 노트북 하기도 좋다입니다.,20,노트북 카페,노트북 카페
카페에서 공부하기,이 카페의 핵심 특징은 카페에서 공부하기입니다.,198,공부하기,공부하기
신림 데이트,이 카페의 핵심 특징은 신림 데이트입니다.,166,신림카페,신림카페
편히 쉬다오기 좋다,이 카페의 핵심 특징은 편히 쉬다오기 좋다입니다.,227,편안한 휴식,편안한 휴식
저만 알고 싶은 카페,이 카페의 핵심 특징은 저만 알고 싶은 카페입니다.,8,나만 알고 싶은 카페,나만 알고 싶은 카페
우드톤 가구,이 카페의 핵심 특징은 우드톤 가구입니다.,31,우드 인테리어,우드 인테리어
초록초록한 화분,이 카페의 핵심 특징은 초록초록한 화분입니다.,236,골목 카페,골목 카페
신림 속 연남동 분위기,이 카페의 핵심 특징은 신림 속 연남동 분위기입니다.,-1,힐링 카페,신림 속 연남동 분위기
베이글러버,이 카페의 핵심 특징은 베이글러버입니다.,230,베이커리,베이커리
원목인테리어,이 카페의 핵심 특징은 원목인테리어입니다.,348,원목 인테리어,원목 인테리어
운동 가기전 당 충전,이 카페의 핵심 특징은 운동 가기전 당 충전입니다.,265,충전,충전
방문할 의향,이 카페의 핵심 특징은 방문할 의향입니다.,347,방문 의향,방문 의향
cozy컨셉,이 카페의 핵심 특징은 cozy컨셉입니다.,119,카페 컨셉,카페 컨셉
낭만적이다,이 카페의 핵심 특징은 낭만적이다입니다.,339,로맨틱 카페,로맨틱 카페
애기 데리고 가기,이 카페의 핵심 특징은 애기 데리고 가기입니다.,124,아기 동반,아기 동반
잔잔한 팝송,이 카페의 핵심 특징은 잔잔한 팝송입니다.,126,잔잔한 음악,잔잔한 음악
멋진곳,이 카페의 핵심 특징은 멋진곳입니다.,327,예쁜 카페,예쁜 카페
고급스러운 커피 맛,이 카페의 핵심 특징은 고급스러운 커피 맛입니다.,52,고급 카페,고급 카페
작지만 예쁜 카페,이 카페의 핵심 특징은 작지만 예쁜 카페입니다.,70,작고 귀여운 카페,작고 귀여운 카페
고소한 버터냄새,이 카페의 핵심 특징은 고소한 버터냄새입니다.,168,고소한 빵,고소한 빵
심플하고 모던한 느낌,이 카페의 핵심 특징은 심플하고 모던한 느낌입니다.,165,모던한 분위기,모던한 분위기
포포 캐릭터,이 카페의 핵심 특징은 포포 캐릭터입니다.,356,,포포 캐릭터
라떼맛집,이 카페의 핵심 특징은 라떼맛집입니다.,67,라떼아트,라떼아트
어린이날 기념,이 카페의 핵심 특징은 어린이날 기념입니다.,224,,어린이날 기념
머무는 곳,이 카페의 핵심 특징은 머무는 곳입니다.,260,머무르기 좋은 카페,머무르기 좋은 카페
쉬다 가기,이 카페의 핵심 특징은 쉬다 가기입니다.,300,쉬어가기,쉬어가기
친구 만나러,이 카페의 핵심 특징은 친구 만나러입니다.,308,친구 만남,친구 만남
단호박 좋아하시는 분,이 카페의 핵심 특징은 단호박 좋아하시는 분입니다.,144,단맛 선호,단맛 선호
한적하게,이 카페의 핵심 특징은 한적하게입니다.,197,한적한 카페,한적한 카페
카페인 섭취,이 카페의 핵심 특징은 카페인 섭취입니다.,365,커피 마니아,커피 마니아
좋은 향,이 카페의 핵심 특징은 좋은 향입니다.,201,커피향,커피향
이야기하기 좋다,이 카페의 핵심 특징은 이야기하기 좋다입니다.,68,대화하기 좋은 카페,대화하기 좋은 카페
카페인 취약하신 분,이 카페의 핵심 특징은 카페인 취약하신 분입니다.,-1,힐링 카페,카페인 취약하신 분
아침시간,이 카페의 핵심 특징은 아침시간입니다.,284,아침,아침
힐링되는 카페,이 카페의 핵심 특징은 힐링되는 카페입니다.,41,힐링 카페,힐링 카페
방문하기 좋은,이 카페의 핵심 특징은 방문하기 좋은입니다.,346,방문 추천,방문 추천
최애메뉴,이 카페의 핵심 특징은 최애메뉴입니다.,309,최애 카페,최애 카페
나만 알고 싶은 카페,이 카페의 핵심 특징은 나만 알고 싶은 카페입니다.,8,나만 알고 싶은 카페,나만 알고 싶은 카페
등,이 카페의 핵심 특징은 등입니다.,369,,등
자주 사가는 곳,이 카페의 핵심 특징은 자주 사가는 곳입니다.,280,자주 가고 싶은 카페,자주 가고 싶은 카페
커피를 집에서 직접 내려 드시는 분,이 카페의 핵심 특징은 커피를 집에서 직접 내려 드시는 분입니다.,208,홈카페,홈카페
커피 맛에 예민하시나 블루버틀 스벅 원두는 부담스러우신 분,이 카페의 핵심 특징은 커피 맛에 예민하시나 블루버틀 스벅 원두는 부담스러우신 분입니다.,37,원두,원두
신선한 원두향,이 카페의 핵심 특징은 신선한 원두향입니다.,37,원두,원두
까페 인테리어,이 카페의 핵심 특징은 까페 인테리어입니다.,359,카페 인테리어,카페 인테리어
라떼아트,이 카페의 핵심 특징은 라떼아트입니다.,67,라떼아트,라떼아트
편안하게 쉬다,이 카페의 핵심 특징은 편안하게 쉬다입니다.,227,편안한 휴식,편안한 휴식
신대방역 근처 사는 사람,이 카페의 핵심 특징은 신대방역 근처 사는 사람입니다.,91,신대방 카페,신대방 카페
에스프레소,이 카페의 핵심 특징은 에스프레소입니다.,331,에스프레소,에스프레소
공원,이 카페의 핵심 특징은 공원입니다.,312,숲속 카페,숲속 카페
소파자리,이 카페의 핵심 특징은 소파자리입니다.,106,소파자리,소파자리
독서하기,이 카페의 핵심 특징은 독서하기입니다.,231,독서,독서
커피 마시며 읽기,이 카페의 핵심 특징은 커피 마시며 읽기입니다.,262,책과 커피,책과 커피
조용하게 담소 나누기,이 카페의 핵심 특징은 조용하게 담소 나누기입니다.,147,조용한 대화,조용한 대화
자주 방문하고 싶은 카페,이 카페의 핵심 특징은 자주 방문하고 싶은 카페입니다.,280,자주 가고 싶은 카페,자주 가고 싶은 카페
내부 화장실,이 카페의 핵심 특징은 내부 화장실입니다.,14,화장실,화장실
신대방의 축복인 곳,이 카페의 핵심 특징은 신대방의 축복인 곳입니다.,91,신대방 카페,신대방 카페
도파민샤워,이 카페의 핵심 특징은 도파민샤워입니다.,107,도림천,도림천
분위기 코지,이 카페의 핵심 특징은 분위기 코지입니다.,-1,힐링 카페,분위기 코지
한적한 분위기,이 카페의 핵심 특징은 한적한 분위기입니다.,197,한적한 카페,한적한 카페
전체,이 카페의 핵심 특징은 전체입니다.,191,전체 카페,전체 카페
반려견 동반가능 카페,이 카페의 핵심 특징은 반려견 동반가능 카페입니다.,47,애견동반 카페,애견동반 카페
골목,이 카페의 핵심 특징은 골목입니다.,236,골목 카페,골목 카페
코지한 분위기,이 카페의 핵심 특징은 코지한 분위기입니다.,-1,힐링 카페,코지한 분위기
카페 노래,이 카페의 핵심 특징은 카페 노래입니다.,69,매장 음악,매장 음악
애견동반 카페,이 카페의 핵심 특징은 애견동반 카페입니다.,47,애견동반 카페,애견동반 카페
여유롭고 한적한,이 카페의 핵심 특징은 여유롭고 한적한입니다.,196,한적한 분위기,한적한 분위기
가장 cozy place,이 카페의 핵심 특징은 가장 cozy place입니다.,115,아늑한 카페,아늑한 카페
흠잡을 데 없는 풍경,이 카페의 핵심 특징은 흠잡을 데 없는 풍경입니다.,329,아름다운 풍경,아름다운 풍경
멋진카페,이 카페의 핵심 특징은 멋진카페입니다.,319,멋진 카페,멋진 카페
기분 좋은 주말,이 카페의 핵심 특징은 기분 좋은 주말입니다.,279,주말 카페,주말 카페
배려,이 카페의 핵심 특징은 배려입니다.,46,배려,배려
편안하게 즐길 수 있는,이 카페의 핵심 특징은 편안하게 즐길 수 있는입니다.,294,편안한 분위기,편안한 분위기
크리스마스,이 카페의 핵심 특징은 크리스마스입니다.,187,크리스마스 분위기,크리스마스 분위기
조용하게 있기,이 카페의 핵심 특징은 조용하게 있기입니다.,217,조용한 카페,조용한 카페
따뜻하고 차분한 분위기,이 카페의 핵심 특징은 따뜻하고 차분한 분위기입니다.,164,따뜻한 분위기,따뜻한 분위기
생각정리,이 카페의 핵심 특징은 생각정리입니다.,95,혼자 공부하기,혼자 공부하기
좋아하는 사람 데려 갈 때,이 카페의 핵심 특징은 좋아하는 사람 데려 갈 때입니다.,-1,힐링 카페,좋아하는 사람 데려 갈 때
부담스럽지 않은 분위기,이 카페의 핵심 특징은 부담스럽지 않은 분위기입니다.,261,편안한 분위기,편안한 분위기
혼자서 있기,이 카페의 핵심 특징은 혼자서 있기입니다.,97,혼자 카페,혼자 카페
내부화장실,이 카페의 핵심 특징은 내부화장실입니다.,14,화장실,화장실
아기자기하고,이 카페의 핵심 특징은 아기자기하고입니다.,-1,힐링 카페,아기자기하고
친구와 얘기하기,이 카페의 핵심 특징은 친구와 얘기하기입니다.,61,친구와 대화하기,친구와 대화하기
영화보러갈때,이 카페의 핵심 특징은 영화보러갈때입니다.,332,,영화보러갈때
24시간 되는곳,이 카페의 핵심 특징은 24시간 되는곳입니다.,26,24시간 카페,24시간 카페
휴일,이 카페의 핵심 특징은 휴일입니다.,279,주말 카페,주말 카페
카페투어,이 카페의 핵심 특징은 카페투어입니다.,193,산책,산책
보물같은 장소,이 카페의 핵심 특징은 보물같은 장소입니다.,311,아늑한 카페,아늑한 카페
아늑하게,이 카페의 핵심 특징은 아늑하게입니다.,115,아늑한 카페,아늑한 카페
와이프,이 카페의 핵심 특징은 와이프입니다.,157,부부,부부
강아지 데리고 커피 마실 곳,이 카페의 핵심 특징은 강아지 데리고 커피 마실 곳입니다.,-1,힐링 카페,강아지 데리고 커피 마실 곳
맘에 들다,이 카페의 핵심 특징은 맘에 들다입니다.,338,매력,매력
따뜻하고 포근한 느낌,이 카페의 핵심 특징은 따뜻하고 포근한 느낌입니다.,164,따뜻한 분위기,따뜻한 분위기
강아지와 함께 가기,이 카페의 핵심 특징은 강아지와 함께 가기입니다.,49,애견동반,애견동반
애견동반가능한 카페,이 카페의 핵심 특징은 애견동반가능한 카페입니다.,47,애견동반 카페,애견동반 카페
잠깐 머물다 가기,이 카페의 핵심 특징은 잠깐 머물다 가기입니다.,260,머무르기 좋은 카페,머무르기 좋은 카페
에어콘,이 카페의 핵심 특징은 에어콘입니다.,349,,에어콘
감성사진,이 카페의 핵심 특징은 감성사진입니다.,218,감성카페,감성카페
예쁜 포장,이 카페의 핵심 특징은 예쁜 포장입니다.,172,포장,포장
혼자 여유 즐기기,이 카페의 핵심 특징은 혼자 여유 즐기기입니다.,74,혼자 커피,혼자 커피
아기와 강아지,이 카페의 핵심 특징은 아기와 강아지입니다.,-1,힐링 카페,아기와 강아지
독서타임,이 카페의 핵심 특징은 독서타임입니다.,231,독서,독서
화이트톤 인테리어,이 카페의 핵심 특징은 화이트톤 인테리어입니다.,118,블랙앤화이트 인테리어,블랙앤화이트 인테리어
원목 가구,이 카페의 핵심 특징은 원목 가구입니다.,348,원목 인테리어,원목 인테리어
식물들,이 카페의 핵심 특징은 식물들입니다.,317,식물 인테리어,식물 인테리어
나만 알고싶은 그런 카페,이 카페의 핵심 특징은 나만 알고싶은 그런 카페입니다.,8,나만 알고 싶은 카페,나만 알고 싶은 카페
여럿이서,이 카페의 핵심 특징은 여럿이서입니다.,317,식물 인테리어,식물 인테리어
어른이,이 카페의 핵심 특징은 어른이입니다.,75,어른,어른
여름 메뉴,이 카페의 핵심 특징은 여름 메뉴입니다.,129,여름 카페,여름 카페
좋은 스멜,이 카페의 핵심 특징은 좋은 스멜입니다.,109,귀여움,귀여움
카페인 중독자,이 카페의 핵심 특징은 카페인 중독자입니다.,365,커피 마니아,커피 마니아
발렌타인데이 선물,이 카페의 핵심 특징은 발렌타인데이 선물입니다.,224,,발렌타인데이 선물
지인들한테 선물하기,이 카페의 핵심 특징은 지인들한테 선물하기입니다.,209,선물,선물
혼자 공부하는 분들,이 카페의 핵심 특징은 혼자 공부하는 분들입니다.,94,혼자 공부하기,혼자 공부하기
얘기나누기,이 카페의 핵심 특징은 얘기나누기입니다.,114,,얘기나누기
아늑한 곳,이 카페의 핵심 특징은 아늑한 곳입니다.,115,아늑한 카페,아늑한 카페
쿠키,이 카페의 핵심 특징은 쿠키입니다.,229,디저트,디저트
책도 보기,이 카페의 핵심 특징은 책도 보기입니다.,283,독서,독서
다른 메뉴들 도전,이 카페의 핵심 특징은 다른 메뉴들 도전입니다.,128,,다른 메뉴들 도전
편하게 나와 책 읽기 딱 좋은 곳,이 카페의 핵심 특징은 편하게 나와 책 읽기 딱 좋은 곳입니다.,189,책읽기 좋은 카페,책읽기 좋은 카페
조명과 분위기,이 카페의 핵심 특징은 조명과 분위기입니다.,143,조명 분위기,조명 분위기
예쁘고 감각있는 카페,이 카페의 핵심 특징은 예쁘고 감각있는 카페입니다.,171,귀여운 카페,귀여운 카페
자주올것같다,이 카페의 핵심 특징은 자주올것같다입니다.,281,자주 방문,자주 방문
도림천 산책로,이 카페의 핵심 특징은 도림천 산책로입니다.,107,도림천,도림천
달달한게 땡길 때,이 카페의 핵심 특징은 달달한게 땡길 때입니다.,159,달달한 카페,달달한 카페
친구네 놀러,이 카페의 핵심 특징은 친구네 놀러입니다.,308,친구 만남,친구 만남
아기자기하게 귀엽다,이 카페의 핵심 특징은 아기자기하게 귀엽다입니다.,63,아기자기한 카페,아기자기한 카페
테이크아웃 컵,이 카페의 핵심 특징은 테이크아웃 컵입니다.,24,테이크아웃,테이크아웃
비오는날 분위기,이 카페의 핵심 특징은 비오는날 분위기입니다.,2,비오는 날,비오는 날
남구로에서 제일 정성 깃든 카페,이 카페의 핵심 특징은 남구로에서 제일 정성 깃든 카페입니다.,292,정감 있는 카페,정감 있는 카페
구로카페,이 카페의 핵심 특징은 구로카페입니다.,-1,힐링 카페,구로카페
거울 사진 맛집,이 카페의 핵심 특징은 거울 사진 맛집입니다.,13,,거울 사진 맛집
"1,2층","이 카페의 핵심 특징은 1,2층입니다.",333,층수,층수
식기류,이 카페의 핵심 특징은 식기류입니다.,361,,식기류
전신 거울,이 카페의 핵심 특징은 전신 거울입니다.,13,,전신 거울
밝고 예쁜 더리터 매장,이 카페의 핵심 특징은 밝고 예쁜 더리터 매장입니다.,182,청결한 매장,청결한 매장
출근할때,이 카페의 핵심 특징은 출근할때입니다.,162,출퇴근,출퇴근
가격대비 퀄리티,이 카페의 핵심 특징은 가격대비 퀄리티입니다.,-1,힐링 카페,가격대비 퀄리티
내실이 있는 정직한 카페,이 카페의 핵심 특징은 내실이 있는 정직한 카페입니다.,292,정감 있는 카페,정감 있는 카페
자주 이용하기,이 카페의 핵심 특징은 자주 이용하기입니다.,258,자주 이용하는 카페,자주 이용하는 카페
센스가 있는 카페,이 카페의 핵심 특징은 센스가 있는 카페입니다.,339,로맨틱 카페,로맨틱 카페
전반적으로,이 카페의 핵심 특징은 전반적으로입니다.,191,전체 카페,전체 카페
출근 전,이 카페의 핵심 특징은 출근 전입니다.,162,출퇴근,출퇴근
일 집중하기 좋은 카페,이 카페의 핵심 특징은 일 집중하기 좋은 카페입니다.,100,집중하기 좋은 카페,집중하기 좋은 카페
장미 테라스,이 카페의 핵심 특징은 장미 테라스입니다.,25,테라스,테라스
동네 사랑방 같은 카페,이 카페의 핵심 특징은 동네 사랑방 같은 카페입니다.,5,사랑방,사랑방
밝은 에너지,이 카페의 핵심 특징은 밝은 에너지입니다.,111,따뜻한 분위기,따뜻한 분위기
고즈넉함,이 카페의 핵심 특징은 고즈넉함입니다.,79,고즈넉한 분위기,고즈넉한 분위기
조용하게 휴식을 즐기기,이 카페의 핵심 특징은 조용하게 휴식을 즐기기입니다.,-1,힐링 카페,조용하게 휴식을 즐기기
산책코스,이 카페의 핵심 특징은 산책코스입니다.,193,산책,산책
새 소리,이 카페의 핵심 특징은 새 소리입니다.,85,,새 소리
숲속에 온것만같은,이 카페의 핵심 특징은 숲속에 온것만같은입니다.,312,숲속 카페,숲속 카페
예쁜 배경,이 카페의 핵심 특징은 예쁜 배경입니다.,327,예쁜 카페,예쁜 카페
조명 톤,이 카페의 핵심 특징은 조명 톤입니다.,143,조명 분위기,조명 분위기
난곡 할리스,이 카페의 핵심 특징은 난곡 할리스입니다.,98,난곡 할리스,난곡 할리스
가족끼리 외식,이 카페의 핵심 특징은 가족끼리 외식입니다.,161,가족 모임,가족 모임
아이가 원하는 메뉴,이 카페의 핵심 특징은 아이가 원하는 메뉴입니다.,175,키즈카페,키즈카페
독서실같다,이 카페의 핵심 특징은 독서실같다입니다.,210,독서실,독서실
3층 좌석,이 카페의 핵심 특징은 3층 좌석입니다.,12,,3층 좌석
개인석,이 카페의 핵심 특징은 개인석입니다.,263,단체 모임,단체 모임
집중 잘 되는곳,이 카페의 핵심 특징은 집중 잘 되는곳입니다.,100,집중하기 좋은 카페,집중하기 좋은 카페
혼자 노트북 작업,이 카페의 핵심 특징은 혼자 노트북 작업입니다.,88,혼자 노트북,혼자 노트북
좋은 느낌의 카페,이 카페의 핵심 특징은 좋은 느낌의 카페입니다.,-1,힐링 카페,좋은 느낌의 카페
업무 보러 올 때,이 카페의 핵심 특징은 업무 보러 올 때입니다.,303,작업,작업
주말 오전,이 카페의 핵심 특징은 주말 오전입니다.,279,주말 카페,주말 카페
공부할 수 있는 층,이 카페의 핵심 특징은 공부할 수 있는 층입니다.,199,공부할 공간,공부할 공간
상층,이 카페의 핵심 특징은 상층입니다.,297,층,층
3층건물,이 카페의 핵심 특징은 3층건물입니다.,12,,3층건물
도서실처럼 사용하는 분들,이 카페의 핵심 특징은 도서실처럼 사용하는 분들입니다.,210,독서실,독서실
대화형,이 카페의 핵심 특징은 대화형입니다.,247,대화,대화
그룹형,이 카페의 핵심 특징은 그룹형입니다.,263,단체 모임,단체 모임
공부형,이 카페의 핵심 특징은 공부형입니다.,-1,힐링 카페,공부형
덥고 습한 날,이 카페의 핵심 특징은 덥고 습한 날입니다.,7,더운 날,더운 날
쉬었다 가기,이 카페의 핵심 특징은 쉬었다 가기입니다.,300,쉬어가기,쉬어가기
을씨년스럽다,이 카페의 핵심 특징은 을씨년스럽다입니다.,251,,을씨년스럽다
조용조용한 분위기,이 카페의 핵심 특징은 조용조용한 분위기입니다.,146,조용한 분위기,조용한 분위기
자리 구성,이 카페의 핵심 특징은 자리 구성입니다.,174,자리,자리
2층 흡연실,이 카페의 핵심 특징은 2층 흡연실입니다.,151,,2층 흡연실
독서실 분위기,이 카페의 핵심 특징은 독서실 분위기입니다.,210,독서실,독서실
복잡하지 않다,이 카페의 핵심 특징은 복잡하지 않다입니다.,261,편안한 분위기,편안한 분위기
특징이 확실한 곳,이 카페의 핵심 특징은 특징이 확실한 곳입니다.,367,,특징이 확실한 곳
시험기간,이 카페의 핵심 특징은 시험기간입니다.,123,스터디카페,스터디카페
할리스 단독건물,이 카페의 핵심 특징은 할리스 단독건물입니다.,98,난곡 할리스,난곡 할리스
책을 읽기,이 카페의 핵심 특징은 책을 읽기입니다.,282,독서,독서
불친절함,이 카페의 핵심 특징은 불친절함입니다.,205,,불친절함
살풍경,이 카페의 핵심 특징은 살풍경입니다.,330,바깥 풍경,바깥 풍경
완벽한 카페,이 카페의 핵심 특징은 완벽한 카페입니다.,191,전체 카페,전체 카페
빵순이,이 카페의 핵심 특징은 빵순이입니다.,81,빵집,빵집
노래선곡,이 카페의 핵심 특징은 노래선곡입니다.,43,음악선곡,음악선곡
기분 좋은 시간,이 카페의 핵심 특징은 기분 좋은 시간입니다.,-1,힐링 카페,기분 좋은 시간
멀티탭,이 카페의 핵심 특징은 멀티탭입니다.,-1,힐링 카페,멀티탭
혼자 와서 책 읽기,이 카페의 핵심 특징은 혼자 와서 책 읽기입니다.,4,혼자 책읽기,혼자 책읽기
푸딩 비주얼,이 카페의 핵심 특징은 푸딩 비주얼입니다.,-1,힐링 카페,푸딩 비주얼
대화하기 좋다,이 카페의 핵심 특징은 대화하기 좋다입니다.,68,대화하기 좋은 카페,대화하기 좋은 카페
조용하고 집중하기 좋은 분위기,이 카페의 핵심 특징은 조용하고 집중하기 좋은 분위기입니다.,148,조용한 공부 분위기,조용한 공부 분위기
신경쓰는 모습,이 카페의 핵심 특징은 신경쓰는 모습입니다.,46,배려,배려
조용한 작업하기 좋은 곳,이 카페의 핵심 특징은 조용한 작업하기 좋은 곳입니다.,30,조용한 독서 공간,조용한 독서 공간
힐링하기 좋은 곳,이 카페의 핵심 특징은 힐링하기 좋은 곳입니다.,-1,힐링 카페,힐링하기 좋은 곳
차분하고 젠틀해진다,이 카페의 핵심 특징은 차분하고 젠틀해진다입니다.,155,차분한 분위기,차분한 분위기
로컬맛집,이 카페의 핵심 특징은 로컬맛집입니다.,53,,로컬맛집
기분 좋아지는,이 카페의 핵심 특징은 기분 좋아지는입니다.,90,기분전환 카페,기분전환 카페
신대방 최고의 카페,이 카페의 핵심 특징은 신대방 최고의 카페입니다.,91,신대방 카페,신대방 카페
신대방역 카페,이 카페의 핵심 특징은 신대방역 카페입니다.,91,신대방 카페,신대방 카페
허전한 카페,이 카페의 핵심 특징은 허전한 카페입니다.,-1,힐링 카페,허전한 카페
즐거운,이 카페의 핵심 특징은 즐거운입니다.,154,즐거운 분위기,즐거운 분위기
카페 음악,이 카페의 핵심 특징은 카페 음악입니다.,93,음악 분위기,음악 분위기
사장님의 방긋한 미소,이 카페의 핵심 특징은 사장님의 방긋한 미소입니다.,203,사장님,사장님
혼자만 알고 싶은 카페,이 카페의 핵심 특징은 혼자만 알고 싶은 카페입니다.,8,나만 알고 싶은 카페,나만 알고 싶은 카페
아름다운 카페,이 카페의 핵심 특징은 아름다운 카페입니다.,319,멋진 카페,멋진 카페
행복해지는 분위기,이 카페의 핵심 특징은 행복해지는 분위기입니다.,121,행복한 분위기,행복한 분위기
깔끔하고 고소하다,이 카페의 핵심 특징은 깔끔하고 고소하다입니다.,183,깔끔한 공간,깔끔한 공간
이야기 나누러오기,이 카페의 핵심 특징은 이야기 나누러오기입니다.,269,대화,대화
대박집,이 카페의 핵심 특징은 대박집입니다.,19,단골카페,단골카페
따뜻한 카페,이 카페의 핵심 특징은 따뜻한 카페입니다.,111,따뜻한 분위기,따뜻한 분위기
또 오고 싶은 곳,이 카페의 핵심 특징은 또 오고 싶은 곳입니다.,57,재방문 의사,재방문 의사
볼펜,이 카페의 핵심 특징은 볼펜입니다.,-1,힐링 카페,볼펜
카페니쉬,이 카페의 핵심 특징은 카페니쉬입니다.,370,커피,커피
매장 식사,이 카페의 핵심 특징은 매장 식사입니다.,356,,매장 식사
아이와 공부,이 카페의 핵심 특징은 아이와 공부입니다.,64,아이와 함께,아이와 함께
읍천리조용,이 카페의 핵심 특징은 읍천리조용입니다.,-1,힐링 카페,읍천리조용
감성 폭발,이 카페의 핵심 특징은 감성 폭발입니다.,218,감성카페,감성카페
펫프렌들리,이 카페의 핵심 특징은 펫프렌들리입니다.,96,반려동물 카페,반려동물 카페
간식타임,이 카페의 핵심 특징은 간식타임입니다.,286,간식,간식
날파리,이 카페의 핵심 특징은 날파리입니다.,-1,힐링 카페,날파리
1리터 보틀,이 카페의 핵심 특징은 1리터 보틀입니다.,-1,힐링 카페,1리터 보틀
창밖풍경,이 카페의 핵심 특징은 창밖풍경입니다.,330,바깥 풍경,바깥 풍경
비오는날,이 카페의 핵심 특징은 비오는날입니다.,2,비오는 날,비오는 날
시골 오두막,이 카페의 핵심 특징은 시골 오두막입니다.,-1,힐링 카페,시골 오두막
선선한 날씨,이 카페의 핵심 특징은 선선한 날씨입니다.,6,,선선한 날씨
데이트장소,이 카페의 핵심 특징은 데이트장소입니다.,120,데이트 장소,데이트 장소
읍천리,이 카페의 핵심 특징은 읍천리입니다.,-1,힐링 카페,읍천리
메뉴가 다양하다,이 카페의 핵심 특징은 메뉴가 다양하다입니다.,318,다양한 메뉴,다양한 메뉴
가볍게 먹고 싶을 때,이 카페의 핵심 특징은 가볍게 먹고 싶을 때입니다.,271,가벼운 식사,가벼운 식사
매장 내부 인테리어,이 카페의 핵심 특징은 매장 내부 인테리어입니다.,287,인테리어,인테리어
회사 코앞,이 카페의 핵심 특징은 회사 코앞입니다.,314,회사 근처,회사 근처
단골예약,이 카페의 핵심 특징은 단골예약입니다.,19,단골카페,단골카페
sns핫플 너낌,이 카페의 핵심 특징은 sns핫플 너낌입니다.,137,핫플레이스,핫플레이스
샌드위치,이 카페의 핵심 특징은 샌드위치입니다.,369,,샌드위치
보라매공원,이 카페의 핵심 특징은 보라매공원입니다.,312,숲속 카페,숲속 카페
시원함,이 카페의 핵심 특징은 시원함입니다.,138,시원한 분위기,시원한 분위기
편안한 인삿말,이 카페의 핵심 특징은 편안한 인삿말입니다.,294,편안한 분위기,편안한 분위기
아이들과 함께,이 카페의 핵심 특징은 아이들과 함께입니다.,64,아이와 함께,아이와 함께
친구와 같이,이 카페의 핵심 특징은 친구와 같이입니다.,307,친구와 함께,친구와 함께
마음이 편하다,이 카페의 핵심 특징은 마음이 편하다입니다.,302,편안한 분위기,편안한 분위기
6인테이블,이 카페의 핵심 특징은 6인테이블입니다.,275,단체 좌석,단체 좌석
4인테이블,이 카페의 핵심 특징은 4인테이블입니다.,275,단체 좌석,단체 좌석
따듯함,이 카페의 핵심 특징은 따듯함입니다.,111,따뜻한 분위기,따뜻한 분위기
쉬기,이 카페의 핵심 특징은 쉬기입니다.,299,휴식,휴식
행복해지는 맛,이 카페의 핵심 특징은 행복해지는 맛입니다.,121,행복한 분위기,행복한 분위기
아늑하니,이 카페의 핵심 특징은 아늑하니입니다.,115,아늑한 카페,아늑한 카페
최애 디저트 카페,이 카페의 핵심 특징은 최애 디저트 카페입니다.,18,디저트 카페,디저트 카페
예쁜 박스,이 카페의 핵심 특징은 예쁜 박스입니다.,172,포장,포장
이야기 하기 좋은 분위기,이 카페의 핵심 특징은 이야기 하기 좋은 분위기입니다.,68,대화하기 좋은 카페,대화하기 좋은 카페
부드럽다,이 카페의 핵심 특징은 부드럽다입니다.,254,포근한 분위기,포근한 분위기
또 가고싶은곳,이 카페의 핵심 특징은 또 가고싶은곳입니다.,57,재방문 의사,재방문 의사
기대되는 곳,이 카페의 핵심 특징은 기대되는 곳입니다.,316,대기,대기
갬성적,이 카페의 핵심 특징은 갬성적입니다.,226,갬성 카페,갬성 카페
아담하고 아기자기한,이 카페의 핵심 특징은 아담하고 아기자기한입니다.,71,아기자기한 카페,아기자기한 카페
회사직원,이 카페의 핵심 특징은 회사직원입니다.,232,직원들,직원들
4살 꼬마,이 카페의 핵심 특징은 4살 꼬마입니다.,175,키즈카페,키즈카페
아기자기한카페,이 카페의 핵심 특징은 아기자기한카페입니다.,63,아기자기한 카페,아기자기한 카페
가성비 좋은 동네 커피 맛집,이 카페의 핵심 특징은 가성비 좋은 동네 커피 맛집입니다.,54,가성비 카페,가성비 카페
대구사람,이 카페의 핵심 특징은 대구사람입니다.,242,,대구사람
백억커피,이 카페의 핵심 특징은 백억커피입니다.,-1,힐링 카페,백억커피
팝콘,이 카페의 핵심 특징은 팝콘입니다.,-1,힐링 카페,팝콘
편한 곳,이 카페의 핵심 특징은 편한 곳입니다.,221,편안한 공간,편안한 공간
엔젤리너스 구디점,이 카페의 핵심 특징은 엔젤리너스 구디점입니다.,368,,엔젤리너스 구디점
대화가 거슬리지 않다,이 카페의 핵심 특징은 대화가 거슬리지 않다입니다.,135,조용한 분위기,조용한 분위기
1인 바 자리,이 카페의 핵심 특징은 1인 바 자리입니다.,342,1인 자리,1인 자리
이용,이 카페의 핵심 특징은 이용입니다.,241,이용하기 좋은 카페,이용하기 좋은 카페
구디점,이 카페의 핵심 특징은 구디점입니다.,368,,구디점
만남,이 카페의 핵심 특징은 만남입니다.,214,만남의 장소,만남의 장소
전철이나 버스타기전,이 카페의 핵심 특징은 전철이나 버스타기전입니다.,86,,전철이나 버스타기전
은근 넓다,이 카페의 핵심 특징은 은근 넓다입니다.,358,넓은 공간,넓은 공간
소리가 섞이지 않다,이 카페의 핵심 특징은 소리가 섞이지 않다입니다.,135,조용한 분위기,조용한 분위기
조용히 커피만 마시기,이 카페의 핵심 특징은 조용히 커피만 마시기입니다.,146,조용한 분위기,조용한 분위기
안에자리,이 카페의 핵심 특징은 안에자리입니다.,335,안쪽 자리,안쪽 자리
정감,이 카페의 핵심 특징은 정감입니다.,292,정감 있는 카페,정감 있는 카페
조용히 커피마시기 좋은 분위기,이 카페의 핵심 특징은 조용히 커피마시기 좋은 분위기입니다.,146,조용한 분위기,조용한 분위기
포장상태,이 카페의 핵심 특징은 포장상태입니다.,172,포장,포장
짱구 스티커,이 카페의 핵심 특징은 짱구 스티커입니다.,353,,짱구 스티커
운동 후 방문,이 카페의 핵심 특징은 운동 후 방문입니다.,163,운동 후 방문,운동 후 방문
서원역 빽다방,이 카페의 핵심 특징은 서원역 빽다방입니다.,152,빽다방,빽다방
빠르다,이 카페의 핵심 특징은 빠르다입니다.,-1,힐링 카페,빠르다
밥대신 먹는거,이 카페의 핵심 특징은 밥대신 먹는거입니다.,-1,힐링 카페,밥대신 먹는거
동네빵집st,이 카페의 핵심 특징은 동네빵집st입니다.,66,동네빵집,동네빵집
시원촉촉상큼하다,이 카페의 핵심 특징은 시원촉촉상큼하다입니다.,169,상큼한 맛,상큼한 맛
건강하게 맛있는 빵집,이 카페의 핵심 특징은 건강하게 맛있는 빵집입니다.,40,,건강하게 맛있는 빵집
자주 가고싶은곳,이 카페의 핵심 특징은 자주 가고싶은곳입니다.,280,자주 가고 싶은 카페,자주 가고 싶은 카페
베이커리,이 카페의 핵심 특징은 베이커리입니다.,230,베이커리,베이커리
찐맛집,이 카페의 핵심 특징은 찐맛집입니다.,53,,찐맛집
건강하고 싱싱한 빵집,이 카페의 핵심 특징은 건강하고 싱싱한 빵집입니다.,40,,건강하고 싱싱한 빵집
입이 호강하다,이 카페의 핵심 특징은 입이 호강하다입니다.,219,,입이 호강하다
동네 빵집,이 카페의 핵심 특징은 동네 빵집입니다.,66,동네빵집,동네빵집
신대방,이 카페의 핵심 특징은 신대방입니다.,91,신대방 카페,신대방 카페
작은 빵집,이 카페의 핵심 특징은 작은 빵집입니다.,82,작은 빵집,작은 빵집
건강하고 맛있는 동네 빵집,이 카페의 핵심 특징은 건강하고 맛있는 동네 빵집입니다.,40,,건강하고 맛있는 동네 빵집
선물포장,이 카페의 핵심 특징은 선물포장입니다.,209,선물,선물
깔끔한 비주얼,이 카페의 핵심 특징은 깔끔한 비주얼입니다.,278,깔끔한 카페,깔끔한 카페
따뜻한 빵집,이 카페의 핵심 특징은 따뜻한 빵집입니다.,81,빵집,빵집
빵쇼핑,이 카페의 핵심 특징은 빵쇼핑입니다.,81,빵집,빵집
날씨,이 카페의 핵심 특징은 날씨입니다.,6,,날씨
귀엽고 예쁜,이 카페의 핵심 특징은 귀엽고 예쁜입니다.,171,귀여운 카페,귀여운 카페
답례품카페,이 카페의 핵심 특징은 답례품카페입니다.,209,선물,선물
예쁜카페,이 카페의 핵심 특징은 예쁜카페입니다.,320,예쁜 카페,예쁜 카페
행복한,이 카페의 핵심 특징은 행복한입니다.,121,행복한 분위기,행복한 분위기
요근처 카페,이 카페의 핵심 특징은 요근처 카페입니다.,272,집근처 카페,집근처 카페
아름다운 풍경,이 카페의 핵심 특징은 아름다운 풍경입니다.,329,아름다운 풍경,아름다운 풍경
짐 두고 일보고 오시는 분들,이 카페의 핵심 특징은 짐 두고 일보고 오시는 분들입니다.,303,작업,작업
청년주택,이 카페의 핵심 특징은 청년주택입니다.,104,,청년주택
칸막이 책상,이 카페의 핵심 특징은 칸막이 책상입니다.,274,칸막이 좌석,칸막이 좌석
소파테이블,이 카페의 핵심 특징은 소파테이블입니다.,106,소파자리,소파자리
스터디카페의 느낌,이 카페의 핵심 특징은 스터디카페의 느낌입니다.,123,스터디카페,스터디카페
조명이 약하다,이 카페의 핵심 특징은 조명이 약하다입니다.,142,어두운 분위기,어두운 분위기
밖의 풍경,이 카페의 핵심 특징은 밖의 풍경입니다.,330,바깥 풍경,바깥 풍경
중간고사 준비,이 카페의 핵심 특징은 중간고사 준비입니다.,-1,힐링 카페,중간고사 준비
창가쪽,이 카페의 핵심 특징은 창가쪽입니다.,3,창가자리,창가자리
자격시험 준비,이 카페의 핵심 특징은 자격시험 준비입니다.,-1,힐링 카페,자격시험 준비
조용한 독서실,이 카페의 핵심 특징은 조용한 독서실입니다.,30,조용한 독서 공간,조용한 독서 공간
오픈한 스타벅스,이 카페의 핵심 특징은 오픈한 스타벅스입니다.,353,,오픈한 스타벅스
야외테이블,이 카페의 핵심 특징은 야외테이블입니다.,321,야외 좌석,야외 좌석
2~3명 친구들,이 카페의 핵심 특징은 2~3명 친구들입니다.,275,단체 좌석,단체 좌석
식시간,이 카페의 핵심 특징은 식시간입니다.,296,타임,타임
공부할 수 있는 공간,이 카페의 핵심 특징은 공부할 수 있는 공간입니다.,199,공부할 공간,공부할 공간
시간 보내는 곳,이 카페의 핵심 특징은 시간 보내는 곳입니다.,257,시간 보내기 좋은 곳,시간 보내기 좋은 곳
넓은 느낌,이 카페의 핵심 특징은 넓은 느낌입니다.,-1,힐링 카페,넓은 느낌
할일하기,이 카페의 핵심 특징은 할일하기입니다.,303,작업,작업
테이크아웃 커피,이 카페의 핵심 특징은 테이크아웃 커피입니다.,24,테이크아웃,테이크아웃
매력,이 카페의 핵심 특징은 매력입니다.,338,매력,매력
삭막한 캠퍼스,이 카페의 핵심 특징은 삭막한 캠퍼스입니다.,-1,힐링 카페,삭막한 캠퍼스
사람,이 카페의 핵심 특징은 사람입니다.,242,,사람
예쁨가득한 곳,이 카페의 핵심 특징은 예쁨가득한 곳입니다.,121,행복한 분위기,행복한 분위기
편안하게 쉼을 하는곳,이 카페의 핵심 특징은 편안하게 쉼을 하는곳입니다.,227,편안한 휴식,편안한 휴식
3층 건물,이 카페의 핵심 특징은 3층 건물입니다.,12,,3층 건물
야외 숲,이 카페의 핵심 특징은 야외 숲입니다.,321,야외 좌석,야외 좌석
주차자리,이 카페의 핵심 특징은 주차자리입니다.,72,,주차자리
조용한 장소,이 카페의 핵심 특징은 조용한 장소입니다.,216,조용한 카페,조용한 카페
시원한 장소,이 카페의 핵심 특징은 시원한 장소입니다.,138,시원한 분위기,시원한 분위기
숲속에 있는거 같은 분위기,이 카페의 핵심 특징은 숲속에 있는거 같은 분위기입니다.,312,숲속 카페,숲속 카페
통창 바로 앞이 숲,이 카페의 핵심 특징은 통창 바로 앞이 숲입니다.,322,통유리 카페,통유리 카페
통유리창,이 카페의 핵심 특징은 통유리창입니다.,322,통유리 카페,통유리 카페
화창한 날씨,이 카페의 핵심 특징은 화창한 날씨입니다.,6,,화창한 날씨
산뷰,이 카페의 핵심 특징은 산뷰입니다.,237,뷰,뷰
힐링하는 기분,이 카페의 핵심 특징은 힐링하는 기분입니다.,41,힐링 카페,힐링 카페
엘베,이 카페의 핵심 특징은 엘베입니다.,331,에스프레소,에스프레소
숲 속 카페 같은 분위기,이 카페의 핵심 특징은 숲 속 카페 같은 분위기입니다.,312,숲속 카페,숲속 카페
압튼 분위기,이 카페의 핵심 특징은 압튼 분위기입니다.,127,카페 분위기,카페 분위기
지인들 모임,이 카페의 핵심 특징은 지인들 모임입니다.,51,지인 모임,지인 모임
고양이들이 뛰노는 것,이 카페의 핵심 특징은 고양이들이 뛰노는 것입니다.,96,반려동물 카페,반려동물 카페
깨끗하고 넓다,이 카페의 핵심 특징은 깨끗하고 넓다입니다.,202,넓고 깨끗한 분위기,넓고 깨끗한 분위기
과실나무,이 카페의 핵심 특징은 과실나무입니다.,317,식물 인테리어,식물 인테리어
5층,이 카페의 핵심 특징은 5층입니다.,110,,5층
독립서점,이 카페의 핵심 특징은 독립서점입니다.,264,프라이빗 공간,프라이빗 공간
힐링하는 카페,이 카페의 핵심 특징은 힐링하는 카페입니다.,41,힐링 카페,힐링 카페
단독건물,이 카페의 핵심 특징은 단독건물입니다.,97,혼자 카페,혼자 카페
2.5층,이 카페의 핵심 특징은 2.5층입니다.,110,,2.5층
3.5층,이 카페의 핵심 특징은 3.5층입니다.,110,,3.5층
혼잡하다,이 카페의 핵심 특징은 혼잡하다입니다.,83,시끄러운 분위기,시끄러운 분위기
숲속뷰,이 카페의 핵심 특징은 숲속뷰입니다.,238,숲뷰,숲뷰
산배경,이 카페의 핵심 특징은 산배경입니다.,312,숲속 카페,숲속 카페
자주 방문하는 곳,이 카페의 핵심 특징은 자주 방문하는 곳입니다.,280,자주 가고 싶은 카페,자주 가고 싶은 카페
깨끗하고 넓고 좋다,이 카페의 핵심 특징은 깨끗하고 넓고 좋다입니다.,202,넓고 깨끗한 분위기,넓고 깨끗한 분위기
베이킹 수업,이 카페의 핵심 특징은 베이킹 수업입니다.,230,베이커리,베이커리
동네에서 제일좋은 카페,이 카페의 핵심 특징은 동네에서 제일좋은 카페입니다.,192,동네카페,동네카페
산쪽뷰,이 카페의 핵심 특징은 산쪽뷰입니다.,-1,힐링 카페,산쪽뷰
둘이,이 카페의 핵심 특징은 둘이입니다.,56,둘이,둘이
기분 좋은 하루,이 카페의 핵심 특징은 기분 좋은 하루입니다.,-1,힐링 카페,기분 좋은 하루
동네카페뷰,이 카페의 핵심 특징은 동네카페뷰입니다.,192,동네카페,동네카페
은근히 숨은 듯한 카페,이 카페의 핵심 특징은 은근히 숨은 듯한 카페입니다.,334,숨은 카페,숨은 카페
사운드,이 카페의 핵심 특징은 사운드입니다.,85,,사운드
비올때 가도 좋은,이 카페의 핵심 특징은 비올때 가도 좋은입니다.,2,비오는 날,비오는 날
눈과 마음이 편안해지다,이 카페의 핵심 특징은 눈과 마음이 편안해지다입니다.,302,편안한 분위기,편안한 분위기
조용하고 넓고 깨끗한,이 카페의 핵심 특징은 조용하고 넓고 깨끗한입니다.,156,조용하고 쾌적한,조용하고 쾌적한
스킵플로어 인테리어,이 카페의 핵심 특징은 스킵플로어 인테리어입니다.,359,카페 인테리어,카페 인테리어
.5층,이 카페의 핵심 특징은 .5층입니다.,110,,.5층
사진찍을 공간,이 카페의 핵심 특징은 사진찍을 공간입니다.,17,사진찍기,사진찍기
회의실,이 카페의 핵심 특징은 회의실입니다.,213,회의실,회의실
개인독서존,이 카페의 핵심 특징은 개인독서존입니다.,264,프라이빗 공간,프라이빗 공간
시즌 느낌,이 카페의 핵심 특징은 시즌 느낌입니다.,-1,힐링 카페,시즌 느낌
지하 공간,이 카페의 핵심 특징은 지하 공간입니다.,58,지하 공간,지하 공간
세미나실,이 카페의 핵심 특징은 세미나실입니다.,213,회의실,회의실
신림마당,이 카페의 핵심 특징은 신림마당입니다.,166,신림카페,신림카페
1층 룸,이 카페의 핵심 특징은 1층 룸입니다.,298,1층 카페,1층 카페
화이트보드,이 카페의 핵심 특징은 화이트보드입니다.,118,블랙앤화이트 인테리어,블랙앤화이트 인테리어
회의,이 카페의 핵심 특징은 회의입니다.,213,회의실,회의실
쾌적하고 조용하고 아늑한,이 카페의 핵심 특징은 쾌적하고 조용하고 아늑한입니다.,156,조용하고 쾌적한,조용하고 쾌적한
혼자 아침먹기,이 카페의 핵심 특징은 혼자 아침먹기입니다.,9,혼자 먹기,혼자 먹기
책읽는 분위기,이 카페의 핵심 특징은 책읽는 분위기입니다.,282,독서,독서
커피한 잔 생각날 때,이 카페의 핵심 특징은 커피한 잔 생각날 때입니다.,350,커피 한잔,커피 한잔
카페의 모든 공간,이 카페의 핵심 특징은 카페의 모든 공간입니다.,191,전체 카페,전체 카페
대화소리,이 카페의 핵심 특징은 대화소리입니다.,247,대화,대화
노트북작업,이 카페의 핵심 특징은 노트북작업입니다.,21,노트북 작업,노트북 작업
많은 사람들과 함께하기,이 카페의 핵심 특징은 많은 사람들과 함께하기입니다.,315,단체 이용,단체 이용
아침브런치,이 카페의 핵심 특징은 아침브런치입니다.,285,브런치,브런치
책장,이 카페의 핵심 특징은 책장입니다.,-1,힐링 카페,책장
로컬 브랜드 관련 책들,이 카페의 핵심 특징은 로컬 브랜드 관련 책들입니다.,53,,로컬 브랜드 관련 책들
달달하다,이 카페의 핵심 특징은 달달하다입니다.,159,달달한 카페,달달한 카페
존맛,이 카페의 핵심 특징은 존맛입니다.,293,맛,맛
늦은 저녁,이 카페의 핵심 특징은 늦은 저녁입니다.,134,늦은 시간 카페,늦은 시간 카페
뚜껑,이 카페의 핵심 특징은 뚜껑입니다.,363,컵,컵
영양간식,이 카페의 핵심 특징은 영양간식입니다.,286,간식,간식
개맛있다,이 카페의 핵심 특징은 개맛있다입니다.,293,맛,맛
그릭요거트,이 카페의 핵심 특징은 그릭요거트입니다.,273,,그릭요거트
간단한 디저트,이 카페의 핵심 특징은 간단한 디저트입니다.,18,디저트 카페,디저트 카페
오늘의 명언 스티커,이 카페의 핵심 특징은 오늘의 명언 스티커입니다.,353,,오늘의 명언 스티커
얼음 낭낭,이 카페의 핵심 특징은 얼음 낭낭입니다.,-1,힐링 카페,얼음 낭낭
햇빛이 잘드는곳,이 카페의 핵심 특징은 햇빛이 잘드는곳입니다.,112,햇살 좋은 카페,햇살 좋은 카페
강의 듣기전,이 카페의 핵심 특징은 강의 듣기전입니다.,198,공부하기,공부하기
가성비 최고 카페,이 카페의 핵심 특징은 가성비 최고 카페입니다.,54,가성비 카페,가성비 카페
단골커피집,이 카페의 핵심 특징은 단골커피집입니다.,19,단골카페,단골카페
컵디자인,이 카페의 핵심 특징은 컵디자인입니다.,363,컵,컵
결제시스템,이 카페의 핵심 특징은 결제시스템입니다.,291,키오스크,키오스크
홀더,이 카페의 핵심 특징은 홀더입니다.,44,홀더,홀더
맞춤형 카페,이 카페의 핵심 특징은 맞춤형 카페입니다.,370,커피,커피
